slug,in_case_index,theme,year,category,rank,link_kind,url,domain,flag,already_in_skill
bengaliai-speech,1,audio,2023,Research,1,description,https://www.kaggle.com/c/bengaliai-speech/discussion/447961,www.kaggle.com,,1
bengaliai-speech,1,audio,2023,Research,2,description,https://www.kaggle.com/c/bengaliai-speech/discussion/447976,www.kaggle.com,,1
bengaliai-speech,1,audio,2023,Research,3,description,https://www.kaggle.com/c/bengaliai-speech/discussion/447957,www.kaggle.com,,1
bengaliai-speech,1,audio,2023,Research,4,description,https://www.kaggle.com/c/bengaliai-speech/discussion/447995,www.kaggle.com,,0
bengaliai-speech,1,audio,2023,Research,5,description,https://www.kaggle.com/c/bengaliai-speech/discussion/448006,www.kaggle.com,,1
bengaliai-speech,1,audio,2023,Research,7,description,https://www.kaggle.com/c/bengaliai-speech/discussion/448074,www.kaggle.com,,0
bengaliai-speech,1,audio,2023,Research,10,description,https://www.kaggle.com/c/bengaliai-speech/discussion/448126,www.kaggle.com,,0
bengaliai-speech,1,audio,2023,Research,11,description,https://www.kaggle.com/c/bengaliai-speech/discussion/447986,www.kaggle.com,,0
bengaliai-speech,1,audio,2023,Research,14,description,https://www.kaggle.com/c/bengaliai-speech/discussion/447965,www.kaggle.com,,0
bengaliai-speech,1,audio,2023,Research,20,description,https://www.kaggle.com/c/bengaliai-speech/discussion/448066,www.kaggle.com,,0
bengaliai-speech,1,audio,2023,Research,22,description,https://www.kaggle.com/c/bengaliai-speech/discussion/448119,www.kaggle.com,,0
bengaliai-speech,1,audio,2023,Research,23,description,https://www.kaggle.com/c/bengaliai-speech/discussion/448343,www.kaggle.com,,0
bengaliai-speech,1,audio,2023,Research,24,description,https://www.kaggle.com/c/bengaliai-speech/discussion/450606,www.kaggle.com,,0
bengaliai-speech,1,audio,2023,Research,31,description,https://www.kaggle.com/c/bengaliai-speech/discussion/448030,www.kaggle.com,,0
bengaliai-speech,1,audio,2023,Research,40,description,https://www.kaggle.com/c/bengaliai-speech/discussion/450531,www.kaggle.com,,0
bengaliai-speech,1,audio,2023,Research,44,description,https://www.kaggle.com/c/bengaliai-speech/discussion/450635,www.kaggle.com,,1
birdclef-2022,1,audio,2022,Research,1,code,https://www.kaggle.com/c/birdclef-2022/discussion/327047,www.kaggle.com,,1
birdclef-2022,1,audio,2022,Research,2,code,https://www.kaggle.com/c/birdclef-2022/discussion/326950,www.kaggle.com,,1
birdclef-2022,1,audio,2022,Research,3,code,https://www.kaggle.com/c/birdclef-2022/discussion/327193,www.kaggle.com,,1
birdclef-2022,1,audio,2022,Research,4,description,https://www.kaggle.com/c/birdclef-2022/discussion/326987,www.kaggle.com,,0
birdclef-2022,1,audio,2022,Research,5,description,https://www.kaggle.com/c/birdclef-2022/discussion/327044,www.kaggle.com,,0
birdclef-2022,1,audio,2022,Research,6,description,https://www.kaggle.com/c/birdclef-2022/discussion/327187,www.kaggle.com,,0
birdclef-2022,1,audio,2022,Research,7,description,https://www.kaggle.com/c/birdclef-2022/discussion/326973,www.kaggle.com,,0
birdclef-2022,1,audio,2022,Research,8,description,https://www.kaggle.com/c/birdclef-2022/discussion/327019,www.kaggle.com,,0
birdclef-2022,1,audio,2022,Research,9,description,https://www.kaggle.com/c/birdclef-2022/discussion/326968,www.kaggle.com,,0
birdclef-2022,1,audio,2022,Research,11,description,https://www.kaggle.com/c/birdclef-2022/discussion/326979,www.kaggle.com,,0
birdclef-2022,1,audio,2022,Research,13,description,https://www.kaggle.com/c/birdclef-2022/discussion/326990,www.kaggle.com,,0
birdclef-2022,1,audio,2022,Research,15,description,https://www.kaggle.com/c/birdclef-2022/discussion/327393,www.kaggle.com,,0
birdclef-2022,1,audio,2022,Research,17,description,https://www.kaggle.com/c/birdclef-2022/discussion/326933,www.kaggle.com,,0
birdclef-2022,1,audio,2022,Research,19,description,https://www.kaggle.com/c/birdclef-2022/discussion/327175,www.kaggle.com,,0
birdclef-2022,1,audio,2022,Research,23,description,https://www.kaggle.com/c/birdclef-2022/discussion/327046,www.kaggle.com,,0
birdclef-2022,1,audio,2022,Research,43,description,https://www.kaggle.com/c/birdclef-2022/discussion/327118,www.kaggle.com,,0
birdclef-2022,1,audio,2022,Research,50,description,https://www.kaggle.com/c/birdclef-2022/discussion/327217,www.kaggle.com,,0
birdclef-2023,1,audio,2023,Research,1,description,https://www.kaggle.com/c/birdclef-2023/discussion/412808,www.kaggle.com,,1
birdclef-2023,1,audio,2023,Research,2,description,https://www.kaggle.com/c/birdclef-2023/discussion/412707,www.kaggle.com,,1
birdclef-2023,1,audio,2023,Research,3,description,https://www.kaggle.com/c/birdclef-2023/discussion/414102,www.kaggle.com,,0
birdclef-2023,1,audio,2023,Research,4,description,https://www.kaggle.com/c/birdclef-2023/discussion/412753,www.kaggle.com,,1
birdclef-2023,1,audio,2023,Research,5,description,https://www.kaggle.com/c/birdclef-2023/discussion/412903,www.kaggle.com,,0
birdclef-2023,1,audio,2023,Research,6,description,https://www.kaggle.com/c/birdclef-2023/discussion/412708,www.kaggle.com,,0
birdclef-2023,1,audio,2023,Research,7,description,https://www.kaggle.com/c/birdclef-2023/discussion/412922,www.kaggle.com,,1
birdclef-2023,1,audio,2023,Research,9,description,https://www.kaggle.com/c/birdclef-2023/discussion/412794,www.kaggle.com,,0
birdclef-2023,1,audio,2023,Research,20,description,https://www.kaggle.com/c/birdclef-2023/discussion/412742,www.kaggle.com,,0
birdclef-2023,1,audio,2023,Research,24,description,https://www.kaggle.com/c/birdclef-2023/discussion/412996,www.kaggle.com,,0
birdclef-2023,1,audio,2023,Research,37,description,https://www.kaggle.com/c/birdclef-2023/discussion/412869,www.kaggle.com,,0
birdclef-2025,1,audio,2025,Research,1,description,https://www.kaggle.com/c/birdclef-2025/discussion/583577,www.kaggle.com,,1
birdclef-2025,1,audio,2025,Research,2,description,https://www.kaggle.com/c/birdclef-2025/discussion/583699,www.kaggle.com,,1
birdclef-2025,1,audio,2025,Research,3,description,https://www.kaggle.com/c/birdclef-2025/discussion/583477,www.kaggle.com,,0
birdclef-2025,1,audio,2025,Research,4,description,https://www.kaggle.com/c/birdclef-2025/discussion/584034,www.kaggle.com,,0
birdclef-2025,1,audio,2025,Research,5,description,https://www.kaggle.com/c/birdclef-2025/discussion/583312,www.kaggle.com,,1
birdclef-2025,1,audio,2025,Research,6,description,https://www.kaggle.com/c/birdclef-2025/discussion/583381,www.kaggle.com,,0
birdclef-2025,1,audio,2025,Research,7,description,https://www.kaggle.com/c/birdclef-2025/discussion/584015,www.kaggle.com,,0
birdclef-2025,1,audio,2025,Research,9,description,https://www.kaggle.com/c/birdclef-2025/discussion/583365,www.kaggle.com,,0
birdclef-2025,1,audio,2025,Research,10,description,https://www.kaggle.com/c/birdclef-2025/discussion/583310,www.kaggle.com,,0
birdclef-2025,1,audio,2025,Research,11,description,https://www.kaggle.com/c/birdclef-2025/discussion/583384,www.kaggle.com,,0
birdclef-2025,1,audio,2025,Research,12,description,https://www.kaggle.com/c/birdclef-2025/discussion/583592,www.kaggle.com,,0
birdclef-2025,1,audio,2025,Research,13,description,https://www.kaggle.com/c/birdclef-2025/discussion/583457,www.kaggle.com,,0
birdclef-2025,1,audio,2025,Research,14,description,https://www.kaggle.com/c/birdclef-2025/discussion/583344,www.kaggle.com,,0
birdclef-2025,1,audio,2025,Research,26,description,https://www.kaggle.com/c/birdclef-2025/discussion/583306,www.kaggle.com,,0
birdclef-2025,1,audio,2025,Research,28,description,https://www.kaggle.com/c/birdclef-2025/discussion/583377,www.kaggle.com,,0
birdclef-2025,1,audio,2025,Research,29,description,https://www.kaggle.com/c/birdclef-2025/discussion/583387,www.kaggle.com,,0
birdclef-2025,1,audio,2025,Research,38,description,https://www.kaggle.com/c/birdclef-2025/discussion/583447,www.kaggle.com,,0
birdclef-2026,1,audio,2026,Research,1,description,https://www.kaggle.com/c/birdclef-2026/writeups/1st-place-solution-noisy-student-meets-distillati,www.kaggle.com,,0
birdclef-2026,1,audio,2026,Research,2,description,https://www.kaggle.com/c/birdclef-2026/writeups/2nd-place-diverse-ensemble-with-pseudo-labeling-a,www.kaggle.com,,0
birdclef-2026,1,audio,2026,Research,3,description,https://www.kaggle.com/c/birdclef-2026/writeups/3rd-place-solution,www.kaggle.com,,0
birdclef-2026,1,audio,2026,Research,4,description,https://www.kaggle.com/c/birdclef-2026/writeups/4-th-place-solution,www.kaggle.com,,0
birdclef-2026,1,audio,2026,Research,5,description,https://www.kaggle.com/c/birdclef-2026/writeups/5th-place-solution-both-are-all-you-need,www.kaggle.com,,0
birdclef-2026,1,audio,2026,Research,6,description,https://www.kaggle.com/c/birdclef-2026/writeups/6th-place-solution,www.kaggle.com,,0
birdclef-2026,1,audio,2026,Research,7,description,https://www.kaggle.com/c/birdclef-2026/writeups/2026-birdclef-7th-solution,www.kaggle.com,,0
birdclef-2026,1,audio,2026,Research,8,description,https://www.kaggle.com/c/birdclef-2026/writeups/8th-place-solution,www.kaggle.com,,0
birdclef-2026,1,audio,2026,Research,9,description,https://www.kaggle.com/c/birdclef-2026/writeups/private-9th-public-2nd-solution,www.kaggle.com,,0
birdclef-2026,1,audio,2026,Research,10,description,https://www.kaggle.com/c/birdclef-2026/writeups/10th-solution-simple-model-as-always,www.kaggle.com,,0
birdclef-2026,1,audio,2026,Research,11,description,https://www.kaggle.com/c/birdclef-2026/writeups/704258,www.kaggle.com,,0
birdclef-2026,1,audio,2026,Research,12,description,https://www.kaggle.com/c/birdclef-2026/writeups/12th-place-solution-mixmax-regularization,www.kaggle.com,,0
birdclef-2026,1,audio,2026,Research,13,description,https://www.kaggle.com/c/birdclef-2026/writeups/13th-solution,www.kaggle.com,,0
birdclef-2026,1,audio,2026,Research,14,description,https://www.kaggle.com/c/birdclef-2026/writeups/14th-place-solo-gold-solution,www.kaggle.com,,0
birdclef-2026,1,audio,2026,Research,16,description,https://www.kaggle.com/c/birdclef-2026/writeups/16th-place-solution,www.kaggle.com,,0
birdclef-2026,1,audio,2026,Research,17,description,https://www.kaggle.com/c/birdclef-2026/writeups/not-just-birds-cross-mutation-distillation-meets,www.kaggle.com,,0
birdclef-2026,1,audio,2026,Research,18,description,https://www.kaggle.com/c/birdclef-2026/writeups/birdclef-2026-18th-place-solution-ensemble-is-all,www.kaggle.com,,0
birdclef-2026,1,audio,2026,Research,19,description,https://www.kaggle.com/c/birdclef-2026/writeups/birdclef-2026-solution-writeup-19th-place-sel,www.kaggle.com,,0
birdclef-2026,1,audio,2026,Research,22,description,https://www.kaggle.com/c/birdclef-2026/writeups/22nd-place-solution,www.kaggle.com,,0
birdclef-2026,1,audio,2026,Research,24,description,https://www.kaggle.com/c/birdclef-2026/writeups/private-24th-solution,www.kaggle.com,,0
birdclef-2026,1,audio,2026,Research,26,description,https://www.kaggle.com/c/birdclef-2026/writeups/26th-place-solution,www.kaggle.com,,0
birdclef-2026,1,audio,2026,Research,27,description,https://www.kaggle.com/c/birdclef-2026/writeups/27th-place-solution,www.kaggle.com,,0
birdclef-2026,1,audio,2026,Research,27,description,https://www.kaggle.com/c/birdclef-2026/writeups/listen-to-the-pantanal,www.kaggle.com,,0
birdclef-2026,1,audio,2026,Research,33,description,https://www.kaggle.com/c/birdclef-2026/writeups/33th-place-solution-including-manually-data-cleani,www.kaggle.com,,0
UBC-OCEAN,1,cv,2024,Research,2,description,https://www.kaggle.com/c/UBC-OCEAN/discussion/465410,www.kaggle.com,,0
UBC-OCEAN,1,cv,2024,Research,3,description,https://www.kaggle.com/c/UBC-OCEAN/discussion/465527,www.kaggle.com,,0
UBC-OCEAN,1,cv,2024,Research,4,description,https://www.kaggle.com/c/UBC-OCEAN/discussion/465811,www.kaggle.com,,0
UBC-OCEAN,1,cv,2024,Research,5,description,https://www.kaggle.com/c/UBC-OCEAN/discussion/466017,www.kaggle.com,,0
UBC-OCEAN,1,cv,2024,Research,6,description,https://www.kaggle.com/c/UBC-OCEAN/discussion/465379,www.kaggle.com,,0
UBC-OCEAN,1,cv,2024,Research,7,description,https://www.kaggle.com/c/UBC-OCEAN/discussion/465697,www.kaggle.com,,0
UBC-OCEAN,1,cv,2024,Research,8,description,https://www.kaggle.com/c/UBC-OCEAN/discussion/465382,www.kaggle.com,,1
UBC-OCEAN,1,cv,2024,Research,9,description,https://www.kaggle.com/c/UBC-OCEAN/discussion/465815,www.kaggle.com,,0
UBC-OCEAN,1,cv,2024,Research,10,description,https://www.kaggle.com/c/UBC-OCEAN/discussion/465455,www.kaggle.com,,0
UBC-OCEAN,1,cv,2024,Research,13,description,https://www.kaggle.com/c/UBC-OCEAN/discussion/465358,www.kaggle.com,,1
UBC-OCEAN,1,cv,2024,Research,14,description,https://www.kaggle.com/c/UBC-OCEAN/discussion/465476,www.kaggle.com,,0
UBC-OCEAN,1,cv,2024,Research,20,description,https://www.kaggle.com/c/UBC-OCEAN/discussion/465356,www.kaggle.com,,0
UBC-OCEAN,1,cv,2024,Research,28,description,https://www.kaggle.com/c/UBC-OCEAN/discussion/465425,www.kaggle.com,,0
UBC-OCEAN,1,cv,2024,Research,30,description,https://www.kaggle.com/c/UBC-OCEAN/discussion/465619,www.kaggle.com,,0
UBC-OCEAN,1,cv,2024,Research,38,description,https://www.kaggle.com/c/UBC-OCEAN/discussion/465368,www.kaggle.com,,0
asl-fingerspelling,1,cv,2023,Research,1,description,https://www.kaggle.com/c/asl-fingerspelling/discussion/434485,www.kaggle.com,,1
asl-fingerspelling,1,cv,2023,Research,2,description,https://www.kaggle.com/c/asl-fingerspelling/discussion/434588,www.kaggle.com,,1
asl-fingerspelling,1,cv,2023,Research,3,description,https://www.kaggle.com/c/asl-fingerspelling/discussion/434393,www.kaggle.com,,1
asl-fingerspelling,1,cv,2023,Research,4,description,https://www.kaggle.com/c/asl-fingerspelling/discussion/434983,www.kaggle.com,,0
asl-fingerspelling,1,cv,2023,Research,5,description,https://www.kaggle.com/c/asl-fingerspelling/discussion/434415,www.kaggle.com,,1
asl-fingerspelling,1,cv,2023,Research,9,description,https://www.kaggle.com/c/asl-fingerspelling/discussion/434871,www.kaggle.com,,0
asl-fingerspelling,1,cv,2023,Research,11,description,https://www.kaggle.com/c/asl-fingerspelling/discussion/434475,www.kaggle.com,,0
asl-fingerspelling,1,cv,2023,Research,12,description,https://www.kaggle.com/c/asl-fingerspelling/discussion/436457,www.kaggle.com,,0
asl-fingerspelling,1,cv,2023,Research,17,description,https://www.kaggle.com/c/asl-fingerspelling/discussion/434364,www.kaggle.com,,0
asl-fingerspelling,1,cv,2023,Research,19,description,https://www.kaggle.com/c/asl-fingerspelling/discussion/434795,www.kaggle.com,,0
asl-fingerspelling,1,cv,2023,Research,20,description,https://www.kaggle.com/c/asl-fingerspelling/discussion/434658,www.kaggle.com,,0
asl-fingerspelling,1,cv,2023,Research,22,description,https://www.kaggle.com/c/asl-fingerspelling/discussion/434680,www.kaggle.com,,0
asl-fingerspelling,1,cv,2023,Research,27,description,https://www.kaggle.com/c/asl-fingerspelling/discussion/434388,www.kaggle.com,,0
asl-fingerspelling,1,cv,2023,Research,28,description,https://www.kaggle.com/c/asl-fingerspelling/discussion/434896,www.kaggle.com,,0
asl-fingerspelling,1,cv,2023,Research,33,description,https://www.kaggle.com/c/asl-fingerspelling/discussion/434409,www.kaggle.com,,0
asl-fingerspelling,1,cv,2023,Research,42,description,https://www.kaggle.com/c/asl-fingerspelling/discussion/434353,www.kaggle.com,,1
asl-fingerspelling,1,cv,2023,Research,46,description,https://www.kaggle.com/c/asl-fingerspelling/discussion/435231,www.kaggle.com,,0
benetech-making-graphs-accessible,1,cv,2023,Featured,1,description,https://www.kaggle.com/c/benetech-making-graphs-accessible/discussion/418786,www.kaggle.com,,1
benetech-making-graphs-accessible,1,cv,2023,Featured,2,description,https://www.kaggle.com/c/benetech-making-graphs-accessible/discussion/418430,www.kaggle.com,,1
benetech-making-graphs-accessible,1,cv,2023,Featured,3,description,https://www.kaggle.com/c/benetech-making-graphs-accessible/discussion/418420,www.kaggle.com,,1
benetech-making-graphs-accessible,1,cv,2023,Featured,4,description,https://www.kaggle.com/c/benetech-making-graphs-accessible/discussion/418604,www.kaggle.com,,0
benetech-making-graphs-accessible,1,cv,2023,Featured,5,description,https://www.kaggle.com/c/benetech-making-graphs-accessible/discussion/418477,www.kaggle.com,,0
benetech-making-graphs-accessible,1,cv,2023,Featured,6,description,https://www.kaggle.com/c/benetech-making-graphs-accessible/discussion/418466,www.kaggle.com,,1
benetech-making-graphs-accessible,1,cv,2023,Featured,7,description,https://www.kaggle.com/c/benetech-making-graphs-accessible/discussion/418510,www.kaggle.com,,1
benetech-making-graphs-accessible,1,cv,2023,Featured,13,description,https://www.kaggle.com/c/benetech-making-graphs-accessible/discussion/418321,www.kaggle.com,,0
benetech-making-graphs-accessible,1,cv,2023,Featured,14,description,https://www.kaggle.com/c/benetech-making-graphs-accessible/discussion/418323,www.kaggle.com,,0
benetech-making-graphs-accessible,1,cv,2023,Featured,20,description,https://www.kaggle.com/c/benetech-making-graphs-accessible/discussion/418389,www.kaggle.com,,0
benetech-making-graphs-accessible,1,cv,2023,Featured,28,description,https://www.kaggle.com/c/benetech-making-graphs-accessible/discussion/418705,www.kaggle.com,,0
benetech-making-graphs-accessible,1,cv,2023,Featured,40,description,https://www.kaggle.com/c/benetech-making-graphs-accessible/discussion/418331,www.kaggle.com,,0
biohub-cell-tracking-during-development,1,cv,2026,Research,1,description,https://www.kaggle.com/c/biohub-cell-tracking-during-development/writeups/1st-place-solution,www.kaggle.com,,0
biohub-cell-tracking-during-development,1,cv,2026,Research,2,description,https://www.kaggle.com/c/biohub-cell-tracking-during-development/writeups/2nd-place-solution,www.kaggle.com,,0
biohub-cell-tracking-during-development,1,cv,2026,Research,3,description,https://www.kaggle.com/c/biohub-cell-tracking-during-development/writeups/3rd-place-solution,www.kaggle.com,,0
biohub-cell-tracking-during-development,1,cv,2026,Research,4,description,https://www.kaggle.com/c/biohub-cell-tracking-during-development/writeups/4th-place-solution,www.kaggle.com,,0
biohub-cell-tracking-during-development,1,cv,2026,Research,5,description,https://www.kaggle.com/c/biohub-cell-tracking-during-development/writeups/5th-place-3d-u-net-transformer-linker-multi-s,www.kaggle.com,,0
biohub-cell-tracking-during-development,1,cv,2026,Research,6,description,https://www.kaggle.com/c/biohub-cell-tracking-during-development/writeups/6th-place-solution,www.kaggle.com,,0
biohub-cell-tracking-during-development,1,cv,2026,Research,7,description,https://www.kaggle.com/c/biohub-cell-tracking-during-development/writeups/7th-place-solution,www.kaggle.com,,0
biohub-cell-tracking-during-development,1,cv,2026,Research,9,description,https://www.kaggle.com/c/biohub-cell-tracking-during-development/writeups/9th-place-solution-own-detectors-public-tracker,www.kaggle.com,,0
biohub-cell-tracking-during-development,1,cv,2026,Research,10,description,https://www.kaggle.com/c/biohub-cell-tracking-during-development/writeups/10th-place-solution-grandmaster-powered-agentic-a,www.kaggle.com,,0
biohub-cell-tracking-during-development,1,cv,2026,Research,11,description,https://www.kaggle.com/c/biohub-cell-tracking-during-development/writeups/11th-place-solution,www.kaggle.com,,0
biohub-cell-tracking-during-development,1,cv,2026,Research,12,description,https://www.kaggle.com/c/biohub-cell-tracking-during-development/writeups/12th-place-solution,www.kaggle.com,,0
biohub-cell-tracking-during-development,1,cv,2026,Research,14,description,https://www.kaggle.com/c/biohub-cell-tracking-during-development/writeups/14th-place-solution-from-vibes-and-edges-trade-off,www.kaggle.com,,0
biohub-cell-tracking-during-development,1,cv,2026,Research,16,description,https://www.kaggle.com/c/biohub-cell-tracking-during-development/writeups/16th-place-solution,www.kaggle.com,,0
biohub-cell-tracking-during-development,1,cv,2026,Research,17,description,https://www.kaggle.com/c/biohub-cell-tracking-during-development/writeups/17th-place-solution,www.kaggle.com,,0
biohub-cell-tracking-during-development,1,cv,2026,Research,18,description,https://www.kaggle.com/c/biohub-cell-tracking-during-development/writeups/18th-place-solution-lineage-graph-refinement,www.kaggle.com,,0
biohub-cell-tracking-during-development,1,cv,2026,Research,20,description,https://www.kaggle.com/c/biohub-cell-tracking-during-development/writeups/20th-place-solution,www.kaggle.com,,0
biohub-cell-tracking-during-development,1,cv,2026,Research,23,description,https://www.kaggle.com/c/biohub-cell-tracking-during-development/writeups/23rd-place-solution-division-recovery-on-a-public,www.kaggle.com,,0
biohub-cell-tracking-during-development,1,cv,2026,Research,41,description,https://www.kaggle.com/c/biohub-cell-tracking-during-development/writeups/41st-place-post-processing-a-fine-tuned-detector,www.kaggle.com,,0
blood-vessel-segmentation,1,cv,2024,Research,1,description,https://www.kaggle.com/c/blood-vessel-segmentation/discussion/475522,www.kaggle.com,,1
blood-vessel-segmentation,1,cv,2024,Research,2,description,https://www.kaggle.com/c/blood-vessel-segmentation/discussion/475657,www.kaggle.com,,1
blood-vessel-segmentation,1,cv,2024,Research,3,description,https://www.kaggle.com/c/blood-vessel-segmentation/discussion/475074,www.kaggle.com,,1
blood-vessel-segmentation,1,cv,2024,Research,4,description,https://www.kaggle.com/c/blood-vessel-segmentation/discussion/475052,www.kaggle.com,,1
blood-vessel-segmentation,1,cv,2024,Research,5,description,https://www.kaggle.com/c/blood-vessel-segmentation/discussion/475288,www.kaggle.com,,0
blood-vessel-segmentation,1,cv,2024,Research,6,description,https://www.kaggle.com/c/blood-vessel-segmentation/discussion/475252,www.kaggle.com,,0
blood-vessel-segmentation,1,cv,2024,Research,7,description,https://www.kaggle.com/c/blood-vessel-segmentation/discussion/475964,www.kaggle.com,,0
blood-vessel-segmentation,1,cv,2024,Research,9,description,https://www.kaggle.com/c/blood-vessel-segmentation/discussion/475080,www.kaggle.com,,0
blood-vessel-segmentation,1,cv,2024,Research,12,description,https://www.kaggle.com/c/blood-vessel-segmentation/discussion/476457,www.kaggle.com,,0
blood-vessel-segmentation,1,cv,2024,Research,13,description,https://www.kaggle.com/c/blood-vessel-segmentation/discussion/475117,www.kaggle.com,,0
blood-vessel-segmentation,1,cv,2024,Research,14,description,https://www.kaggle.com/c/blood-vessel-segmentation/discussion/475260,www.kaggle.com,,0
blood-vessel-segmentation,1,cv,2024,Research,24,description,https://www.kaggle.com/c/blood-vessel-segmentation/discussion/475090,www.kaggle.com,,0
blood-vessel-segmentation,1,cv,2024,Research,41,description,https://www.kaggle.com/c/blood-vessel-segmentation/discussion/478109,www.kaggle.com,,0
blood-vessel-segmentation,1,cv,2024,Research,46,description,https://www.kaggle.com/c/blood-vessel-segmentation/discussion/475050,www.kaggle.com,,0
byu-locating-bacterial-flagellar-motors-2025,1,cv,2025,Research,1,description,https://www.kaggle.com/c/byu-locating-bacterial-flagellar-motors-2025/discussion/583143,www.kaggle.com,,1
byu-locating-bacterial-flagellar-motors-2025,1,cv,2025,Research,2,description,https://www.kaggle.com/c/byu-locating-bacterial-flagellar-motors-2025/discussion/584980,www.kaggle.com,,0
byu-locating-bacterial-flagellar-motors-2025,1,cv,2025,Research,3,description,https://www.kaggle.com/c/byu-locating-bacterial-flagellar-motors-2025/discussion/583380,www.kaggle.com,,1
byu-locating-bacterial-flagellar-motors-2025,1,cv,2025,Research,4,description,https://www.kaggle.com/c/byu-locating-bacterial-flagellar-motors-2025/discussion/583411,www.kaggle.com,,1
byu-locating-bacterial-flagellar-motors-2025,1,cv,2025,Research,6,description,https://www.kaggle.com/c/byu-locating-bacterial-flagellar-motors-2025/discussion/587410,www.kaggle.com,,0
byu-locating-bacterial-flagellar-motors-2025,1,cv,2025,Research,9,description,https://www.kaggle.com/c/byu-locating-bacterial-flagellar-motors-2025/discussion/583242,www.kaggle.com,,0
byu-locating-bacterial-flagellar-motors-2025,1,cv,2025,Research,13,description,https://www.kaggle.com/c/byu-locating-bacterial-flagellar-motors-2025/discussion/583164,www.kaggle.com,,0
byu-locating-bacterial-flagellar-motors-2025,1,cv,2025,Research,17,description,https://www.kaggle.com/c/byu-locating-bacterial-flagellar-motors-2025/discussion/583144,www.kaggle.com,,0
byu-locating-bacterial-flagellar-motors-2025,1,cv,2025,Research,20,description,https://www.kaggle.com/c/byu-locating-bacterial-flagellar-motors-2025/discussion/583128,www.kaggle.com,,1
byu-locating-bacterial-flagellar-motors-2025,1,cv,2025,Research,21,description,https://www.kaggle.com/c/byu-locating-bacterial-flagellar-motors-2025/discussion/583289,www.kaggle.com,,0
byu-locating-bacterial-flagellar-motors-2025,1,cv,2025,Research,44,description,https://www.kaggle.com/c/byu-locating-bacterial-flagellar-motors-2025/discussion/583294,www.kaggle.com,,0
czii-cryo-et-object-identification,1,cv,2025,Featured,1,description,https://www.kaggle.com/c/czii-cryo-et-object-identification/discussion/561510,www.kaggle.com,,1
czii-cryo-et-object-identification,1,cv,2025,Featured,2,description,https://www.kaggle.com/c/czii-cryo-et-object-identification/discussion/561568,www.kaggle.com,,1
czii-cryo-et-object-identification,1,cv,2025,Featured,3,description,https://www.kaggle.com/c/czii-cryo-et-object-identification/discussion/561417,www.kaggle.com,,1
czii-cryo-et-object-identification,1,cv,2025,Featured,4,description,https://www.kaggle.com/c/czii-cryo-et-object-identification/discussion/561401,www.kaggle.com,,1
czii-cryo-et-object-identification,1,cv,2025,Featured,5,description,https://www.kaggle.com/c/czii-cryo-et-object-identification/discussion/561580,www.kaggle.com,,0
czii-cryo-et-object-identification,1,cv,2025,Featured,6,description,https://www.kaggle.com/c/czii-cryo-et-object-identification/discussion/561518,www.kaggle.com,,0
czii-cryo-et-object-identification,1,cv,2025,Featured,7,description,https://www.kaggle.com/c/czii-cryo-et-object-identification/discussion/561447,www.kaggle.com,,0
czii-cryo-et-object-identification,1,cv,2025,Featured,8,description,https://www.kaggle.com/c/czii-cryo-et-object-identification/discussion/561515,www.kaggle.com,,0
czii-cryo-et-object-identification,1,cv,2025,Featured,9,description,https://www.kaggle.com/c/czii-cryo-et-object-identification/discussion/561431,www.kaggle.com,,1
czii-cryo-et-object-identification,1,cv,2025,Featured,10,description,https://www.kaggle.com/c/czii-cryo-et-object-identification/discussion/561844,www.kaggle.com,,0
czii-cryo-et-object-identification,1,cv,2025,Featured,11,description,https://www.kaggle.com/c/czii-cryo-et-object-identification/discussion/561837,www.kaggle.com,,0
czii-cryo-et-object-identification,1,cv,2025,Featured,12,description,https://www.kaggle.com/c/czii-cryo-et-object-identification/discussion/561607,www.kaggle.com,,0
czii-cryo-et-object-identification,1,cv,2025,Featured,13,description,https://www.kaggle.com/c/czii-cryo-et-object-identification/discussion/561422,www.kaggle.com,,0
czii-cryo-et-object-identification,1,cv,2025,Featured,22,description,https://www.kaggle.com/c/czii-cryo-et-object-identification/discussion/561444,www.kaggle.com,,0
czii-cryo-et-object-identification,1,cv,2025,Featured,23,description,https://www.kaggle.com/c/czii-cryo-et-object-identification/discussion/561620,www.kaggle.com,,0
czii-cryo-et-object-identification,1,cv,2025,Featured,26,description,https://www.kaggle.com/c/czii-cryo-et-object-identification/discussion/561483,www.kaggle.com,,0
czii-cryo-et-object-identification,1,cv,2025,Featured,32,description,https://www.kaggle.com/c/czii-cryo-et-object-identification/discussion/561677,www.kaggle.com,,0
czii-cryo-et-object-identification,1,cv,2025,Featured,33,description,https://www.kaggle.com/c/czii-cryo-et-object-identification/discussion/561402,www.kaggle.com,,0
czii-cryo-et-object-identification,1,cv,2025,Featured,43,description,https://www.kaggle.com/c/czii-cryo-et-object-identification/discussion/561957,www.kaggle.com,,0
geolifeclef-2022-lifeclef-2022-fgvc9,1,cv,2022,Research,1,description,https://www.kaggle.com/c/geolifeclef-2022-lifeclef-2022-fgvc9/discussion/327055,www.kaggle.com,,1
geolifeclef-2022-lifeclef-2022-fgvc9,1,cv,2022,Research,2,description,https://www.kaggle.com/c/geolifeclef-2022-lifeclef-2022-fgvc9/discussion/328637,www.kaggle.com,,1
google-research-identify-contrails-reduce-global-warming,1,cv,2023,Research,1,description,https://www.kaggle.com/c/google-research-identify-contrails-reduce-global-warming/discussion/430618,www.kaggle.com,,1
google-research-identify-contrails-reduce-global-warming,1,cv,2023,Research,2,description,https://www.kaggle.com/c/google-research-identify-contrails-reduce-global-warming/discussion/430491,www.kaggle.com,,1
google-research-identify-contrails-reduce-global-warming,1,cv,2023,Research,3,description,https://www.kaggle.com/c/google-research-identify-contrails-reduce-global-warming/discussion/430685,www.kaggle.com,,1
google-research-identify-contrails-reduce-global-warming,1,cv,2023,Research,4,description,https://www.kaggle.com/c/google-research-identify-contrails-reduce-global-warming/discussion/432998,www.kaggle.com,,0
google-research-identify-contrails-reduce-global-warming,1,cv,2023,Research,5,description,https://www.kaggle.com/c/google-research-identify-contrails-reduce-global-warming/discussion/430549,www.kaggle.com,,1
google-research-identify-contrails-reduce-global-warming,1,cv,2023,Research,6,description,https://www.kaggle.com/c/google-research-identify-contrails-reduce-global-warming/discussion/430581,www.kaggle.com,,0
google-research-identify-contrails-reduce-global-warming,1,cv,2023,Research,7,description,https://www.kaggle.com/c/google-research-identify-contrails-reduce-global-warming/discussion/430691,www.kaggle.com,,0
google-research-identify-contrails-reduce-global-warming,1,cv,2023,Research,8,description,https://www.kaggle.com/c/google-research-identify-contrails-reduce-global-warming/discussion/430543,www.kaggle.com,,0
google-research-identify-contrails-reduce-global-warming,1,cv,2023,Research,9,description,https://www.kaggle.com/c/google-research-identify-contrails-reduce-global-warming/discussion/430479,www.kaggle.com,,1
google-research-identify-contrails-reduce-global-warming,1,cv,2023,Research,11,description,https://www.kaggle.com/c/google-research-identify-contrails-reduce-global-warming/discussion/432690,www.kaggle.com,,0
google-research-identify-contrails-reduce-global-warming,1,cv,2023,Research,13,description,https://www.kaggle.com/c/google-research-identify-contrails-reduce-global-warming/discussion/432254,www.kaggle.com,,0
google-research-identify-contrails-reduce-global-warming,1,cv,2023,Research,14,description,https://www.kaggle.com/c/google-research-identify-contrails-reduce-global-warming/discussion/430904,www.kaggle.com,,0
google-research-identify-contrails-reduce-global-warming,1,cv,2023,Research,15,description,https://www.kaggle.com/c/google-research-identify-contrails-reduce-global-warming/discussion/430483,www.kaggle.com,,0
google-research-identify-contrails-reduce-global-warming,1,cv,2023,Research,25,description,https://www.kaggle.com/c/google-research-identify-contrails-reduce-global-warming/discussion/430794,www.kaggle.com,,0
google-research-identify-contrails-reduce-global-warming,1,cv,2023,Research,26,description,https://www.kaggle.com/c/google-research-identify-contrails-reduce-global-warming/discussion/430684,www.kaggle.com,,0
google-research-identify-contrails-reduce-global-warming,1,cv,2023,Research,28,description,https://www.kaggle.com/c/google-research-identify-contrails-reduce-global-warming/discussion/430476,www.kaggle.com,,0
google-research-identify-contrails-reduce-global-warming,1,cv,2023,Research,30,description,https://www.kaggle.com/c/google-research-identify-contrails-reduce-global-warming/discussion/432282,www.kaggle.com,,0
google-universal-image-embedding,1,cv,2022,Research,1,code,https://www.kaggle.com/c/google-universal-image-embedding/discussion/359316,www.kaggle.com,,1
google-universal-image-embedding,1,cv,2022,Research,2,code,https://www.kaggle.com/c/google-universal-image-embedding/discussion/359525,www.kaggle.com,,1
google-universal-image-embedding,1,cv,2022,Research,4,code,https://www.kaggle.com/c/google-universal-image-embedding/discussion/359487,www.kaggle.com,,1
google-universal-image-embedding,1,cv,2022,Research,4,description,https://www.kaggle.com/c/google-universal-image-embedding/discussion/359401,www.kaggle.com,,0
google-universal-image-embedding,1,cv,2022,Research,5,description,https://www.kaggle.com/c/google-universal-image-embedding/discussion/359161,www.kaggle.com,,1
google-universal-image-embedding,1,cv,2022,Research,9,code,https://www.kaggle.com/c/google-universal-image-embedding/discussion/359351,www.kaggle.com,,0
google-universal-image-embedding,1,cv,2022,Research,10,description,https://www.kaggle.com/c/google-universal-image-embedding/discussion/359271,www.kaggle.com,,0
google-universal-image-embedding,1,cv,2022,Research,12,description,https://www.kaggle.com/c/google-universal-image-embedding/discussion/359497,www.kaggle.com,,0
google-universal-image-embedding,1,cv,2022,Research,13,description,https://www.kaggle.com/c/google-universal-image-embedding/discussion/359341,www.kaggle.com,,0
google-universal-image-embedding,1,cv,2022,Research,18,description,https://www.kaggle.com/c/google-universal-image-embedding/discussion/359490,www.kaggle.com,,0
google-universal-image-embedding,1,cv,2022,Research,25,description,https://www.kaggle.com/c/google-universal-image-embedding/discussion/359410,www.kaggle.com,,0
google-universal-image-embedding,1,cv,2022,Research,28,description,https://www.kaggle.com/c/google-universal-image-embedding/discussion/359618,www.kaggle.com,,0
google-universal-image-embedding,1,cv,2022,Research,37,description,https://www.kaggle.com/c/google-universal-image-embedding/discussion/359402,www.kaggle.com,,0
google-universal-image-embedding,1,cv,2022,Research,39,description,https://www.kaggle.com/c/google-universal-image-embedding/discussion/359798,www.kaggle.com,,0
google-universal-image-embedding,1,cv,2022,Research,40,code,https://www.kaggle.com/c/google-universal-image-embedding/discussion/359371,www.kaggle.com,,0
google-universal-image-embedding,1,cv,2022,Research,52,description,https://www.kaggle.com/c/google-universal-image-embedding/discussion/359198,www.kaggle.com,,0
happy-whale-and-dolphin,1,cv,2022,Research,1,description,https://www.kaggle.com/c/happy-whale-and-dolphin/discussion/320192,www.kaggle.com,,1
happy-whale-and-dolphin,1,cv,2022,Research,2,description,https://www.kaggle.com/c/happy-whale-and-dolphin/discussion/320502,www.kaggle.com,,0
happy-whale-and-dolphin,1,cv,2022,Research,3,description,https://www.kaggle.com/c/happy-whale-and-dolphin/discussion/319789,www.kaggle.com,,0
happy-whale-and-dolphin,1,cv,2022,Research,3,description,https://www.kaggle.com/c/happy-whale-and-dolphin/discussion/319896,www.kaggle.com,,1
happy-whale-and-dolphin,1,cv,2022,Research,3,description,https://www.kaggle.com/c/happy-whale-and-dolphin/discussion/320191,www.kaggle.com,,0
happy-whale-and-dolphin,1,cv,2022,Research,4,description,https://www.kaggle.com/c/happy-whale-and-dolphin/discussion/320040,www.kaggle.com,,0
happy-whale-and-dolphin,1,cv,2022,Research,6,description,https://www.kaggle.com/c/happy-whale-and-dolphin/discussion/319829,www.kaggle.com,,0
happy-whale-and-dolphin,1,cv,2022,Research,7,description,https://www.kaggle.com/c/happy-whale-and-dolphin/discussion/320026,www.kaggle.com,,0
happy-whale-and-dolphin,1,cv,2022,Research,8,description,https://www.kaggle.com/c/happy-whale-and-dolphin/discussion/319868,www.kaggle.com,,0
happy-whale-and-dolphin,1,cv,2022,Research,8,description,https://www.kaggle.com/c/happy-whale-and-dolphin/discussion/319894,www.kaggle.com,,0
happy-whale-and-dolphin,1,cv,2022,Research,8,description,https://www.kaggle.com/c/happy-whale-and-dolphin/discussion/319900,www.kaggle.com,,0
happy-whale-and-dolphin,1,cv,2022,Research,10,description,https://www.kaggle.com/c/happy-whale-and-dolphin/discussion/319941,www.kaggle.com,,0
happy-whale-and-dolphin,1,cv,2022,Research,11,description,https://www.kaggle.com/c/happy-whale-and-dolphin/discussion/319916,www.kaggle.com,,0
happy-whale-and-dolphin,1,cv,2022,Research,14,description,https://www.kaggle.com/c/happy-whale-and-dolphin/discussion/320407,www.kaggle.com,,0
happy-whale-and-dolphin,1,cv,2022,Research,18,code,https://www.kaggle.com/c/happy-whale-and-dolphin/discussion/319828,www.kaggle.com,,0
happy-whale-and-dolphin,1,cv,2022,Research,19,description,https://www.kaggle.com/c/happy-whale-and-dolphin/discussion/320298,www.kaggle.com,,1
happy-whale-and-dolphin,1,cv,2022,Research,22,description,https://www.kaggle.com/c/happy-whale-and-dolphin/discussion/319806,www.kaggle.com,,0
happy-whale-and-dolphin,1,cv,2022,Research,29,code,https://www.kaggle.com/c/happy-whale-and-dolphin/discussion/319851,www.kaggle.com,,0
happy-whale-and-dolphin,1,cv,2022,Research,29,description,https://www.kaggle.com/c/happy-whale-and-dolphin/discussion/319787,www.kaggle.com,,0
happy-whale-and-dolphin,1,cv,2022,Research,30,description,https://www.kaggle.com/c/happy-whale-and-dolphin/discussion/320205,www.kaggle.com,,0
happy-whale-and-dolphin,1,cv,2022,Research,36,description,https://www.kaggle.com/c/happy-whale-and-dolphin/discussion/319812,www.kaggle.com,,0
happy-whale-and-dolphin,1,cv,2022,Research,49,description,https://www.kaggle.com/c/happy-whale-and-dolphin/discussion/319911,www.kaggle.com,,0
happy-whale-and-dolphin,1,cv,2022,Research,all solutions,kernel,https://www.kaggle.com/c/happy-whale-and-dolphin/discussion/320102,www.kaggle.com,,0
herbarium-2022-fgvc9,1,cv,2022,Research,1,description,https://www.kaggle.com/c/herbarium-2022-fgvc9/discussion/329299,www.kaggle.com,,1
hotel-id-to-combat-human-trafficking-2022-fgvc9,1,cv,2022,Research,1,description,https://www.kaggle.com/c/hotel-id-to-combat-human-trafficking-2022-fgvc9/discussion/328281,www.kaggle.com,,1
hotel-id-to-combat-human-trafficking-2022-fgvc9,1,cv,2022,Research,2,description,https://www.kaggle.com/c/hotel-id-to-combat-human-trafficking-2022-fgvc9/discussion/328345,www.kaggle.com,,1
hotel-id-to-combat-human-trafficking-2022-fgvc9,1,cv,2022,Research,3,description,https://www.kaggle.com/c/hotel-id-to-combat-human-trafficking-2022-fgvc9/discussion/328237,www.kaggle.com,,1
hubmap-hacking-the-human-vasculature,1,cv,2023,Research,1,description,https://www.kaggle.com/c/hubmap-hacking-the-human-vasculature/discussion/429060,www.kaggle.com,,1
hubmap-hacking-the-human-vasculature,1,cv,2023,Research,2,description,https://www.kaggle.com/c/hubmap-hacking-the-human-vasculature/discussion/429240,www.kaggle.com,,0
hubmap-hacking-the-human-vasculature,1,cv,2023,Research,4,description,https://www.kaggle.com/c/hubmap-hacking-the-human-vasculature/discussion/428994,www.kaggle.com,,0
hubmap-hacking-the-human-vasculature,1,cv,2023,Research,7,description,https://www.kaggle.com/c/hubmap-hacking-the-human-vasculature/discussion/428295,www.kaggle.com,,1
hubmap-hacking-the-human-vasculature,1,cv,2023,Research,8,description,https://www.kaggle.com/c/hubmap-hacking-the-human-vasculature/discussion/429352,www.kaggle.com,,0
hubmap-hacking-the-human-vasculature,1,cv,2023,Research,9,description,https://www.kaggle.com/c/hubmap-hacking-the-human-vasculature/discussion/428447,www.kaggle.com,,1
hubmap-hacking-the-human-vasculature,1,cv,2023,Research,10,description,https://www.kaggle.com/c/hubmap-hacking-the-human-vasculature/discussion/428301,www.kaggle.com,,0
hubmap-hacking-the-human-vasculature,1,cv,2023,Research,12,description,https://www.kaggle.com/c/hubmap-hacking-the-human-vasculature/discussion/428319,www.kaggle.com,,0
hubmap-hacking-the-human-vasculature,1,cv,2023,Research,19,description,https://www.kaggle.com/c/hubmap-hacking-the-human-vasculature/discussion/428327,www.kaggle.com,,0
hubmap-hacking-the-human-vasculature,1,cv,2023,Research,30,description,https://www.kaggle.com/c/hubmap-hacking-the-human-vasculature/discussion/428372,www.kaggle.com,,0
hubmap-hacking-the-human-vasculature,1,cv,2023,Research,46,description,https://www.kaggle.com/c/hubmap-hacking-the-human-vasculature/discussion/428644,www.kaggle.com,,0
hubmap-organ-segmentation,1,cv,2022,Research,1,description,https://www.kaggle.com/c/hubmap-organ-segmentation/discussion/356201,www.kaggle.com,,1
hubmap-organ-segmentation,1,cv,2022,Research,2,code,https://www.kaggle.com/c/hubmap-organ-segmentation/discussion/354857,www.kaggle.com,,1
hubmap-organ-segmentation,1,cv,2022,Research,3,code,https://www.kaggle.com/c/hubmap-organ-segmentation/discussion/354683,www.kaggle.com,,1
hubmap-organ-segmentation,1,cv,2022,Research,4,description,https://www.kaggle.com/c/hubmap-organ-segmentation/discussion/354851,www.kaggle.com,,1
hubmap-organ-segmentation,1,cv,2022,Research,7,description,https://www.kaggle.com/c/hubmap-organ-segmentation/discussion/354859,www.kaggle.com,,0
hubmap-organ-segmentation,1,cv,2022,Research,11,description,https://www.kaggle.com/c/hubmap-organ-segmentation/discussion/354701,www.kaggle.com,,0
hubmap-organ-segmentation,1,cv,2022,Research,20,description,https://www.kaggle.com/c/hubmap-organ-segmentation/discussion/354590,www.kaggle.com,,0
hubmap-organ-segmentation,1,cv,2022,Research,25,description,https://www.kaggle.com/c/hubmap-organ-segmentation/discussion/354744,www.kaggle.com,,0
hubmap-organ-segmentation,1,cv,2022,Research,26,description,https://www.kaggle.com/c/hubmap-organ-segmentation/discussion/354671,www.kaggle.com,,0
hubmap-organ-segmentation,1,cv,2022,Research,27,description,https://www.kaggle.com/c/hubmap-organ-segmentation/discussion/355213,www.kaggle.com,,0
hubmap-organ-segmentation,1,cv,2022,Research,48,description,https://www.kaggle.com/c/hubmap-organ-segmentation/discussion/355509,www.kaggle.com,,0
image-matching-challenge-2022,1,cv,2022,Research,1,description,https://www.kaggle.com/c/image-matching-challenge-2022/discussion/329131,www.kaggle.com,,1
image-matching-challenge-2022,1,cv,2022,Research,2,description,https://www.kaggle.com/c/image-matching-challenge-2022/discussion/329317,www.kaggle.com,,1
image-matching-challenge-2022,1,cv,2022,Research,3,description,https://www.kaggle.com/c/image-matching-challenge-2022/discussion/329540,www.kaggle.com,,0
image-matching-challenge-2022,1,cv,2022,Research,4,description,https://www.kaggle.com/c/image-matching-challenge-2022/discussion/328798,www.kaggle.com,,1
image-matching-challenge-2022,1,cv,2022,Research,6,description,https://www.kaggle.com/c/image-matching-challenge-2022/discussion/328805,www.kaggle.com,,0
image-matching-challenge-2022,1,cv,2022,Research,7,description,https://www.kaggle.com/c/image-matching-challenge-2022/discussion/329015,www.kaggle.com,,0
image-matching-challenge-2022,1,cv,2022,Research,9,description,https://www.kaggle.com/c/image-matching-challenge-2022/discussion/328796,www.kaggle.com,,1
image-matching-challenge-2022,1,cv,2022,Research,10,description,https://www.kaggle.com/c/image-matching-challenge-2022/discussion/328903,www.kaggle.com,,0
image-matching-challenge-2022,1,cv,2022,Research,11,description,https://www.kaggle.com/c/image-matching-challenge-2022/discussion/328887,www.kaggle.com,,0
image-matching-challenge-2022,1,cv,2022,Research,14,description,https://www.kaggle.com/c/image-matching-challenge-2022/discussion/329566,www.kaggle.com,,0
image-matching-challenge-2022,1,cv,2022,Research,17,description,https://www.kaggle.com/c/image-matching-challenge-2022/discussion/328803,www.kaggle.com,,0
image-matching-challenge-2022,1,cv,2022,Research,18,description,https://www.kaggle.com/c/image-matching-challenge-2022/discussion/328982,www.kaggle.com,,0
image-matching-challenge-2022,1,cv,2022,Research,21,description,https://www.kaggle.com/c/image-matching-challenge-2022/discussion/328896,www.kaggle.com,,0
image-matching-challenge-2022,1,cv,2022,Research,23,description,https://www.kaggle.com/c/image-matching-challenge-2022/discussion/329002,www.kaggle.com,,0
image-matching-challenge-2022,1,cv,2022,Research,26,description,https://www.kaggle.com/c/image-matching-challenge-2022/discussion/328848,www.kaggle.com,,0
image-matching-challenge-2022,1,cv,2022,Research,27,description,https://www.kaggle.com/c/image-matching-challenge-2022/discussion/328888,www.kaggle.com,,0
image-matching-challenge-2022,1,cv,2022,Research,28,description,https://www.kaggle.com/c/image-matching-challenge-2022/discussion/328817,www.kaggle.com,,0
image-matching-challenge-2022,1,cv,2022,Research,30,description,https://www.kaggle.com/c/image-matching-challenge-2022/discussion/328844,www.kaggle.com,,0
image-matching-challenge-2022,1,cv,2022,Research,37,description,https://www.kaggle.com/c/image-matching-challenge-2022/discussion/329012,www.kaggle.com,,0
image-matching-challenge-2023,1,cv,2023,Research,1,description,https://www.kaggle.com/c/image-matching-challenge-2023/discussion/417407,www.kaggle.com,,1
image-matching-challenge-2023,1,cv,2023,Research,2,description,https://www.kaggle.com/c/image-matching-challenge-2023/discussion/416873,www.kaggle.com,,1
image-matching-challenge-2023,1,cv,2023,Research,3,description,https://www.kaggle.com/c/image-matching-challenge-2023/discussion/416918,www.kaggle.com,,0
image-matching-challenge-2023,1,cv,2023,Research,4,description,https://www.kaggle.com/c/image-matching-challenge-2023/discussion/416816,www.kaggle.com,,1
image-matching-challenge-2023,1,cv,2023,Research,5,description,https://www.kaggle.com/c/image-matching-challenge-2023/discussion/417045,www.kaggle.com,,1
image-matching-challenge-2023,1,cv,2023,Research,9,description,https://www.kaggle.com/c/image-matching-challenge-2023/discussion/416842,www.kaggle.com,,0
image-matching-challenge-2023,1,cv,2023,Research,12,description,https://www.kaggle.com/c/image-matching-challenge-2023/discussion/420471,www.kaggle.com,,0
image-matching-challenge-2023,1,cv,2023,Research,16,description,https://www.kaggle.com/c/image-matching-challenge-2023/discussion/417002,www.kaggle.com,,0
image-matching-challenge-2023,1,cv,2023,Research,30,description,https://www.kaggle.com/c/image-matching-challenge-2023/discussion/417186,www.kaggle.com,,0
image-matching-challenge-2023,1,cv,2023,Research,39,description,https://www.kaggle.com/c/image-matching-challenge-2023/discussion/416847,www.kaggle.com,,0
image-matching-challenge-2023,1,cv,2023,Research,42,description,https://www.kaggle.com/c/image-matching-challenge-2023/discussion/416777,www.kaggle.com,,0
image-matching-challenge-2024,1,cv,2024,Research,1,description,https://www.kaggle.com/c/image-matching-challenge-2024/discussion/510084,www.kaggle.com,,1
image-matching-challenge-2024,1,cv,2024,Research,2,description,https://www.kaggle.com/c/image-matching-challenge-2024/discussion/510499,www.kaggle.com,,1
image-matching-challenge-2024,1,cv,2024,Research,3,description,https://www.kaggle.com/c/image-matching-challenge-2024/discussion/510338,www.kaggle.com,,1
image-matching-challenge-2024,1,cv,2024,Research,4,description,https://www.kaggle.com/c/image-matching-challenge-2024/discussion/510611,www.kaggle.com,,1
image-matching-challenge-2024,1,cv,2024,Research,5,description,https://www.kaggle.com/c/image-matching-challenge-2024/discussion/510603,www.kaggle.com,,1
image-matching-challenge-2024,1,cv,2024,Research,6,description,https://www.kaggle.com/c/image-matching-challenge-2024/discussion/511291,www.kaggle.com,,0
image-matching-challenge-2024,1,cv,2024,Research,8,description,https://www.kaggle.com/c/image-matching-challenge-2024/discussion/509902,www.kaggle.com,,1
image-matching-challenge-2024,1,cv,2024,Research,10,description,https://www.kaggle.com/c/image-matching-challenge-2024/discussion/515089,www.kaggle.com,,0
image-matching-challenge-2024,1,cv,2024,Research,12,description,https://www.kaggle.com/c/image-matching-challenge-2024/discussion/510673,www.kaggle.com,,0
image-matching-challenge-2024,1,cv,2024,Research,13,description,https://www.kaggle.com/c/image-matching-challenge-2024/discussion/510295,www.kaggle.com,,0
image-matching-challenge-2024,1,cv,2024,Research,16,description,https://www.kaggle.com/c/image-matching-challenge-2024/discussion/509883,www.kaggle.com,,0
image-matching-challenge-2024,1,cv,2024,Research,26,description,https://www.kaggle.com/c/image-matching-challenge-2024/discussion/509918,www.kaggle.com,,0
image-matching-challenge-2024,1,cv,2024,Research,39,description,https://www.kaggle.com/c/image-matching-challenge-2024/discussion/510373,www.kaggle.com,,0
image-matching-challenge-2024,1,cv,2024,Research,48,description,https://www.kaggle.com/c/image-matching-challenge-2024/discussion/511507,www.kaggle.com,,0
image-matching-challenge-2025,1,cv,2025,Research,1,description,https://www.kaggle.com/c/image-matching-challenge-2025/discussion/583058,www.kaggle.com,,1
image-matching-challenge-2025,1,cv,2025,Research,2,description,https://www.kaggle.com/c/image-matching-challenge-2025/discussion/583683,www.kaggle.com,,0
image-matching-challenge-2025,1,cv,2025,Research,3,description,https://www.kaggle.com/c/image-matching-challenge-2025/discussion/583401,www.kaggle.com,,0
image-matching-challenge-2025,1,cv,2025,Research,4,description,https://www.kaggle.com/c/image-matching-challenge-2025/discussion/582959,www.kaggle.com,,1
image-matching-challenge-2025,1,cv,2025,Research,5,description,https://www.kaggle.com/c/image-matching-challenge-2025/discussion/583711,www.kaggle.com,,0
image-matching-challenge-2025,1,cv,2025,Research,6,description,https://www.kaggle.com/c/image-matching-challenge-2025/discussion/583076,www.kaggle.com,,0
image-matching-challenge-2025,1,cv,2025,Research,7,description,https://www.kaggle.com/c/image-matching-challenge-2025/discussion/583184,www.kaggle.com,,0
image-matching-challenge-2025,1,cv,2025,Research,8,description,https://www.kaggle.com/c/image-matching-challenge-2025/discussion/582844,www.kaggle.com,,0
image-matching-challenge-2025,1,cv,2025,Research,9,description,https://www.kaggle.com/c/image-matching-challenge-2025/discussion/583464,www.kaggle.com,,0
image-matching-challenge-2025,1,cv,2025,Research,10,description,https://www.kaggle.com/c/image-matching-challenge-2025/discussion/582898,www.kaggle.com,,1
image-matching-challenge-2025,1,cv,2025,Research,11,description,https://www.kaggle.com/c/image-matching-challenge-2025/discussion/583097,www.kaggle.com,,1
image-matching-challenge-2025,1,cv,2025,Research,12,description,https://www.kaggle.com/c/image-matching-challenge-2025/discussion/583185,www.kaggle.com,,0
image-matching-challenge-2025,1,cv,2025,Research,14,description,https://www.kaggle.com/c/image-matching-challenge-2025/discussion/583977,www.kaggle.com,,0
image-matching-challenge-2025,1,cv,2025,Research,15,description,https://www.kaggle.com/c/image-matching-challenge-2025/discussion/582810,www.kaggle.com,,0
isic-2024-challenge,1,cv,2024,Research,1,description,https://www.kaggle.com/c/isic-2024-challenge/discussion/533196,www.kaggle.com,,1
isic-2024-challenge,1,cv,2024,Research,2,description,https://www.kaggle.com/c/isic-2024-challenge/discussion/532704,www.kaggle.com,,1
isic-2024-challenge,1,cv,2024,Research,3,description,https://www.kaggle.com/c/isic-2024-challenge/discussion/532919,www.kaggle.com,,0
isic-2024-challenge,1,cv,2024,Research,4,description,https://www.kaggle.com/c/isic-2024-challenge/discussion/532760,www.kaggle.com,,0
isic-2024-challenge,1,cv,2024,Research,5,description,https://www.kaggle.com/c/isic-2024-challenge/discussion/533056,www.kaggle.com,,0
isic-2024-challenge,1,cv,2024,Research,6,description,https://www.kaggle.com/c/isic-2024-challenge/discussion/532868,www.kaggle.com,,0
isic-2024-challenge,1,cv,2024,Research,7,description,https://www.kaggle.com/c/isic-2024-challenge/discussion/532687,www.kaggle.com,,0
isic-2024-challenge,1,cv,2024,Research,8,description,https://www.kaggle.com/c/isic-2024-challenge/discussion/532728,www.kaggle.com,,0
isic-2024-challenge,1,cv,2024,Research,9,description,https://www.kaggle.com/c/isic-2024-challenge/discussion/532577,www.kaggle.com,,1
isic-2024-challenge,1,cv,2024,Research,10,description,https://www.kaggle.com/c/isic-2024-challenge/discussion/533179,www.kaggle.com,,0
isic-2024-challenge,1,cv,2024,Research,11,description,https://www.kaggle.com/c/isic-2024-challenge/discussion/532595,www.kaggle.com,,0
isic-2024-challenge,1,cv,2024,Research,12,description,https://www.kaggle.com/c/isic-2024-challenge/discussion/532642,www.kaggle.com,,1
isic-2024-challenge,1,cv,2024,Research,13,description,https://www.kaggle.com/c/isic-2024-challenge/discussion/532654,www.kaggle.com,,0
isic-2024-challenge,1,cv,2024,Research,14,description,https://www.kaggle.com/c/isic-2024-challenge/discussion/532786,www.kaggle.com,,0
isic-2024-challenge,1,cv,2024,Research,15,description,https://www.kaggle.com/c/isic-2024-challenge/discussion/532580,www.kaggle.com,,0
isic-2024-challenge,1,cv,2024,Research,17,description,https://www.kaggle.com/c/isic-2024-challenge/discussion/533005,www.kaggle.com,,0
isic-2024-challenge,1,cv,2024,Research,21,description,https://www.kaggle.com/c/isic-2024-challenge/discussion/532723,www.kaggle.com,,0
isic-2024-challenge,1,cv,2024,Research,24,description,https://www.kaggle.com/c/isic-2024-challenge/discussion/532564,www.kaggle.com,,0
isic-2024-challenge,1,cv,2024,Research,27,description,https://www.kaggle.com/c/isic-2024-challenge/discussion/532620,www.kaggle.com,,0
isic-2024-challenge,1,cv,2024,Research,31,description,https://www.kaggle.com/c/isic-2024-challenge/discussion/532593,www.kaggle.com,,0
isic-2024-challenge,1,cv,2024,Research,34,description,https://www.kaggle.com/c/isic-2024-challenge/discussion/533046,www.kaggle.com,,0
iwildcam2022-fgvc9,1,cv,2022,Research,1,description,https://www.kaggle.com/c/iwildcam2022-fgvc9/discussion/328965,www.kaggle.com,,1
iwildcam2022-fgvc9,1,cv,2022,Research,9,description,https://www.kaggle.com/c/iwildcam2022-fgvc9/discussion/328526,www.kaggle.com,,1
mayo-clinic-strip-ai,1,cv,2022,Research,1,code,https://www.kaggle.com/c/mayo-clinic-strip-ai/discussion/357892,www.kaggle.com,,1
mayo-clinic-strip-ai,1,cv,2022,Research,2,code,https://www.kaggle.com/c/mayo-clinic-strip-ai/discussion/358089,www.kaggle.com,,1
mayo-clinic-strip-ai,1,cv,2022,Research,3,description,https://www.kaggle.com/c/mayo-clinic-strip-ai/discussion/358187,www.kaggle.com,,0
mayo-clinic-strip-ai,1,cv,2022,Research,4,description,https://www.kaggle.com/c/mayo-clinic-strip-ai/discussion/364466,www.kaggle.com,,0
mayo-clinic-strip-ai,1,cv,2022,Research,5,description,https://www.kaggle.com/c/mayo-clinic-strip-ai/discussion/358029,www.kaggle.com,,1
mayo-clinic-strip-ai,1,cv,2022,Research,5,description,https://www.kaggle.com/c/mayo-clinic-strip-ai/discussion/357877,www.kaggle.com,,1
mayo-clinic-strip-ai,1,cv,2022,Research,6,description,https://www.kaggle.com/c/mayo-clinic-strip-ai/discussion/359562,www.kaggle.com,,0
mayo-clinic-strip-ai,1,cv,2022,Research,7,description,https://www.kaggle.com/c/mayo-clinic-strip-ai/discussion/358130,www.kaggle.com,,0
mayo-clinic-strip-ai,1,cv,2022,Research,13,description,https://www.kaggle.com/c/mayo-clinic-strip-ai/discussion/358203,www.kaggle.com,,0
mayo-clinic-strip-ai,1,cv,2022,Research,25,description,https://www.kaggle.com/c/mayo-clinic-strip-ai/discussion/357898,www.kaggle.com,,1
neurips-2023-machine-unlearning,1,cv,2023,Research,2,description,https://www.kaggle.com/c/neurips-2023-machine-unlearning/discussion/458721,www.kaggle.com,,1
neurips-2023-machine-unlearning,1,cv,2023,Research,3,description,https://www.kaggle.com/c/neurips-2023-machine-unlearning/discussion/459200,www.kaggle.com,,0
neurips-2023-machine-unlearning,1,cv,2023,Research,4,description,https://www.kaggle.com/c/neurips-2023-machine-unlearning/discussion/459334,www.kaggle.com,,0
neurips-2023-machine-unlearning,1,cv,2023,Research,5,description,https://www.kaggle.com/c/neurips-2023-machine-unlearning/discussion/459148,www.kaggle.com,,0
neurips-2023-machine-unlearning,1,cv,2023,Research,6,description,https://www.kaggle.com/c/neurips-2023-machine-unlearning/discussion/458531,www.kaggle.com,,1
neurips-2023-machine-unlearning,1,cv,2023,Research,7,description,https://www.kaggle.com/c/neurips-2023-machine-unlearning/discussion/458740,www.kaggle.com,,1
neurips-2023-machine-unlearning,1,cv,2023,Research,8,description,https://www.kaggle.com/c/neurips-2023-machine-unlearning/discussion/459095,www.kaggle.com,,0
neurips-2023-machine-unlearning,1,cv,2023,Research,9,description,https://www.kaggle.com/c/neurips-2023-machine-unlearning/discussion/458715,www.kaggle.com,,0
nfl-big-data-bowl-2026-prediction,1,cv,2025,Featured,1,description,https://www.kaggle.com/c/nfl-big-data-bowl-2026-prediction/writeups/public-3rd-solution,www.kaggle.com,,0
nfl-big-data-bowl-2026-prediction,1,cv,2025,Featured,2,description,https://www.kaggle.com/c/nfl-big-data-bowl-2026-prediction/writeups/2nd-place-solution,www.kaggle.com,,0
nfl-big-data-bowl-2026-prediction,1,cv,2025,Featured,3,description,https://www.kaggle.com/c/nfl-big-data-bowl-2026-prediction/writeups/3rd-place-solution,www.kaggle.com,,0
nfl-big-data-bowl-2026-prediction,1,cv,2025,Featured,5,description,https://www.kaggle.com/c/nfl-big-data-bowl-2026-prediction/writeups/5th-place-solution,www.kaggle.com,,0
nfl-big-data-bowl-2026-prediction,1,cv,2025,Featured,19,description,https://www.kaggle.com/c/nfl-big-data-bowl-2026-prediction/writeups/th-place-solution,www.kaggle.com,,0
nfl-big-data-bowl-2026-prediction,1,cv,2025,Featured,23,description,https://www.kaggle.com/c/nfl-big-data-bowl-2026-prediction/writeups/gru-solution,www.kaggle.com,,0
nfl-big-data-bowl-2026-prediction,1,cv,2025,Featured,24,description,https://www.kaggle.com/c/nfl-big-data-bowl-2026-prediction/writeups/public-23rd-solution-data-augmentation,www.kaggle.com,,0
nfl-big-data-bowl-2026-prediction,1,cv,2025,Featured,33,description,https://www.kaggle.com/c/nfl-big-data-bowl-2026-prediction/writeups/relembedding-architecture-and-chiral-augmentation,www.kaggle.com,,0
nfl-health-and-safety-helmet-assignment,1,cv,2021,Featured,1,code,https://www.kaggle.com/c/nfl-health-and-safety-helmet-assignment/discussion/284975,www.kaggle.com,,1
nfl-health-and-safety-helmet-assignment,1,cv,2021,Featured,2,code,https://www.kaggle.com/c/nfl-health-and-safety-helmet-assignment/discussion/285112,www.kaggle.com,,1
nfl-health-and-safety-helmet-assignment,1,cv,2021,Featured,3,description,https://www.kaggle.com/c/nfl-health-and-safety-helmet-assignment/discussion/285076,www.kaggle.com,,0
nfl-health-and-safety-helmet-assignment,1,cv,2021,Featured,4,description,https://www.kaggle.com/c/nfl-health-and-safety-helmet-assignment/discussion/285007,www.kaggle.com,,0
nfl-health-and-safety-helmet-assignment,1,cv,2021,Featured,5,description,https://www.kaggle.com/c/nfl-health-and-safety-helmet-assignment/discussion/285286,www.kaggle.com,,0
nfl-health-and-safety-helmet-assignment,1,cv,2021,Featured,9,description,https://www.kaggle.com/c/nfl-health-and-safety-helmet-assignment/discussion/284940,www.kaggle.com,,1
nfl-health-and-safety-helmet-assignment,1,cv,2021,Featured,10,description,https://www.kaggle.com/c/nfl-health-and-safety-helmet-assignment/discussion/284945,www.kaggle.com,,1
nfl-health-and-safety-helmet-assignment,1,cv,2021,Featured,11,description,https://www.kaggle.com/c/nfl-health-and-safety-helmet-assignment/discussion/285156,www.kaggle.com,,0
nfl-health-and-safety-helmet-assignment,1,cv,2021,Featured,21,description,https://www.kaggle.com/c/nfl-health-and-safety-helmet-assignment/discussion/285065,www.kaggle.com,,0
nfl-health-and-safety-helmet-assignment,1,cv,2021,Featured,22,description,https://www.kaggle.com/c/nfl-health-and-safety-helmet-assignment/discussion/285179,www.kaggle.com,,0
nfl-health-and-safety-helmet-assignment,1,cv,2021,Featured,23,description,https://www.kaggle.com/c/nfl-health-and-safety-helmet-assignment/discussion/285285,www.kaggle.com,,0
nfl-health-and-safety-helmet-assignment,1,cv,2021,Featured,25,description,https://www.kaggle.com/c/nfl-health-and-safety-helmet-assignment/discussion/285153,www.kaggle.com,,0
nfl-health-and-safety-helmet-assignment,1,cv,2021,Featured,30,description,https://www.kaggle.com/c/nfl-health-and-safety-helmet-assignment/discussion/285127,www.kaggle.com,,0
nfl-health-and-safety-helmet-assignment,1,cv,2021,Featured,39,description,https://www.kaggle.com/c/nfl-health-and-safety-helmet-assignment/discussion/285059,www.kaggle.com,,0
nfl-health-and-safety-helmet-assignment,1,cv,2021,Featured,all solutions,kernel,https://www.kaggle.com/c/nfl-health-and-safety-helmet-assignment/discussion/285013,www.kaggle.com,,0
nfl-player-contact-detection,1,cv,2023,Featured,1,description,https://www.kaggle.com/c/nfl-player-contact-detection/discussion/391635,www.kaggle.com,,1
nfl-player-contact-detection,1,cv,2023,Featured,2,description,https://www.kaggle.com/c/nfl-player-contact-detection/discussion/391740,www.kaggle.com,,1
nfl-player-contact-detection,1,cv,2023,Featured,3,description,https://www.kaggle.com/c/nfl-player-contact-detection/discussion/392182,www.kaggle.com,,0
nfl-player-contact-detection,1,cv,2023,Featured,4,description,https://www.kaggle.com/c/nfl-player-contact-detection/discussion/391761,www.kaggle.com,,0
nfl-player-contact-detection,1,cv,2023,Featured,5,description,https://www.kaggle.com/c/nfl-player-contact-detection/discussion/392290,www.kaggle.com,,0
nfl-player-contact-detection,1,cv,2023,Featured,9,description,https://www.kaggle.com/c/nfl-player-contact-detection/discussion/392402,www.kaggle.com,,0
nfl-player-contact-detection,1,cv,2023,Featured,14,description,https://www.kaggle.com/c/nfl-player-contact-detection/discussion/391609,www.kaggle.com,,1
nfl-player-contact-detection,1,cv,2023,Featured,16,description,https://www.kaggle.com/c/nfl-player-contact-detection/discussion/391792,www.kaggle.com,,0
nfl-player-contact-detection,1,cv,2023,Featured,18,description,https://www.kaggle.com/c/nfl-player-contact-detection/discussion/392162,www.kaggle.com,,0
nfl-player-contact-detection,1,cv,2023,Featured,19,description,https://www.kaggle.com/c/nfl-player-contact-detection/discussion/394302,www.kaggle.com,,0
nfl-player-contact-detection,1,cv,2023,Featured,41,description,https://www.kaggle.com/c/nfl-player-contact-detection/discussion/392226,www.kaggle.com,,0
nfl-player-contact-detection,1,cv,2023,Featured,45,description,https://www.kaggle.com/c/nfl-player-contact-detection/discussion/391703,www.kaggle.com,,0
petfinder-pawpularity-score,1,cv,2022,Research,1,code,https://www.kaggle.com/c/petfinder-pawpularity-score/discussion/301686,www.kaggle.com,,1
petfinder-pawpularity-score,1,cv,2022,Research,1,description,https://www.kaggle.com/c/petfinder-pawpularity-score/discussion/300938,www.kaggle.com,,0
petfinder-pawpularity-score,1,cv,2022,Research,2,code,https://www.kaggle.com/c/petfinder-pawpularity-score/discussion/300929,www.kaggle.com,,0
petfinder-pawpularity-score,1,cv,2022,Research,3,code,https://www.kaggle.com/c/petfinder-pawpularity-score/discussion/301044,www.kaggle.com,,0
petfinder-pawpularity-score,1,cv,2022,Research,4,description,https://www.kaggle.com/c/petfinder-pawpularity-score/discussion/301072,www.kaggle.com,,0
petfinder-pawpularity-score,1,cv,2022,Research,5,description,https://www.kaggle.com/c/petfinder-pawpularity-score/discussion/300928,www.kaggle.com,,1
petfinder-pawpularity-score,1,cv,2022,Research,6,description,https://www.kaggle.com/c/petfinder-pawpularity-score/discussion/301015,www.kaggle.com,,1
petfinder-pawpularity-score,1,cv,2022,Research,9,description,https://www.kaggle.com/c/petfinder-pawpularity-score/discussion/300947,www.kaggle.com,,0
petfinder-pawpularity-score,1,cv,2022,Research,12,code,https://www.kaggle.com/c/petfinder-pawpularity-score/discussion/301191,www.kaggle.com,,0
petfinder-pawpularity-score,1,cv,2022,Research,13,description,https://www.kaggle.com/c/petfinder-pawpularity-score/discussion/300969,www.kaggle.com,,0
petfinder-pawpularity-score,1,cv,2022,Research,14,description,https://www.kaggle.com/c/petfinder-pawpularity-score/discussion/300941,www.kaggle.com,,0
petfinder-pawpularity-score,1,cv,2022,Research,17,description,https://www.kaggle.com/c/petfinder-pawpularity-score/discussion/300949,www.kaggle.com,,0
petfinder-pawpularity-score,1,cv,2022,Research,18,description,https://www.kaggle.com/c/petfinder-pawpularity-score/discussion/300942,www.kaggle.com,,1
petfinder-pawpularity-score,1,cv,2022,Research,25,description,https://www.kaggle.com/c/petfinder-pawpularity-score/discussion/301118,www.kaggle.com,,0
petfinder-pawpularity-score,1,cv,2022,Research,26,description,https://www.kaggle.com/c/petfinder-pawpularity-score/discussion/301317,www.kaggle.com,,0
petfinder-pawpularity-score,1,cv,2022,Research,29,description,https://www.kaggle.com/c/petfinder-pawpularity-score/discussion/300962,www.kaggle.com,,0
petfinder-pawpularity-score,1,cv,2022,Research,30,description,https://www.kaggle.com/c/petfinder-pawpularity-score/discussion/301064,www.kaggle.com,,0
petfinder-pawpularity-score,1,cv,2022,Research,39,description,https://www.kaggle.com/c/petfinder-pawpularity-score/discussion/301259,www.kaggle.com,,0
petfinder-pawpularity-score,1,cv,2022,Research,42,description,https://www.kaggle.com/c/petfinder-pawpularity-score/discussion/301091,www.kaggle.com,,0
petfinder-pawpularity-score,1,cv,2022,Research,51,code,https://www.kaggle.com/c/petfinder-pawpularity-score/discussion/300940,www.kaggle.com,,0
petfinder-pawpularity-score,1,cv,2022,Research,all solutions,kernel,https://www.kaggle.com/c/petfinder-pawpularity-score/discussion/300952,www.kaggle.com,,0
physionet-ecg-image-digitization,1,cv,2026,Research,1,description,https://www.kaggle.com/c/physionet-ecg-image-digitization/writeups/1st-place-solution,www.kaggle.com,,0
physionet-ecg-image-digitization,1,cv,2026,Research,2,description,https://www.kaggle.com/c/physionet-ecg-image-digitization/writeups/2nd-place-solution,www.kaggle.com,,0
physionet-ecg-image-digitization,1,cv,2026,Research,3,description,https://www.kaggle.com/c/physionet-ecg-image-digitization/writeups/3rd-place-solution,www.kaggle.com,,0
physionet-ecg-image-digitization,1,cv,2026,Research,4,description,https://www.kaggle.com/c/physionet-ecg-image-digitization/writeups/4th-place-solution,www.kaggle.com,,0
physionet-ecg-image-digitization,1,cv,2026,Research,5,description,https://www.kaggle.com/c/physionet-ecg-image-digitization/writeups/5th-place-solution,www.kaggle.com,,0
physionet-ecg-image-digitization,1,cv,2026,Research,6,description,https://www.kaggle.com/c/physionet-ecg-image-digitization/writeups/6th-place-solution,www.kaggle.com,,0
physionet-ecg-image-digitization,1,cv,2026,Research,7,description,https://www.kaggle.com/c/physionet-ecg-image-digitization/writeups/7th-place-solution,www.kaggle.com,,0
physionet-ecg-image-digitization,1,cv,2026,Research,8,description,https://www.kaggle.com/c/physionet-ecg-image-digitization/writeups/8th-place-solution,www.kaggle.com,,0
physionet-ecg-image-digitization,1,cv,2026,Research,9,description,https://www.kaggle.com/c/physionet-ecg-image-digitization/writeups/9th-place-solution,www.kaggle.com,,0
physionet-ecg-image-digitization,1,cv,2026,Research,10,description,https://www.kaggle.com/c/physionet-ecg-image-digitization/writeups/top-10-solution-giba,www.kaggle.com,,0
physionet-ecg-image-digitization,1,cv,2026,Research,11,description,https://www.kaggle.com/c/physionet-ecg-image-digitization/writeups/11th-place-solution,www.kaggle.com,,0
physionet-ecg-image-digitization,1,cv,2026,Research,12,description,https://www.kaggle.com/c/physionet-ecg-image-digitization/writeups/12th-place-solution,www.kaggle.com,,0
physionet-ecg-image-digitization,1,cv,2026,Research,13,description,https://www.kaggle.com/c/physionet-ecg-image-digitization/writeups/13th-place-solution-public-lb-21-62-db-privat,www.kaggle.com,,0
physionet-ecg-image-digitization,1,cv,2026,Research,14,description,https://www.kaggle.com/c/physionet-ecg-image-digitization/writeups/14th-place-solution,www.kaggle.com,,0
physionet-ecg-image-digitization,1,cv,2026,Research,15,description,https://www.kaggle.com/c/physionet-ecg-image-digitization/writeups/15th-place-solution,www.kaggle.com,,0
physionet-ecg-image-digitization,1,cv,2026,Research,17,description,https://www.kaggle.com/c/physionet-ecg-image-digitization/writeups/17th-place-solution,www.kaggle.com,,0
physionet-ecg-image-digitization,1,cv,2026,Research,21,description,https://www.kaggle.com/c/physionet-ecg-image-digitization/writeups/21st-place-solution,www.kaggle.com,,0
physionet-ecg-image-digitization,1,cv,2026,Research,24,description,https://www.kaggle.com/c/physionet-ecg-image-digitization/writeups/24th-place-solution,www.kaggle.com,,0
physionet-ecg-image-digitization,1,cv,2026,Research,26,description,https://www.kaggle.com/c/physionet-ecg-image-digitization/writeups/26th-place-solution,www.kaggle.com,,0
physionet-ecg-image-digitization,1,cv,2026,Research,27,description,https://www.kaggle.com/c/physionet-ecg-image-digitization/writeups/27th-place-solution-only-pre-and-postprocessing,www.kaggle.com,,0
planttraits2024,1,cv,2024,Research,1,description,https://www.kaggle.com/c/planttraits2024/discussion/510393,www.kaggle.com,,1
planttraits2024,1,cv,2024,Research,6,description,https://www.kaggle.com/c/planttraits2024/discussion/510143,www.kaggle.com,,1
planttraits2024,1,cv,2024,Research,9,description,https://www.kaggle.com/c/planttraits2024/discussion/510188,www.kaggle.com,,1
recodai-luc-scientific-image-forgery-detection,1,cv,2026,Research,1,description,https://www.kaggle.com/c/recodai-luc-scientific-image-forgery-detection/writeups/1st-place-solution,www.kaggle.com,,0
recodai-luc-scientific-image-forgery-detection,1,cv,2026,Research,29,description,https://www.kaggle.com/c/recodai-luc-scientific-image-forgery-detection/writeups/recod-ai-luc-scientific-image-forgery-detection,www.kaggle.com,,0
rsna-2022-cervical-spine-fracture-detection,1,cv,2022,Featured,1,code,https://www.kaggle.com/c/rsna-2022-cervical-spine-fracture-detection/discussion/362607,www.kaggle.com,,1
rsna-2022-cervical-spine-fracture-detection,1,cv,2022,Featured,1,code,https://www.kaggle.com/c/rsna-2022-cervical-spine-fracture-detection/discussion/362787,www.kaggle.com,,1
rsna-2022-cervical-spine-fracture-detection,1,cv,2022,Featured,2,code,https://www.kaggle.com/c/rsna-2022-cervical-spine-fracture-detection/discussion/365115,www.kaggle.com,,0
rsna-2022-cervical-spine-fracture-detection,1,cv,2022,Featured,3,code,https://www.kaggle.com/c/rsna-2022-cervical-spine-fracture-detection/discussion/362643,www.kaggle.com,,1
rsna-2022-cervical-spine-fracture-detection,1,cv,2022,Featured,4,code,https://www.kaggle.com/c/rsna-2022-cervical-spine-fracture-detection/discussion/364837,www.kaggle.com,,0
rsna-2022-cervical-spine-fracture-detection,1,cv,2022,Featured,5,code,https://www.kaggle.com/c/rsna-2022-cervical-spine-fracture-detection/discussion/363232,www.kaggle.com,,1
rsna-2022-cervical-spine-fracture-detection,1,cv,2022,Featured,6,code,https://www.kaggle.com/c/rsna-2022-cervical-spine-fracture-detection/discussion/362651,www.kaggle.com,,1
rsna-2022-cervical-spine-fracture-detection,1,cv,2022,Featured,7,code,https://www.kaggle.com/c/rsna-2022-cervical-spine-fracture-detection/discussion/364848,www.kaggle.com,,0
rsna-2022-cervical-spine-fracture-detection,1,cv,2022,Featured,8,code,https://www.kaggle.com/c/rsna-2022-cervical-spine-fracture-detection/discussion/362669,www.kaggle.com,,0
rsna-2022-cervical-spine-fracture-detection,1,cv,2022,Featured,10,description,https://www.kaggle.com/c/rsna-2022-cervical-spine-fracture-detection/discussion/362986,www.kaggle.com,,0
rsna-2022-cervical-spine-fracture-detection,1,cv,2022,Featured,12,description,https://www.kaggle.com/c/rsna-2022-cervical-spine-fracture-detection/discussion/362844,www.kaggle.com,,0
rsna-2022-cervical-spine-fracture-detection,1,cv,2022,Featured,13,description,https://www.kaggle.com/c/rsna-2022-cervical-spine-fracture-detection/discussion/362687,www.kaggle.com,,0
rsna-2022-cervical-spine-fracture-detection,1,cv,2022,Featured,14,description,https://www.kaggle.com/c/rsna-2022-cervical-spine-fracture-detection/discussion/362771,www.kaggle.com,,0
rsna-2022-cervical-spine-fracture-detection,1,cv,2022,Featured,17,description,https://www.kaggle.com/c/rsna-2022-cervical-spine-fracture-detection/discussion/362931,www.kaggle.com,,0
rsna-2022-cervical-spine-fracture-detection,1,cv,2022,Featured,18,description,https://www.kaggle.com/c/rsna-2022-cervical-spine-fracture-detection/discussion/362640,www.kaggle.com,,0
rsna-2022-cervical-spine-fracture-detection,1,cv,2022,Featured,32,description,https://www.kaggle.com/c/rsna-2022-cervical-spine-fracture-detection/discussion/362593,www.kaggle.com,,0
rsna-2022-cervical-spine-fracture-detection,1,cv,2022,Featured,38,description,https://www.kaggle.com/c/rsna-2022-cervical-spine-fracture-detection/discussion/362647,www.kaggle.com,,0
rsna-2022-cervical-spine-fracture-detection,1,cv,2022,Featured,58,description,https://www.kaggle.com/c/rsna-2022-cervical-spine-fracture-detection/discussion/362592,www.kaggle.com,,0
rsna-2023-abdominal-trauma-detection,1,cv,2023,Featured,1,description,https://www.kaggle.com/c/rsna-2023-abdominal-trauma-detection/discussion/447449,www.kaggle.com,,1
rsna-2023-abdominal-trauma-detection,1,cv,2023,Featured,2,description,https://www.kaggle.com/c/rsna-2023-abdominal-trauma-detection/discussion/447453,www.kaggle.com,,1
rsna-2023-abdominal-trauma-detection,1,cv,2023,Featured,3,description,https://www.kaggle.com/c/rsna-2023-abdominal-trauma-detection/discussion/447464,www.kaggle.com,,1
rsna-2023-abdominal-trauma-detection,1,cv,2023,Featured,4,description,https://www.kaggle.com/c/rsna-2023-abdominal-trauma-detection/discussion/447848,www.kaggle.com,,0
rsna-2023-abdominal-trauma-detection,1,cv,2023,Featured,6,description,https://www.kaggle.com/c/rsna-2023-abdominal-trauma-detection/discussion/448208,www.kaggle.com,,0
rsna-2023-abdominal-trauma-detection,1,cv,2023,Featured,7,description,https://www.kaggle.com/c/rsna-2023-abdominal-trauma-detection/discussion/447549,www.kaggle.com,,0
rsna-2023-abdominal-trauma-detection,1,cv,2023,Featured,8,description,https://www.kaggle.com/c/rsna-2023-abdominal-trauma-detection/discussion/447706,www.kaggle.com,,0
rsna-2023-abdominal-trauma-detection,1,cv,2023,Featured,9,description,https://www.kaggle.com/c/rsna-2023-abdominal-trauma-detection/discussion/447506,www.kaggle.com,,0
rsna-2023-abdominal-trauma-detection,1,cv,2023,Featured,10,description,https://www.kaggle.com/c/rsna-2023-abdominal-trauma-detection/discussion/447450,www.kaggle.com,,1
rsna-2023-abdominal-trauma-detection,1,cv,2023,Featured,12,description,https://www.kaggle.com/c/rsna-2023-abdominal-trauma-detection/discussion/447539,www.kaggle.com,,0
rsna-2023-abdominal-trauma-detection,1,cv,2023,Featured,14,description,https://www.kaggle.com/c/rsna-2023-abdominal-trauma-detection/discussion/447553,www.kaggle.com,,0
rsna-2023-abdominal-trauma-detection,1,cv,2023,Featured,16,description,https://www.kaggle.com/c/rsna-2023-abdominal-trauma-detection/discussion/447448,www.kaggle.com,,0
rsna-2023-abdominal-trauma-detection,1,cv,2023,Featured,17,description,https://www.kaggle.com/c/rsna-2023-abdominal-trauma-detection/discussion/447779,www.kaggle.com,,0
rsna-2023-abdominal-trauma-detection,1,cv,2023,Featured,32,description,https://www.kaggle.com/c/rsna-2023-abdominal-trauma-detection/discussion/447651,www.kaggle.com,,0
rsna-2024-lumbar-spine-degenerative-classification,1,cv,2024,Featured,1,description,https://www.kaggle.com/c/rsna-2024-lumbar-spine-degenerative-classification/discussion/540091,www.kaggle.com,,1
rsna-2024-lumbar-spine-degenerative-classification,1,cv,2024,Featured,2,description,https://www.kaggle.com/c/rsna-2024-lumbar-spine-degenerative-classification/discussion/539452,www.kaggle.com,,1
rsna-2024-lumbar-spine-degenerative-classification,1,cv,2024,Featured,3,description,https://www.kaggle.com/c/rsna-2024-lumbar-spine-degenerative-classification/discussion/539453,www.kaggle.com,,1
rsna-2024-lumbar-spine-degenerative-classification,1,cv,2024,Featured,4,description,https://www.kaggle.com/c/rsna-2024-lumbar-spine-degenerative-classification/discussion/539443,www.kaggle.com,,1
rsna-2024-lumbar-spine-degenerative-classification,1,cv,2024,Featured,5,description,https://www.kaggle.com/c/rsna-2024-lumbar-spine-degenerative-classification/discussion/539472,www.kaggle.com,,0
rsna-2024-lumbar-spine-degenerative-classification,1,cv,2024,Featured,6,description,https://www.kaggle.com/c/rsna-2024-lumbar-spine-degenerative-classification/discussion/541813,www.kaggle.com,,0
rsna-2024-lumbar-spine-degenerative-classification,1,cv,2024,Featured,7,description,https://www.kaggle.com/c/rsna-2024-lumbar-spine-degenerative-classification/discussion/539486,www.kaggle.com,,0
rsna-2024-lumbar-spine-degenerative-classification,1,cv,2024,Featured,8,description,https://www.kaggle.com/c/rsna-2024-lumbar-spine-degenerative-classification/discussion/539548,www.kaggle.com,,0
rsna-2024-lumbar-spine-degenerative-classification,1,cv,2024,Featured,9,description,https://www.kaggle.com/c/rsna-2024-lumbar-spine-degenerative-classification/discussion/539690,www.kaggle.com,,0
rsna-2024-lumbar-spine-degenerative-classification,1,cv,2024,Featured,11,description,https://www.kaggle.com/c/rsna-2024-lumbar-spine-degenerative-classification/discussion/539569,www.kaggle.com,,0
rsna-2024-lumbar-spine-degenerative-classification,1,cv,2024,Featured,12,description,https://www.kaggle.com/c/rsna-2024-lumbar-spine-degenerative-classification/discussion/540001,www.kaggle.com,,0
rsna-2024-lumbar-spine-degenerative-classification,1,cv,2024,Featured,13,description,https://www.kaggle.com/c/rsna-2024-lumbar-spine-degenerative-classification/discussion/539510,www.kaggle.com,,0
rsna-2024-lumbar-spine-degenerative-classification,1,cv,2024,Featured,14,description,https://www.kaggle.com/c/rsna-2024-lumbar-spine-degenerative-classification/discussion/539459,www.kaggle.com,,0
rsna-2024-lumbar-spine-degenerative-classification,1,cv,2024,Featured,15,description,https://www.kaggle.com/c/rsna-2024-lumbar-spine-degenerative-classification/discussion/539981,www.kaggle.com,,0
rsna-2024-lumbar-spine-degenerative-classification,1,cv,2024,Featured,24,description,https://www.kaggle.com/c/rsna-2024-lumbar-spine-degenerative-classification/discussion/539744,www.kaggle.com,,0
rsna-2024-lumbar-spine-degenerative-classification,1,cv,2024,Featured,27,description,https://www.kaggle.com/c/rsna-2024-lumbar-spine-degenerative-classification/discussion/539494,www.kaggle.com,,0
rsna-2024-lumbar-spine-degenerative-classification,1,cv,2024,Featured,31,description,https://www.kaggle.com/c/rsna-2024-lumbar-spine-degenerative-classification/discussion/539555,www.kaggle.com,,0
rsna-breast-cancer-detection,1,cv,2023,Featured,1,description,https://www.kaggle.com/c/rsna-breast-cancer-detection/discussion/392449,www.kaggle.com,,1
rsna-breast-cancer-detection,1,cv,2023,Featured,2,description,https://www.kaggle.com/c/rsna-breast-cancer-detection/discussion/391676,www.kaggle.com,,1
rsna-breast-cancer-detection,1,cv,2023,Featured,3,description,https://www.kaggle.com/c/rsna-breast-cancer-detection/discussion/391725,www.kaggle.com,,0
rsna-breast-cancer-detection,1,cv,2023,Featured,4,description,https://www.kaggle.com/c/rsna-breast-cancer-detection/discussion/391208,www.kaggle.com,,1
rsna-breast-cancer-detection,1,cv,2023,Featured,5,description,https://www.kaggle.com/c/rsna-breast-cancer-detection/discussion/391979,www.kaggle.com,,0
rsna-breast-cancer-detection,1,cv,2023,Featured,6,description,https://www.kaggle.com/c/rsna-breast-cancer-detection/discussion/390974,www.kaggle.com,,1
rsna-breast-cancer-detection,1,cv,2023,Featured,7,description,https://www.kaggle.com/c/rsna-breast-cancer-detection/discussion/391125,www.kaggle.com,,0
rsna-breast-cancer-detection,1,cv,2023,Featured,8,description,https://www.kaggle.com/c/rsna-breast-cancer-detection/discussion/391041,www.kaggle.com,,0
rsna-breast-cancer-detection,1,cv,2023,Featured,9,description,https://www.kaggle.com/c/rsna-breast-cancer-detection/discussion/390966,www.kaggle.com,,1
rsna-breast-cancer-detection,1,cv,2023,Featured,10,description,https://www.kaggle.com/c/rsna-breast-cancer-detection/discussion/391378,www.kaggle.com,,0
rsna-breast-cancer-detection,1,cv,2023,Featured,16,description,https://www.kaggle.com/c/rsna-breast-cancer-detection/discussion/391133,www.kaggle.com,,0
rsna-breast-cancer-detection,1,cv,2023,Featured,18,description,https://www.kaggle.com/c/rsna-breast-cancer-detection/discussion/390975,www.kaggle.com,,0
rsna-breast-cancer-detection,1,cv,2023,Featured,19,description,https://www.kaggle.com/c/rsna-breast-cancer-detection/discussion/391341,www.kaggle.com,,0
rsna-breast-cancer-detection,1,cv,2023,Featured,20,description,https://www.kaggle.com/c/rsna-breast-cancer-detection/discussion/391263,www.kaggle.com,,0
rsna-breast-cancer-detection,1,cv,2023,Featured,22,description,https://www.kaggle.com/c/rsna-breast-cancer-detection/discussion/391398,www.kaggle.com,,0
rsna-breast-cancer-detection,1,cv,2023,Featured,26,description,https://www.kaggle.com/c/rsna-breast-cancer-detection/discussion/391022,www.kaggle.com,,0
rsna-breast-cancer-detection,1,cv,2023,Featured,31,description,https://www.kaggle.com/c/rsna-breast-cancer-detection/discussion/391286,www.kaggle.com,,0
rsna-intracranial-aneurysm-detection,1,cv,2025,Featured,1,description,https://www.kaggle.com/c/rsna-intracranial-aneurysm-detection/writeups/1st-place-solution,www.kaggle.com,,0
rsna-intracranial-aneurysm-detection,1,cv,2025,Featured,2,description,https://www.kaggle.com/c/rsna-intracranial-aneurysm-detection/writeups/2nd-place-solution,www.kaggle.com,,0
rsna-intracranial-aneurysm-detection,1,cv,2025,Featured,3,description,https://www.kaggle.com/c/rsna-intracranial-aneurysm-detection/writeups/3rd-place-solution,www.kaggle.com,,0
rsna-intracranial-aneurysm-detection,1,cv,2025,Featured,4,description,https://www.kaggle.com/c/rsna-intracranial-aneurysm-detection/writeups/4th-place-solution,www.kaggle.com,,0
rsna-intracranial-aneurysm-detection,1,cv,2025,Featured,5,description,https://www.kaggle.com/c/rsna-intracranial-aneurysm-detection/writeups/5th-place-solution,www.kaggle.com,,0
rsna-intracranial-aneurysm-detection,1,cv,2025,Featured,6,description,https://www.kaggle.com/c/rsna-intracranial-aneurysm-detection/writeups/6th-place-solution,www.kaggle.com,,0
rsna-intracranial-aneurysm-detection,1,cv,2025,Featured,7,description,https://www.kaggle.com/c/rsna-intracranial-aneurysm-detection/writeups/7th-place-solution,www.kaggle.com,,0
rsna-intracranial-aneurysm-detection,1,cv,2025,Featured,8,description,https://www.kaggle.com/c/rsna-intracranial-aneurysm-detection/writeups/8th-place-solution,www.kaggle.com,,0
rsna-intracranial-aneurysm-detection,1,cv,2025,Featured,9,description,https://www.kaggle.com/c/rsna-intracranial-aneurysm-detection/writeups/9th-place-solution,www.kaggle.com,,0
rsna-intracranial-aneurysm-detection,1,cv,2025,Featured,11,description,https://www.kaggle.com/c/rsna-intracranial-aneurysm-detection/writeups/11th-place-solution,www.kaggle.com,,0
rsna-intracranial-aneurysm-detection,1,cv,2025,Featured,15,description,https://www.kaggle.com/c/rsna-intracranial-aneurysm-detection/writeups/15th-place-solution,www.kaggle.com,,0
rsna-intracranial-aneurysm-detection,1,cv,2025,Featured,18,description,https://www.kaggle.com/c/rsna-intracranial-aneurysm-detection/writeups/18th-place-solution,www.kaggle.com,,0
rsna-intracranial-aneurysm-detection,1,cv,2025,Featured,38,description,https://www.kaggle.com/c/rsna-intracranial-aneurysm-detection/writeups/38nd-place-solution,www.kaggle.com,,0
rsna-miccai-brain-tumor-radiogenomic-classification,1,cv,2021,Featured,1,code,https://www.kaggle.com/c/rsna-miccai-brain-tumor-radiogenomic-classification/discussion/281347,www.kaggle.com,,1
rsna-miccai-brain-tumor-radiogenomic-classification,1,cv,2021,Featured,2,code,https://www.kaggle.com/c/rsna-miccai-brain-tumor-radiogenomic-classification/discussion/280033,www.kaggle.com,,0
rsna-miccai-brain-tumor-radiogenomic-classification,1,cv,2021,Featured,3,code,https://www.kaggle.com/c/rsna-miccai-brain-tumor-radiogenomic-classification/discussion/287713,www.kaggle.com,,0
rsna-miccai-brain-tumor-radiogenomic-classification,1,cv,2021,Featured,4,code,https://www.kaggle.com/c/rsna-miccai-brain-tumor-radiogenomic-classification/discussion/280029,www.kaggle.com,,0
rsna-miccai-brain-tumor-radiogenomic-classification,1,cv,2021,Featured,5,code,https://www.kaggle.com/c/rsna-miccai-brain-tumor-radiogenomic-classification/discussion/281911,www.kaggle.com,,0
rsna-miccai-brain-tumor-radiogenomic-classification,1,cv,2021,Featured,6,code,https://www.kaggle.com/c/rsna-miccai-brain-tumor-radiogenomic-classification/discussion/280402,www.kaggle.com,,0
rsna-miccai-brain-tumor-radiogenomic-classification,1,cv,2021,Featured,7,code,https://www.kaggle.com/c/rsna-miccai-brain-tumor-radiogenomic-classification/discussion/281374,www.kaggle.com,,0
rsna-miccai-brain-tumor-radiogenomic-classification,1,cv,2021,Featured,8,code,https://www.kaggle.com/c/rsna-miccai-brain-tumor-radiogenomic-classification/discussion/280572,www.kaggle.com,,0
rsna-miccai-brain-tumor-radiogenomic-classification,1,cv,2021,Featured,9,code,https://www.kaggle.com/c/rsna-miccai-brain-tumor-radiogenomic-classification/discussion/279826,www.kaggle.com,,0
rsna-miccai-brain-tumor-radiogenomic-classification,1,cv,2021,Featured,12,code,https://www.kaggle.com/c/rsna-miccai-brain-tumor-radiogenomic-classification/discussion/279832,www.kaggle.com,,1
rsna-miccai-brain-tumor-radiogenomic-classification,1,cv,2021,Featured,15,code,https://www.kaggle.com/super13579/vit-vision-transformer-3d-with-one-mri-type?scriptVersionId=77546815,www.kaggle.com,,0
rsna-miccai-brain-tumor-radiogenomic-classification,1,cv,2021,Featured,all solutions,kernel,https://www.kaggle.com/c/rsna-miccai-brain-tumor-radiogenomic-classification/discussion/280062,www.kaggle.com,,0
sartorius-cell-instance-segmentation,1,cv,2021,Featured,1,code,https://www.kaggle.com/c/sartorius-cell-instance-segmentation/discussion/298869,www.kaggle.com,,1
sartorius-cell-instance-segmentation,1,cv,2021,Featured,2,description,https://www.kaggle.com/c/sartorius-cell-instance-segmentation/discussion/297988,www.kaggle.com,,1
sartorius-cell-instance-segmentation,1,cv,2021,Featured,3,description,https://www.kaggle.com/c/sartorius-cell-instance-segmentation/discussion/298021,www.kaggle.com,,0
sartorius-cell-instance-segmentation,1,cv,2021,Featured,3,description,https://www.kaggle.com/c/sartorius-cell-instance-segmentation/discussion/297984,www.kaggle.com,,1
sartorius-cell-instance-segmentation,1,cv,2021,Featured,4,description,https://www.kaggle.com/c/sartorius-cell-instance-segmentation/discussion/298146,www.kaggle.com,,0
sartorius-cell-instance-segmentation,1,cv,2021,Featured,5,description,https://www.kaggle.com/c/sartorius-cell-instance-segmentation/discussion/298081,www.kaggle.com,,1
sartorius-cell-instance-segmentation,1,cv,2021,Featured,6,code,https://www.kaggle.com/c/sartorius-cell-instance-segmentation/discussion/297986,www.kaggle.com,,0
sartorius-cell-instance-segmentation,1,cv,2021,Featured,7,code,https://www.kaggle.com/c/sartorius-cell-instance-segmentation/discussion/298002,www.kaggle.com,,0
sartorius-cell-instance-segmentation,1,cv,2021,Featured,8,code,https://www.kaggle.com/c/sartorius-cell-instance-segmentation/discussion/297998,www.kaggle.com,,0
sartorius-cell-instance-segmentation,1,cv,2021,Featured,9,description,https://www.kaggle.com/c/sartorius-cell-instance-segmentation/discussion/297985,www.kaggle.com,,0
sartorius-cell-instance-segmentation,1,cv,2021,Featured,11,code,https://www.kaggle.com/c/sartorius-cell-instance-segmentation/discussion/298038,www.kaggle.com,,0
sartorius-cell-instance-segmentation,1,cv,2021,Featured,22,description,https://www.kaggle.com/c/sartorius-cell-instance-segmentation/discussion/298030,www.kaggle.com,,0
sartorius-cell-instance-segmentation,1,cv,2021,Featured,all solutions,kernel,https://www.kaggle.com/c/sartorius-cell-instance-segmentation/discussion/298005,www.kaggle.com,,0
sorghum-id-fgvc-9,1,cv,2022,Research,1,description,https://www.kaggle.com/c/sorghum-id-fgvc-9/discussion/329049,www.kaggle.com,,1
sorghum-id-fgvc-9,1,cv,2022,Research,2,description,https://www.kaggle.com/c/sorghum-id-fgvc-9/discussion/329414,www.kaggle.com,,1
sorghum-id-fgvc-9,1,cv,2022,Research,3,code,https://www.kaggle.com/c/sorghum-id-fgvc-9/discussion/328593,www.kaggle.com,,1
stable-diffusion-image-to-prompts,1,cv,2023,Featured,1,description,https://www.kaggle.com/c/stable-diffusion-image-to-prompts/discussion/411237,www.kaggle.com,,1
stable-diffusion-image-to-prompts,1,cv,2023,Featured,2,description,https://www.kaggle.com/c/stable-diffusion-image-to-prompts/discussion/410606,www.kaggle.com,,1
stable-diffusion-image-to-prompts,1,cv,2023,Featured,3,description,https://www.kaggle.com/c/stable-diffusion-image-to-prompts/discussion/410686,www.kaggle.com,,1
stable-diffusion-image-to-prompts,1,cv,2023,Featured,4,description,https://www.kaggle.com/c/stable-diffusion-image-to-prompts/discussion/410798,www.kaggle.com,,0
stable-diffusion-image-to-prompts,1,cv,2023,Featured,5,description,https://www.kaggle.com/c/stable-diffusion-image-to-prompts/discussion/410688,www.kaggle.com,,0
stable-diffusion-image-to-prompts,1,cv,2023,Featured,6,description,https://www.kaggle.com/c/stable-diffusion-image-to-prompts/discussion/410768,www.kaggle.com,,0
stable-diffusion-image-to-prompts,1,cv,2023,Featured,7,description,https://www.kaggle.com/c/stable-diffusion-image-to-prompts/discussion/410618,www.kaggle.com,,0
stable-diffusion-image-to-prompts,1,cv,2023,Featured,11,description,https://www.kaggle.com/c/stable-diffusion-image-to-prompts/discussion/410611,www.kaggle.com,,0
stable-diffusion-image-to-prompts,1,cv,2023,Featured,12,description,https://www.kaggle.com/c/stable-diffusion-image-to-prompts/discussion/410657,www.kaggle.com,,0
stable-diffusion-image-to-prompts,1,cv,2023,Featured,33,description,https://www.kaggle.com/c/stable-diffusion-image-to-prompts/discussion/410610,www.kaggle.com,,0
stable-diffusion-image-to-prompts,1,cv,2023,Featured,36,description,https://www.kaggle.com/c/stable-diffusion-image-to-prompts/discussion/410609,www.kaggle.com,,0
tensorflow-great-barrier-reef,1,cv,2022,Research,1,description,https://www.kaggle.com/c/tensorflow-great-barrier-reef/discussion/307878,www.kaggle.com,,1
tensorflow-great-barrier-reef,1,cv,2022,Research,2,code,https://www.kaggle.com/c/tensorflow-great-barrier-reef/discussion/307760,www.kaggle.com,,0
tensorflow-great-barrier-reef,1,cv,2022,Research,3,description,https://www.kaggle.com/c/tensorflow-great-barrier-reef/discussion/307707,www.kaggle.com,,1
tensorflow-great-barrier-reef,1,cv,2022,Research,4,description,https://www.kaggle.com/c/tensorflow-great-barrier-reef/discussion/307626,www.kaggle.com,,0
tensorflow-great-barrier-reef,1,cv,2022,Research,5,description,https://www.kaggle.com/c/tensorflow-great-barrier-reef/discussion/308007,www.kaggle.com,,1
tensorflow-great-barrier-reef,1,cv,2022,Research,6,description,https://www.kaggle.com/c/tensorflow-great-barrier-reef/discussion/307619,www.kaggle.com,,0
tensorflow-great-barrier-reef,1,cv,2022,Research,7,code,https://www.kaggle.com/c/tensorflow-great-barrier-reef/discussion/307786,www.kaggle.com,,0
tensorflow-great-barrier-reef,1,cv,2022,Research,8,description,https://www.kaggle.com/c/tensorflow-great-barrier-reef/discussion/307735,www.kaggle.com,,0
tensorflow-great-barrier-reef,1,cv,2022,Research,9,description,https://www.kaggle.com/c/tensorflow-great-barrier-reef/discussion/307871,www.kaggle.com,,0
tensorflow-great-barrier-reef,1,cv,2022,Research,10,description,https://www.kaggle.com/c/tensorflow-great-barrier-reef/discussion/307756,www.kaggle.com,,0
tensorflow-great-barrier-reef,1,cv,2022,Research,11,description,https://www.kaggle.com/c/tensorflow-great-barrier-reef/discussion/307718,www.kaggle.com,,0
tensorflow-great-barrier-reef,1,cv,2022,Research,12,description,https://www.kaggle.com/c/tensorflow-great-barrier-reef/discussion/307753,www.kaggle.com,,0
tensorflow-great-barrier-reef,1,cv,2022,Research,15,description,https://www.kaggle.com/c/tensorflow-great-barrier-reef/discussion/307691,www.kaggle.com,,0
tensorflow-great-barrier-reef,1,cv,2022,Research,16,description,https://www.kaggle.com/c/tensorflow-great-barrier-reef/discussion/308336,www.kaggle.com,,0
tensorflow-great-barrier-reef,1,cv,2022,Research,22,description,https://www.kaggle.com/c/tensorflow-great-barrier-reef/discussion/307622,www.kaggle.com,,0
tensorflow-great-barrier-reef,1,cv,2022,Research,34,description,https://www.kaggle.com/c/tensorflow-great-barrier-reef/discussion/307669,www.kaggle.com,,0
tensorflow-great-barrier-reef,1,cv,2022,Research,38,description,https://www.kaggle.com/c/tensorflow-great-barrier-reef/discussion/307807,www.kaggle.com,,0
uw-madison-gi-tract-image-segmentation,1,cv,2022,Research,1,code,https://www.kaggle.com/c/uw-madison-gi-tract-image-segmentation/discussion/337197,www.kaggle.com,,1
uw-madison-gi-tract-image-segmentation,1,cv,2022,Research,1,description,https://www.kaggle.com/c/uw-madison-gi-tract-image-segmentation/discussion/337217,www.kaggle.com,,1
uw-madison-gi-tract-image-segmentation,1,cv,2022,Research,2,description,https://www.kaggle.com/c/uw-madison-gi-tract-image-segmentation/discussion/337400,www.kaggle.com,,0
uw-madison-gi-tract-image-segmentation,1,cv,2022,Research,3,code,https://www.kaggle.com/c/uw-madison-gi-tract-image-segmentation/discussion/337468,www.kaggle.com,,1
uw-madison-gi-tract-image-segmentation,1,cv,2022,Research,5,description,https://www.kaggle.com/c/uw-madison-gi-tract-image-segmentation/discussion/337268,www.kaggle.com,,1
uw-madison-gi-tract-image-segmentation,1,cv,2022,Research,8,description,https://www.kaggle.com/c/uw-madison-gi-tract-image-segmentation/discussion/337359,www.kaggle.com,,0
uw-madison-gi-tract-image-segmentation,1,cv,2022,Research,10,description,https://www.kaggle.com/c/uw-madison-gi-tract-image-segmentation/discussion/337195,www.kaggle.com,,0
uw-madison-gi-tract-image-segmentation,1,cv,2022,Research,11,description,https://www.kaggle.com/c/uw-madison-gi-tract-image-segmentation/discussion/337193,www.kaggle.com,,0
uw-madison-gi-tract-image-segmentation,1,cv,2022,Research,14,description,https://www.kaggle.com/c/uw-madison-gi-tract-image-segmentation/discussion/337191,www.kaggle.com,,0
uw-madison-gi-tract-image-segmentation,1,cv,2022,Research,15,description,https://www.kaggle.com/c/uw-madison-gi-tract-image-segmentation/discussion/337189,www.kaggle.com,,0
uw-madison-gi-tract-image-segmentation,1,cv,2022,Research,15,description,https://www.kaggle.com/c/uw-madison-gi-tract-image-segmentation/discussion/337326,www.kaggle.com,,0
uw-madison-gi-tract-image-segmentation,1,cv,2022,Research,17,description,https://www.kaggle.com/c/uw-madison-gi-tract-image-segmentation/discussion/337343,www.kaggle.com,,0
uw-madison-gi-tract-image-segmentation,1,cv,2022,Research,22,description,https://www.kaggle.com/c/uw-madison-gi-tract-image-segmentation/discussion/337199,www.kaggle.com,,0
uw-madison-gi-tract-image-segmentation,1,cv,2022,Research,23,description,https://www.kaggle.com/c/uw-madison-gi-tract-image-segmentation/discussion/337327,www.kaggle.com,,0
uw-madison-gi-tract-image-segmentation,1,cv,2022,Research,27,description,https://www.kaggle.com/c/uw-madison-gi-tract-image-segmentation/discussion/337231,www.kaggle.com,,0
uw-madison-gi-tract-image-segmentation,1,cv,2022,Research,28,description,https://www.kaggle.com/c/uw-madison-gi-tract-image-segmentation/discussion/337210,www.kaggle.com,,0
uw-madison-gi-tract-image-segmentation,1,cv,2022,Research,31,description,https://www.kaggle.com/c/uw-madison-gi-tract-image-segmentation/discussion/337235,www.kaggle.com,,0
uw-madison-gi-tract-image-segmentation,1,cv,2022,Research,42,description,https://www.kaggle.com/c/uw-madison-gi-tract-image-segmentation/discussion/337192,www.kaggle.com,,0
uw-madison-gi-tract-image-segmentation,1,cv,2022,Research,43,code,https://www.kaggle.com/c/uw-madison-gi-tract-image-segmentation/discussion/337196,www.kaggle.com,,0
uw-madison-gi-tract-image-segmentation,1,cv,2022,Research,43,description,https://www.kaggle.com/c/uw-madison-gi-tract-image-segmentation/discussion/337313,www.kaggle.com,,0
uw-madison-gi-tract-image-segmentation,1,cv,2022,Research,all solutions,kernel,https://www.kaggle.com/c/uw-madison-gi-tract-image-segmentation/discussion/338040,www.kaggle.com,,0
vesuvius-challenge-ink-detection,1,cv,2023,Featured,1,description,https://www.kaggle.com/c/vesuvius-challenge-ink-detection/discussion/417496,www.kaggle.com,,1
vesuvius-challenge-ink-detection,1,cv,2023,Featured,2,description,https://www.kaggle.com/c/vesuvius-challenge-ink-detection/discussion/417255,www.kaggle.com,,1
vesuvius-challenge-ink-detection,1,cv,2023,Featured,3,description,https://www.kaggle.com/c/vesuvius-challenge-ink-detection/discussion/417536,www.kaggle.com,,0
vesuvius-challenge-ink-detection,1,cv,2023,Featured,4,description,https://www.kaggle.com/c/vesuvius-challenge-ink-detection/discussion/417779,www.kaggle.com,,0
vesuvius-challenge-ink-detection,1,cv,2023,Featured,5,description,https://www.kaggle.com/c/vesuvius-challenge-ink-detection/discussion/417642,www.kaggle.com,,0
vesuvius-challenge-ink-detection,1,cv,2023,Featured,6,description,https://www.kaggle.com/c/vesuvius-challenge-ink-detection/discussion/417274,www.kaggle.com,,1
vesuvius-challenge-ink-detection,1,cv,2023,Featured,7,description,https://www.kaggle.com/c/vesuvius-challenge-ink-detection/discussion/417430,www.kaggle.com,,0
vesuvius-challenge-ink-detection,1,cv,2023,Featured,8,description,https://www.kaggle.com/c/vesuvius-challenge-ink-detection/discussion/417383,www.kaggle.com,,0
vesuvius-challenge-ink-detection,1,cv,2023,Featured,9,description,https://www.kaggle.com/c/vesuvius-challenge-ink-detection/discussion/417361,www.kaggle.com,,1
vesuvius-challenge-ink-detection,1,cv,2023,Featured,10,description,https://www.kaggle.com/c/vesuvius-challenge-ink-detection/discussion/417363,www.kaggle.com,,0
vesuvius-challenge-ink-detection,1,cv,2023,Featured,12,description,https://www.kaggle.com/c/vesuvius-challenge-ink-detection/discussion/418921,www.kaggle.com,,0
vesuvius-challenge-ink-detection,1,cv,2023,Featured,13,description,https://www.kaggle.com/c/vesuvius-challenge-ink-detection/discussion/417444,www.kaggle.com,,0
vesuvius-challenge-surface-detection,1,cv,2026,Research,1,description,https://www.kaggle.com/c/vesuvius-challenge-surface-detection/writeups/1st-place-solution-for-the-vesuvius-challenge-su,www.kaggle.com,,0
vesuvius-challenge-surface-detection,1,cv,2026,Research,2,description,https://www.kaggle.com/c/vesuvius-challenge-surface-detection/writeups/2nd-place-solution-vesuvius-challenge-a-postproc,www.kaggle.com,,0
vesuvius-challenge-surface-detection,1,cv,2026,Research,3,description,https://www.kaggle.com/c/vesuvius-challenge-surface-detection/writeups/quick-preview-of-the-3rd-place,www.kaggle.com,,0
vesuvius-challenge-surface-detection,1,cv,2026,Research,4,description,https://www.kaggle.com/c/vesuvius-challenge-surface-detection/writeups/4-th-place-solution,www.kaggle.com,,0
vesuvius-challenge-surface-detection,1,cv,2026,Research,5,description,https://www.kaggle.com/c/vesuvius-challenge-surface-detection/writeups/5th-place-solution,www.kaggle.com,,0
vesuvius-challenge-surface-detection,1,cv,2026,Research,7,description,https://www.kaggle.com/c/vesuvius-challenge-surface-detection/writeups/7st-place-solution-for-the-vesuvius-challenge,www.kaggle.com,,0
vesuvius-challenge-surface-detection,1,cv,2026,Research,8,description,https://www.kaggle.com/c/vesuvius-challenge-surface-detection/writeups/8th-place-solution,www.kaggle.com,,0
vesuvius-challenge-surface-detection,1,cv,2026,Research,9,description,https://www.kaggle.com/c/vesuvius-challenge-surface-detection/writeups/9th-place-solution,www.kaggle.com,,0
vesuvius-challenge-surface-detection,1,cv,2026,Research,10,description,https://www.kaggle.com/c/vesuvius-challenge-surface-detection/writeups/10th-place-solution,www.kaggle.com,,0
vesuvius-challenge-surface-detection,1,cv,2026,Research,11,description,https://www.kaggle.com/c/vesuvius-challenge-surface-detection/writeups/11th-place,www.kaggle.com,,0
vesuvius-challenge-surface-detection,1,cv,2026,Research,12,description,https://www.kaggle.com/c/vesuvius-challenge-surface-detection/writeups/12th-place-solution,www.kaggle.com,,0
vesuvius-challenge-surface-detection,1,cv,2026,Research,18,description,https://www.kaggle.com/c/vesuvius-challenge-surface-detection/writeups/18th-median-filter-x-7-post-processing-is-very-s,www.kaggle.com,,0
vesuvius-challenge-surface-detection,1,cv,2026,Research,24,description,https://www.kaggle.com/c/vesuvius-challenge-surface-detection/writeups/24th-place-solution,www.kaggle.com,,0
vesuvius-challenge-surface-detection,1,cv,2026,Research,25,description,https://www.kaggle.com/c/vesuvius-challenge-surface-detection/writeups/25th-place-solution,www.kaggle.com,,0
vesuvius-challenge-surface-detection,1,cv,2026,Research,27,description,https://www.kaggle.com/c/vesuvius-challenge-surface-detection/writeups/27th-place,www.kaggle.com,,0
vesuvius-challenge-surface-detection,1,cv,2026,Research,35,description,https://www.kaggle.com/c/vesuvius-challenge-surface-detection/writeups/35th-private-lb-silversolutionhigh-epoch-nnu-net,www.kaggle.com,,0
vesuvius-challenge-surface-detection,1,cv,2026,Research,43,description,https://www.kaggle.com/c/vesuvius-challenge-surface-detection/writeups/43rd-place-solution-two-stage-nnu-net-for-hole-f,www.kaggle.com,,0
vesuvius-challenge-surface-detection,1,cv,2026,Research,49,description,https://www.kaggle.com/c/vesuvius-challenge-surface-detection/writeups/less-is-more-a-single-skeleton-aware-nnu-net-for,www.kaggle.com,,0
AI4Code,1,nlp,2022,Featured,1,code,https://www.kaggle.com/c/AI4Code/discussion/360501,www.kaggle.com,,1
AI4Code,1,nlp,2022,Featured,2,code,https://www.kaggle.com/c/AI4Code/discussion/343659,www.kaggle.com,,1
AI4Code,1,nlp,2022,Featured,3,code,https://www.kaggle.com/c/AI4Code/discussion/367600,www.kaggle.com,,0
AI4Code,1,nlp,2022,Featured,4,code,https://www.kaggle.com/c/AI4Code/discussion/343595,www.kaggle.com,,1
AI4Code,1,nlp,2022,Featured,5,description,https://www.kaggle.com/c/AI4Code/discussion/365587,www.kaggle.com,,0
AI4Code,1,nlp,2022,Featured,6,code,https://www.kaggle.com/c/AI4Code/discussion/368500,www.kaggle.com,,0
AI4Code,1,nlp,2022,Featured,9,code,https://www.kaggle.com/c/AI4Code/discussion/368190,www.kaggle.com,,0
AI4Code,1,nlp,2022,Featured,10,code,https://www.kaggle.com/c/AI4Code/discussion/368997,www.kaggle.com,,0
AI4Code,1,nlp,2022,Featured,11,code,https://www.kaggle.com/c/AI4Code/discussion/343680,www.kaggle.com,,1
AI4Code,1,nlp,2022,Featured,15,code,https://www.kaggle.com/c/AI4Code/discussion/343714,www.kaggle.com,,0
AI4Code,1,nlp,2022,Featured,18,code,https://www.kaggle.com/c/AI4Code/discussion/354336,www.kaggle.com,,0
AI4Code,1,nlp,2022,Featured,19,code,https://www.kaggle.com/c/AI4Code/discussion/344230,www.kaggle.com,,0
AI4Code,1,nlp,2022,Featured,21,description,https://www.kaggle.com/c/AI4Code/discussion/343730,www.kaggle.com,,0
AI4Code,1,nlp,2022,Featured,25,description,https://www.kaggle.com/c/AI4Code/discussion/343603,www.kaggle.com,,0
AI4Code,1,nlp,2022,Featured,28,code,https://www.kaggle.com/c/AI4Code/discussion/368561,www.kaggle.com,,0
AI4Code,1,nlp,2022,Featured,38,description,https://www.kaggle.com/c/AI4Code/discussion/367140,www.kaggle.com,,0
AI4Code,1,nlp,2022,Featured,41,description,https://www.kaggle.com/c/AI4Code/discussion/367280,www.kaggle.com,,0
ai-agent-security-multi-step-tool-attacks,1,nlp,2026,Featured,1,description,https://www.kaggle.com/c/ai-agent-security-multi-step-tool-attacks/writeups/1st-place-solution,www.kaggle.com,,0
ai-agent-security-multi-step-tool-attacks,1,nlp,2026,Featured,2,description,https://www.kaggle.com/c/ai-agent-security-multi-step-tool-attacks/writeups/aas-2nd-no-shake-plz-no-shake-yes,www.kaggle.com,,0
ai-agent-security-multi-step-tool-attacks,1,nlp,2026,Featured,4,description,https://www.kaggle.com/c/ai-agent-security-multi-step-tool-attacks/writeups/4th-place-solution,www.kaggle.com,,0
ai-agent-security-multi-step-tool-attacks,1,nlp,2026,Featured,5,description,https://www.kaggle.com/c/ai-agent-security-multi-step-tool-attacks/writeups/compiling-user-messages-into-faster-tool-calls,www.kaggle.com,,0
ai-agent-security-multi-step-tool-attacks,1,nlp,2026,Featured,6,description,https://www.kaggle.com/c/ai-agent-security-multi-step-tool-attacks/writeups/6th-place-solution,www.kaggle.com,,0
ai-agent-security-multi-step-tool-attacks,1,nlp,2026,Featured,7,description,https://www.kaggle.com/c/ai-agent-security-multi-step-tool-attacks/writeups/7th-place-solution-transfer-was-the-real-attack,www.kaggle.com,,0
ai-agent-security-multi-step-tool-attacks,1,nlp,2026,Featured,9,description,https://www.kaggle.com/c/ai-agent-security-multi-step-tool-attacks/writeups/9th-place-solution-what-the-defense-could-see,www.kaggle.com,,0
ai-agent-security-multi-step-tool-attacks,1,nlp,2026,Featured,10,description,https://www.kaggle.com/c/ai-agent-security-multi-step-tool-attacks/writeups/10th-place-solution,www.kaggle.com,,0
ai-agent-security-multi-step-tool-attacks,1,nlp,2026,Featured,11,description,https://www.kaggle.com/c/ai-agent-security-multi-step-tool-attacks/writeups/11th-place-solution-measure-what-you-can-survive,www.kaggle.com,,0
ai-agent-security-multi-step-tool-attacks,1,nlp,2026,Featured,13,description,https://www.kaggle.com/c/ai-agent-security-multi-step-tool-attacks/writeups/two-families-opposite-transfer-a-within-team-pub,www.kaggle.com,,0
ai-agent-security-multi-step-tool-attacks,1,nlp,2026,Featured,15,description,https://www.kaggle.com/c/ai-agent-security-multi-step-tool-attacks/writeups/how-a-last-hour-deputy-hedge-won-gold-15,www.kaggle.com,,0
ai-agent-security-multi-step-tool-attacks,1,nlp,2026,Featured,18,description,https://www.kaggle.com/c/ai-agent-security-multi-step-tool-attacks/writeups/the-journey-to-confused-deputy,www.kaggle.com,,0
ai-agent-security-multi-step-tool-attacks,1,nlp,2026,Featured,36,description,https://www.kaggle.com/c/ai-agent-security-multi-step-tool-attacks/writeups/how-i-vibe-coded-my-way-to-almost-top-10-position,www.kaggle.com,,0
ai-agent-security-multi-step-tool-attacks,1,nlp,2026,Featured,37,description,https://www.kaggle.com/c/ai-agent-security-multi-step-tool-attacks/writeups/hard-to-make-choice,www.kaggle.com,,0
ai-agent-security-multi-step-tool-attacks,1,nlp,2026,Featured,41,description,https://www.kaggle.com/c/ai-agent-security-multi-step-tool-attacks/writeups/41st-solution-to-ai-agent-security-multi-step-too,www.kaggle.com,,0
ai-agent-security-multi-step-tool-attacks,1,nlp,2026,Featured,46,description,https://www.kaggle.com/c/ai-agent-security-multi-step-tool-attacks/writeups/46th-place-solution-hedging-the-hidden-guardrail,www.kaggle.com,,0
ai-mathematical-olympiad-prize,1,nlp,2024,Featured,1,description,https://www.kaggle.com/c/ai-mathematical-olympiad-prize/discussion/519303,www.kaggle.com,,1
ai-mathematical-olympiad-prize,1,nlp,2024,Featured,2,description,https://www.kaggle.com/c/ai-mathematical-olympiad-prize/discussion/518964,www.kaggle.com,,1
ai-mathematical-olympiad-prize,1,nlp,2024,Featured,3,description,https://www.kaggle.com/c/ai-mathematical-olympiad-prize/discussion/517206,www.kaggle.com,,1
ai-mathematical-olympiad-prize,1,nlp,2024,Featured,4,description,https://www.kaggle.com/c/ai-mathematical-olympiad-prize/discussion/518960,www.kaggle.com,,0
ai-mathematical-olympiad-prize,1,nlp,2024,Featured,36,description,https://www.kaggle.com/c/ai-mathematical-olympiad-prize/discussion/516966,www.kaggle.com,,0
ai-mathematical-olympiad-prize,1,nlp,2024,Featured,41,description,https://www.kaggle.com/c/ai-mathematical-olympiad-prize/discussion/516868,www.kaggle.com,,0
ai-mathematical-olympiad-progress-prize-2,1,nlp,2025,Featured,1,description,https://www.kaggle.com/c/ai-mathematical-olympiad-progress-prize-2/discussion/574765,www.kaggle.com,,1
ai-mathematical-olympiad-progress-prize-2,1,nlp,2025,Featured,2,description,https://www.kaggle.com/c/ai-mathematical-olympiad-progress-prize-2/discussion/572948,www.kaggle.com,,1
ai-mathematical-olympiad-progress-prize-2,1,nlp,2025,Featured,3,description,https://www.kaggle.com/c/ai-mathematical-olympiad-progress-prize-2/discussion/573314,www.kaggle.com,,1
ai-mathematical-olympiad-progress-prize-2,1,nlp,2025,Featured,4,description,https://www.kaggle.com/c/ai-mathematical-olympiad-progress-prize-2/discussion/573671,www.kaggle.com,,1
ai-mathematical-olympiad-progress-prize-2,1,nlp,2025,Featured,5,description,https://www.kaggle.com/c/ai-mathematical-olympiad-progress-prize-2/discussion/574262,www.kaggle.com,,0
ai-mathematical-olympiad-progress-prize-2,1,nlp,2025,Featured,7,description,https://www.kaggle.com/c/ai-mathematical-olympiad-progress-prize-2/discussion/572760,www.kaggle.com,,0
ai-mathematical-olympiad-progress-prize-2,1,nlp,2025,Featured,8,description,https://www.kaggle.com/c/ai-mathematical-olympiad-progress-prize-2/discussion/571356,www.kaggle.com,,1
ai-mathematical-olympiad-progress-prize-2,1,nlp,2025,Featured,9,description,https://www.kaggle.com/c/ai-mathematical-olympiad-progress-prize-2/discussion/571252,www.kaggle.com,,0
ai-mathematical-olympiad-progress-prize-2,1,nlp,2025,Featured,11,description,https://www.kaggle.com/c/ai-mathematical-olympiad-progress-prize-2/discussion/573086,www.kaggle.com,,0
ai-mathematical-olympiad-progress-prize-2,1,nlp,2025,Featured,18,description,https://www.kaggle.com/c/ai-mathematical-olympiad-progress-prize-2/discussion/573071,www.kaggle.com,,0
ai-mathematical-olympiad-progress-prize-2,1,nlp,2025,Featured,20,description,https://www.kaggle.com/c/ai-mathematical-olympiad-progress-prize-2/discussion/575172,www.kaggle.com,,0
ai-mathematical-olympiad-progress-prize-2,1,nlp,2025,Featured,22,description,https://www.kaggle.com/c/ai-mathematical-olympiad-progress-prize-2/discussion/571289,www.kaggle.com,,0
ai-mathematical-olympiad-progress-prize-3,1,nlp,2026,Featured,2,description,https://www.kaggle.com/c/ai-mathematical-olympiad-progress-prize-3/writeups/less-prompting-more-trust,www.kaggle.com,,0
ai-mathematical-olympiad-progress-prize-3,1,nlp,2026,Featured,6,description,https://www.kaggle.com/c/ai-mathematical-olympiad-progress-prize-3/writeups/entropy-weighted-self-consistency-for-olympiad-lev,www.kaggle.com,,0
ai-mathematical-olympiad-progress-prize-3,1,nlp,2026,Featured,14,description,https://www.kaggle.com/c/ai-mathematical-olympiad-progress-prize-3/writeups/inference-time-engineering-for-imo-level-mathemati,www.kaggle.com,,0
arc-prize-2024,1,nlp,2024,Featured,2,description,https://www.kaggle.com/c/arc-prize-2024/discussion/545671,www.kaggle.com,,1
arc-prize-2024,1,nlp,2024,Featured,3,description,https://www.kaggle.com/c/arc-prize-2024/discussion/550328,www.kaggle.com,,1
arc-prize-2024,1,nlp,2024,Featured,4,description,https://www.kaggle.com/c/arc-prize-2024/discussion/550414,www.kaggle.com,,1
arc-prize-2024,1,nlp,2024,Featured,5,description,https://www.kaggle.com/c/arc-prize-2024/discussion/550336,www.kaggle.com,,0
arc-prize-2024,1,nlp,2024,Featured,13,description,https://www.kaggle.com/c/arc-prize-2024/discussion/546302,www.kaggle.com,,0
arc-prize-2024,1,nlp,2024,Featured,21,description,https://www.kaggle.com/c/arc-prize-2024/discussion/550209,www.kaggle.com,,1
arc-prize-2024,1,nlp,2024,Featured,34,description,https://www.kaggle.com/c/arc-prize-2024/discussion/545886,www.kaggle.com,,0
arc-prize-2025,1,nlp,2025,Featured,1,description,https://www.kaggle.com/c/arc-prize-2025/writeups/nvarc,www.kaggle.com,,0
arc-prize-2025,1,nlp,2025,Featured,3,description,https://www.kaggle.com/c/arc-prize-2025/writeups/mindsai-and-tufa-labs-arc-prize-2025-solution,www.kaggle.com,,0
arc-prize-2025,1,nlp,2025,Featured,4,description,https://www.kaggle.com/c/arc-prize-2025/writeups/arc-prize-2025-competition-writeup-5th-place,www.kaggle.com,,0
arc-prize-2025,1,nlp,2025,Featured,5,description,https://www.kaggle.com/c/arc-prize-2025/writeups/exploring-the-combination-of-search-and-learn-for,www.kaggle.com,,0
arc-prize-2025,1,nlp,2025,Featured,6,description,https://www.kaggle.com/c/arc-prize-2025/writeups/lb10-00-with-small-change-to-2024architects,www.kaggle.com,,0
chaii-hindi-and-tamil-question-answering,1,nlp,2021,Research,1,code,https://www.kaggle.com/c/chaii-hindi-and-tamil-question-answering/discussion/287923,www.kaggle.com,,1
chaii-hindi-and-tamil-question-answering,1,nlp,2021,Research,2,code,https://www.kaggle.com/c/chaii-hindi-and-tamil-question-answering/discussion/287917,www.kaggle.com,,1
chaii-hindi-and-tamil-question-answering,1,nlp,2021,Research,3,code,https://www.kaggle.com/c/chaii-hindi-and-tamil-question-answering/discussion/287929,www.kaggle.com,,0
chaii-hindi-and-tamil-question-answering,1,nlp,2021,Research,4,description,https://www.kaggle.com/c/chaii-hindi-and-tamil-question-answering/discussion/287911,www.kaggle.com,,0
chaii-hindi-and-tamil-question-answering,1,nlp,2021,Research,5,code,https://www.kaggle.com/c/chaii-hindi-and-tamil-question-answering/discussion/288049,www.kaggle.com,,1
chaii-hindi-and-tamil-question-answering,1,nlp,2021,Research,6,code,https://www.kaggle.com/c/chaii-hindi-and-tamil-question-answering/discussion/288442,www.kaggle.com,,0
chaii-hindi-and-tamil-question-answering,1,nlp,2021,Research,7,description,https://www.kaggle.com/c/chaii-hindi-and-tamil-question-answering/discussion/287948,www.kaggle.com,,0
chaii-hindi-and-tamil-question-answering,1,nlp,2021,Research,8,description,https://www.kaggle.com/c/chaii-hindi-and-tamil-question-answering/discussion/289511,www.kaggle.com,,0
chaii-hindi-and-tamil-question-answering,1,nlp,2021,Research,9,description,https://www.kaggle.com/c/chaii-hindi-and-tamil-question-answering/discussion/288110,www.kaggle.com,,0
chaii-hindi-and-tamil-question-answering,1,nlp,2021,Research,10,description,https://www.kaggle.com/c/chaii-hindi-and-tamil-question-answering/discussion/288001,www.kaggle.com,,0
chaii-hindi-and-tamil-question-answering,1,nlp,2021,Research,12,description,https://www.kaggle.com/c/chaii-hindi-and-tamil-question-answering/discussion/288058,www.kaggle.com,,0
chaii-hindi-and-tamil-question-answering,1,nlp,2021,Research,13,description,https://www.kaggle.com/c/chaii-hindi-and-tamil-question-answering/discussion/287918,www.kaggle.com,,0
chaii-hindi-and-tamil-question-answering,1,nlp,2021,Research,14,description,https://www.kaggle.com/c/chaii-hindi-and-tamil-question-answering/discussion/288168,www.kaggle.com,,0
chaii-hindi-and-tamil-question-answering,1,nlp,2021,Research,16,description,https://www.kaggle.com/c/chaii-hindi-and-tamil-question-answering/discussion/287956,www.kaggle.com,,0
chaii-hindi-and-tamil-question-answering,1,nlp,2021,Research,17,description,https://www.kaggle.com/c/chaii-hindi-and-tamil-question-answering/discussion/287914,www.kaggle.com,,0
chaii-hindi-and-tamil-question-answering,1,nlp,2021,Research,18,code,https://www.kaggle.com/c/chaii-hindi-and-tamil-question-answering/discussion/287945,www.kaggle.com,,0
chaii-hindi-and-tamil-question-answering,1,nlp,2021,Research,20,description,https://www.kaggle.com/c/chaii-hindi-and-tamil-question-answering/discussion/288045,www.kaggle.com,,0
chaii-hindi-and-tamil-question-answering,1,nlp,2021,Research,21,description,https://www.kaggle.com/c/chaii-hindi-and-tamil-question-answering/discussion/287946,www.kaggle.com,,0
chaii-hindi-and-tamil-question-answering,1,nlp,2021,Research,22,description,https://www.kaggle.com/c/chaii-hindi-and-tamil-question-answering/discussion/287972,www.kaggle.com,,0
chaii-hindi-and-tamil-question-answering,1,nlp,2021,Research,24,description,https://www.kaggle.com/c/chaii-hindi-and-tamil-question-answering/discussion/287938,www.kaggle.com,,0
chaii-hindi-and-tamil-question-answering,1,nlp,2021,Research,28,description,https://www.kaggle.com/c/chaii-hindi-and-tamil-question-answering/discussion/287940,www.kaggle.com,,0
chaii-hindi-and-tamil-question-answering,1,nlp,2021,Research,35,description,https://www.kaggle.com/c/chaii-hindi-and-tamil-question-answering/discussion/287919,www.kaggle.com,,1
chaii-hindi-and-tamil-question-answering,1,nlp,2021,Research,36,description,https://www.kaggle.com/c/chaii-hindi-and-tamil-question-answering/discussion/288365,www.kaggle.com,,0
chaii-hindi-and-tamil-question-answering,1,nlp,2021,Research,43,description,https://www.kaggle.com/c/chaii-hindi-and-tamil-question-answering/discussion/288419,www.kaggle.com,,0
chaii-hindi-and-tamil-question-answering,1,nlp,2021,Research,56,description,https://www.kaggle.com/c/chaii-hindi-and-tamil-question-answering/discussion/288209,www.kaggle.com,,0
chaii-hindi-and-tamil-question-answering,1,nlp,2021,Research,all solutions,kernel,https://www.kaggle.com/c/chaii-hindi-and-tamil-question-answering/discussion/287921,www.kaggle.com,,0
commonlit-evaluate-student-summaries,1,nlp,2023,Featured,1,description,https://www.kaggle.com/c/commonlit-evaluate-student-summaries/discussion/447293,www.kaggle.com,,1
commonlit-evaluate-student-summaries,1,nlp,2023,Featured,2,description,https://www.kaggle.com/c/commonlit-evaluate-student-summaries/discussion/446573,www.kaggle.com,,1
commonlit-evaluate-student-summaries,1,nlp,2023,Featured,3,description,https://www.kaggle.com/c/commonlit-evaluate-student-summaries/discussion/446686,www.kaggle.com,,1
commonlit-evaluate-student-summaries,1,nlp,2023,Featured,4,description,https://www.kaggle.com/c/commonlit-evaluate-student-summaries/discussion/446524,www.kaggle.com,,1
commonlit-evaluate-student-summaries,1,nlp,2023,Featured,5,description,https://www.kaggle.com/c/commonlit-evaluate-student-summaries/discussion/446584,www.kaggle.com,,1
commonlit-evaluate-student-summaries,1,nlp,2023,Featured,7,description,https://www.kaggle.com/c/commonlit-evaluate-student-summaries/discussion/446534,www.kaggle.com,,1
commonlit-evaluate-student-summaries,1,nlp,2023,Featured,8,description,https://www.kaggle.com/c/commonlit-evaluate-student-summaries/discussion/446712,www.kaggle.com,,0
commonlit-evaluate-student-summaries,1,nlp,2023,Featured,9,description,https://www.kaggle.com/c/commonlit-evaluate-student-summaries/discussion/446539,www.kaggle.com,,1
commonlit-evaluate-student-summaries,1,nlp,2023,Featured,11,description,https://www.kaggle.com/c/commonlit-evaluate-student-summaries/discussion/446776,www.kaggle.com,,0
commonlit-evaluate-student-summaries,1,nlp,2023,Featured,12,description,https://www.kaggle.com/c/commonlit-evaluate-student-summaries/discussion/447254,www.kaggle.com,,0
commonlit-evaluate-student-summaries,1,nlp,2023,Featured,14,description,https://www.kaggle.com/c/commonlit-evaluate-student-summaries/discussion/446818,www.kaggle.com,,0
commonlit-evaluate-student-summaries,1,nlp,2023,Featured,16,description,https://www.kaggle.com/c/commonlit-evaluate-student-summaries/discussion/446872,www.kaggle.com,,0
commonlit-evaluate-student-summaries,1,nlp,2023,Featured,17,description,https://www.kaggle.com/c/commonlit-evaluate-student-summaries/discussion/446648,www.kaggle.com,,0
commonlit-evaluate-student-summaries,1,nlp,2023,Featured,19,description,https://www.kaggle.com/c/commonlit-evaluate-student-summaries/discussion/446512,www.kaggle.com,,0
commonlit-evaluate-student-summaries,1,nlp,2023,Featured,20,description,https://www.kaggle.com/c/commonlit-evaluate-student-summaries/discussion/446676,www.kaggle.com,,0
commonlit-evaluate-student-summaries,1,nlp,2023,Featured,21,description,https://www.kaggle.com/c/commonlit-evaluate-student-summaries/discussion/448625,www.kaggle.com,,0
commonlit-evaluate-student-summaries,1,nlp,2023,Featured,24,description,https://www.kaggle.com/c/commonlit-evaluate-student-summaries/discussion/446689,www.kaggle.com,,0
commonlit-evaluate-student-summaries,1,nlp,2023,Featured,25,description,https://www.kaggle.com/c/commonlit-evaluate-student-summaries/discussion/446701,www.kaggle.com,,0
commonlit-evaluate-student-summaries,1,nlp,2023,Featured,27,description,https://www.kaggle.com/c/commonlit-evaluate-student-summaries/discussion/446542,www.kaggle.com,,0
commonlit-evaluate-student-summaries,1,nlp,2023,Featured,29,description,https://www.kaggle.com/c/commonlit-evaluate-student-summaries/discussion/447093,www.kaggle.com,,0
commonlit-evaluate-student-summaries,1,nlp,2023,Featured,30,description,https://www.kaggle.com/c/commonlit-evaluate-student-summaries/discussion/447325,www.kaggle.com,,0
commonlit-evaluate-student-summaries,1,nlp,2023,Featured,32,description,https://www.kaggle.com/c/commonlit-evaluate-student-summaries/discussion/448604,www.kaggle.com,,0
commonlit-evaluate-student-summaries,1,nlp,2023,Featured,35,description,https://www.kaggle.com/c/commonlit-evaluate-student-summaries/discussion/446591,www.kaggle.com,,0
commonlit-evaluate-student-summaries,1,nlp,2023,Featured,42,description,https://www.kaggle.com/c/commonlit-evaluate-student-summaries/discussion/447822,www.kaggle.com,,0
commonlit-evaluate-student-summaries,1,nlp,2023,Featured,43,description,https://www.kaggle.com/c/commonlit-evaluate-student-summaries/discussion/446644,www.kaggle.com,,0
commonlit-evaluate-student-summaries,1,nlp,2023,Featured,49,description,https://www.kaggle.com/c/commonlit-evaluate-student-summaries/discussion/446516,www.kaggle.com,,0
deep-past-initiative-machine-translation,1,nlp,2026,Featured,1,description,https://www.kaggle.com/c/deep-past-initiative-machine-translation/writeups/dpc-1st-data-quality-dictates-everything,www.kaggle.com,,0
deep-past-initiative-machine-translation,1,nlp,2026,Featured,2,description,https://www.kaggle.com/c/deep-past-initiative-machine-translation/writeups/2nd-place-data-centric-akkadian-nmt,www.kaggle.com,,0
deep-past-initiative-machine-translation,1,nlp,2026,Featured,3,description,https://www.kaggle.com/c/deep-past-initiative-machine-translation/writeups/3rd-synthetic-data-to-teach-oa-fundamentals,www.kaggle.com,,0
deep-past-initiative-machine-translation,1,nlp,2026,Featured,4,description,https://www.kaggle.com/c/deep-past-initiative-machine-translation/writeups/fourth-place-solution-writeup,www.kaggle.com,,0
deep-past-initiative-machine-translation,1,nlp,2026,Featured,5,description,https://www.kaggle.com/c/deep-past-initiative-machine-translation/writeups/5th-solution,www.kaggle.com,,0
deep-past-initiative-machine-translation,1,nlp,2026,Featured,6,description,https://www.kaggle.com/c/deep-past-initiative-machine-translation/writeups/dpc-6th-solution,www.kaggle.com,,0
deep-past-initiative-machine-translation,1,nlp,2026,Featured,7,description,https://www.kaggle.com/c/deep-past-initiative-machine-translation/writeups/short-7th-place-note,www.kaggle.com,,0
deep-past-initiative-machine-translation,1,nlp,2026,Featured,8,description,https://www.kaggle.com/c/deep-past-initiative-machine-translation/writeups/8th-place-solution-2-stage-fine-tuning-high-qua,www.kaggle.com,,0
deep-past-initiative-machine-translation,1,nlp,2026,Featured,9,description,https://www.kaggle.com/c/deep-past-initiative-machine-translation/writeups/9th-place-solution-for-the-deep-past-challenge-c,www.kaggle.com,,0
deep-past-initiative-machine-translation,1,nlp,2026,Featured,10,description,https://www.kaggle.com/c/deep-past-initiative-machine-translation/writeups/10th-place-solution-seq2seq-cpt-pseudo-label,www.kaggle.com,,0
deep-past-initiative-machine-translation,1,nlp,2026,Featured,11,description,https://www.kaggle.com/c/deep-past-initiative-machine-translation/writeups/11th-place-solution,www.kaggle.com,,0
deep-past-initiative-machine-translation,1,nlp,2026,Featured,12,description,https://www.kaggle.com/c/deep-past-initiative-machine-translation/writeups/12th-place-notebooklm-and-single-byt5-base-model,www.kaggle.com,,0
deep-past-initiative-machine-translation,1,nlp,2026,Featured,13,description,https://www.kaggle.com/c/deep-past-initiative-machine-translation/writeups/top-13-solution,www.kaggle.com,,0
deep-past-initiative-machine-translation,1,nlp,2026,Featured,14,description,https://www.kaggle.com/c/deep-past-initiative-machine-translation/writeups/llm-online-learning-is-all-you-need,www.kaggle.com,,0
deep-past-initiative-machine-translation,1,nlp,2026,Featured,15,description,https://www.kaggle.com/c/deep-past-initiative-machine-translation/writeups/15th-place-gold-solution,www.kaggle.com,,0
deep-past-initiative-machine-translation,1,nlp,2026,Featured,20,description,https://www.kaggle.com/c/deep-past-initiative-machine-translation/writeups/20th-place-byt5-base-span-corruption-synth-and-s,www.kaggle.com,,0
deep-past-initiative-machine-translation,1,nlp,2026,Featured,21,description,https://www.kaggle.com/c/deep-past-initiative-machine-translation/writeups/21th-byt5-base-gemini-augmentation-no-ensembl,www.kaggle.com,,0
deep-past-initiative-machine-translation,1,nlp,2026,Featured,23,description,https://www.kaggle.com/c/deep-past-initiative-machine-translation/writeups/23rd-place-cpt-grpo-no-sft,www.kaggle.com,,0
deep-past-initiative-machine-translation,1,nlp,2026,Featured,25,description,https://www.kaggle.com/c/deep-past-initiative-machine-translation/writeups/25th-post-training-qwen2-5-32b-and-72b-with-gemi,www.kaggle.com,,0
deep-past-initiative-machine-translation,1,nlp,2026,Featured,26,description,https://www.kaggle.com/c/deep-past-initiative-machine-translation/writeups/26th-place-dpc-solution-contextual-byt5-large-e,www.kaggle.com,,0
deep-past-initiative-machine-translation,1,nlp,2026,Featured,29,description,https://www.kaggle.com/c/deep-past-initiative-machine-translation/writeups/silver-medal-solution29th-byt5-xl-custom-cpt-wi,www.kaggle.com,,0
deep-past-initiative-machine-translation,1,nlp,2026,Featured,30,description,https://www.kaggle.com/c/deep-past-initiative-machine-translation/writeups/byt5-large-with-word-level-dapt,www.kaggle.com,,0
deep-past-initiative-machine-translation,1,nlp,2026,Featured,32,description,https://www.kaggle.com/c/deep-past-initiative-machine-translation/writeups/32nd-byt5-base-fine-tuning-no-llms-no-synthet,www.kaggle.com,,0
deep-past-initiative-machine-translation,1,nlp,2026,Featured,47,description,https://www.kaggle.com/c/deep-past-initiative-machine-translation/writeups/multi-phase-curriculum-training,www.kaggle.com,,0
deep-past-initiative-machine-translation,1,nlp,2026,Featured,49,description,https://www.kaggle.com/c/deep-past-initiative-machine-translation/writeups/2-stage-cv-cpt-and-mbr-decoding,www.kaggle.com,,0
drawing-with-llms,1,nlp,2025,Featured,1,description,https://www.kaggle.com/c/drawing-with-llms/discussion/581027,www.kaggle.com,,1
drawing-with-llms,1,nlp,2025,Featured,2,description,https://www.kaggle.com/c/drawing-with-llms/discussion/581023,www.kaggle.com,,1
drawing-with-llms,1,nlp,2025,Featured,3,description,https://www.kaggle.com/c/drawing-with-llms/discussion/581024,www.kaggle.com,,1
drawing-with-llms,1,nlp,2025,Featured,4,description,https://www.kaggle.com/c/drawing-with-llms/discussion/581108,www.kaggle.com,,1
drawing-with-llms,1,nlp,2025,Featured,5,description,https://www.kaggle.com/c/drawing-with-llms/discussion/581128,www.kaggle.com,,0
drawing-with-llms,1,nlp,2025,Featured,8,description,https://www.kaggle.com/c/drawing-with-llms/discussion/581095,www.kaggle.com,,0
drawing-with-llms,1,nlp,2025,Featured,9,description,https://www.kaggle.com/c/drawing-with-llms/discussion/581061,www.kaggle.com,,0
drawing-with-llms,1,nlp,2025,Featured,10,description,https://www.kaggle.com/c/drawing-with-llms/discussion/581213,www.kaggle.com,,0
drawing-with-llms,1,nlp,2025,Featured,13,description,https://www.kaggle.com/c/drawing-with-llms/discussion/581032,www.kaggle.com,,1
drawing-with-llms,1,nlp,2025,Featured,14,description,https://www.kaggle.com/c/drawing-with-llms/discussion/581063,www.kaggle.com,,0
drawing-with-llms,1,nlp,2025,Featured,15,description,https://www.kaggle.com/c/drawing-with-llms/discussion/581051,www.kaggle.com,,0
drawing-with-llms,1,nlp,2025,Featured,16,description,https://www.kaggle.com/c/drawing-with-llms/discussion/581094,www.kaggle.com,,0
drawing-with-llms,1,nlp,2025,Featured,18,description,https://www.kaggle.com/c/drawing-with-llms/discussion/582286,www.kaggle.com,,0
drawing-with-llms,1,nlp,2025,Featured,26,description,https://www.kaggle.com/c/drawing-with-llms/discussion/581069,www.kaggle.com,,0
drawing-with-llms,1,nlp,2025,Featured,44,description,https://www.kaggle.com/c/drawing-with-llms/discussion/581194,www.kaggle.com,,0
drawing-with-llms,1,nlp,2025,Featured,45,description,https://www.kaggle.com/c/drawing-with-llms/discussion/582242,www.kaggle.com,,0
eedi-mining-misconceptions-in-mathematics,1,nlp,2024,Featured,1,description,https://www.kaggle.com/c/eedi-mining-misconceptions-in-mathematics/discussion/551688,www.kaggle.com,,1
eedi-mining-misconceptions-in-mathematics,1,nlp,2024,Featured,2,description,https://www.kaggle.com/c/eedi-mining-misconceptions-in-mathematics/discussion/551651,www.kaggle.com,,0
eedi-mining-misconceptions-in-mathematics,1,nlp,2024,Featured,3,description,https://www.kaggle.com/c/eedi-mining-misconceptions-in-mathematics/discussion/551498,www.kaggle.com,,1
eedi-mining-misconceptions-in-mathematics,1,nlp,2024,Featured,4,description,https://www.kaggle.com/c/eedi-mining-misconceptions-in-mathematics/discussion/551559,www.kaggle.com,,0
eedi-mining-misconceptions-in-mathematics,1,nlp,2024,Featured,5,description,https://www.kaggle.com/c/eedi-mining-misconceptions-in-mathematics/discussion/551391,www.kaggle.com,,1
eedi-mining-misconceptions-in-mathematics,1,nlp,2024,Featured,6,description,https://www.kaggle.com/c/eedi-mining-misconceptions-in-mathematics/discussion/551565,www.kaggle.com,,0
eedi-mining-misconceptions-in-mathematics,1,nlp,2024,Featured,7,description,https://www.kaggle.com/c/eedi-mining-misconceptions-in-mathematics/discussion/551388,www.kaggle.com,,1
eedi-mining-misconceptions-in-mathematics,1,nlp,2024,Featured,8,description,https://www.kaggle.com/c/eedi-mining-misconceptions-in-mathematics/discussion/551412,www.kaggle.com,,0
eedi-mining-misconceptions-in-mathematics,1,nlp,2024,Featured,9,description,https://www.kaggle.com/c/eedi-mining-misconceptions-in-mathematics/discussion/551420,www.kaggle.com,,0
eedi-mining-misconceptions-in-mathematics,1,nlp,2024,Featured,10,description,https://www.kaggle.com/c/eedi-mining-misconceptions-in-mathematics/discussion/551722,www.kaggle.com,,0
eedi-mining-misconceptions-in-mathematics,1,nlp,2024,Featured,11,description,https://www.kaggle.com/c/eedi-mining-misconceptions-in-mathematics/discussion/551424,www.kaggle.com,,0
eedi-mining-misconceptions-in-mathematics,1,nlp,2024,Featured,12,description,https://www.kaggle.com/c/eedi-mining-misconceptions-in-mathematics/discussion/551429,www.kaggle.com,,0
eedi-mining-misconceptions-in-mathematics,1,nlp,2024,Featured,13,description,https://www.kaggle.com/c/eedi-mining-misconceptions-in-mathematics/discussion/551673,www.kaggle.com,,0
eedi-mining-misconceptions-in-mathematics,1,nlp,2024,Featured,14,description,https://www.kaggle.com/c/eedi-mining-misconceptions-in-mathematics/discussion/551492,www.kaggle.com,,0
eedi-mining-misconceptions-in-mathematics,1,nlp,2024,Featured,15,description,https://www.kaggle.com/c/eedi-mining-misconceptions-in-mathematics/discussion/551501,www.kaggle.com,,0
eedi-mining-misconceptions-in-mathematics,1,nlp,2024,Featured,26,description,https://www.kaggle.com/c/eedi-mining-misconceptions-in-mathematics/discussion/551406,www.kaggle.com,,0
eedi-mining-misconceptions-in-mathematics,1,nlp,2024,Featured,29,description,https://www.kaggle.com/c/eedi-mining-misconceptions-in-mathematics/discussion/551409,www.kaggle.com,,0
eedi-mining-misconceptions-in-mathematics,1,nlp,2024,Featured,31,description,https://www.kaggle.com/c/eedi-mining-misconceptions-in-mathematics/discussion/553317,www.kaggle.com,,0
eedi-mining-misconceptions-in-mathematics,1,nlp,2024,Featured,33,description,https://www.kaggle.com/c/eedi-mining-misconceptions-in-mathematics/discussion/552108,www.kaggle.com,,0
feedback-prize-2021,1,nlp,2022,Featured,1,description,https://www.kaggle.com/c/feedback-prize-2021/discussion/313177,www.kaggle.com,,1
feedback-prize-2021,1,nlp,2022,Featured,2,code,https://www.kaggle.com/c/feedback-prize-2021/discussion/313389,www.kaggle.com,,1
feedback-prize-2021,1,nlp,2022,Featured,3,description,https://www.kaggle.com/c/feedback-prize-2021/discussion/313235,www.kaggle.com,,1
feedback-prize-2021,1,nlp,2022,Featured,4,description,https://www.kaggle.com/c/feedback-prize-2021/discussion/313330,www.kaggle.com,,1
feedback-prize-2021,1,nlp,2022,Featured,5,description,https://www.kaggle.com/c/feedback-prize-2021/discussion/313478,www.kaggle.com,,0
feedback-prize-2021,1,nlp,2022,Featured,6,description,https://www.kaggle.com/c/feedback-prize-2021/discussion/313424,www.kaggle.com,,1
feedback-prize-2021,1,nlp,2022,Featured,7,code,https://www.kaggle.com/c/feedback-prize-2021/discussion/315887,www.kaggle.com,,0
feedback-prize-2021,1,nlp,2022,Featured,8,description,https://www.kaggle.com/c/feedback-prize-2021/discussion/316071,www.kaggle.com,,0
feedback-prize-2021,1,nlp,2022,Featured,9,description,https://www.kaggle.com/c/feedback-prize-2021/discussion/313201,www.kaggle.com,,0
feedback-prize-2021,1,nlp,2022,Featured,10,description,https://www.kaggle.com/c/feedback-prize-2021/discussion/313718,www.kaggle.com,,0
feedback-prize-2021,1,nlp,2022,Featured,11,code,https://www.kaggle.com/c/feedback-prize-2021/discussion/313184,www.kaggle.com,,0
feedback-prize-2021,1,nlp,2022,Featured,12,code,https://www.kaggle.com/c/feedback-prize-2021/discussion/313833,www.kaggle.com,,0
feedback-prize-2021,1,nlp,2022,Featured,15,code,https://www.kaggle.com/c/feedback-prize-2021/discussion/313253,www.kaggle.com,,0
feedback-prize-2021,1,nlp,2022,Featured,26,description,https://www.kaggle.com/c/feedback-prize-2021/discussion/313274,www.kaggle.com,,0
feedback-prize-2021,1,nlp,2022,Featured,33,description,https://www.kaggle.com/c/feedback-prize-2021/discussion/313331,www.kaggle.com,,0
feedback-prize-2021,1,nlp,2022,Featured,36,code,https://www.kaggle.com/c/feedback-prize-2021/discussion/313452,www.kaggle.com,,0
feedback-prize-2021,1,nlp,2022,Featured,55,description,https://www.kaggle.com/c/feedback-prize-2021/discussion/313229,www.kaggle.com,,0
feedback-prize-2021,1,nlp,2022,Featured,all solutions,kernel,https://www.kaggle.com/c/feedback-prize-2021/discussion/313376,www.kaggle.com,,0
feedback-prize-effectiveness,1,nlp,2022,Featured,1,code,https://www.kaggle.com/c/feedback-prize-effectiveness/discussion/347536,www.kaggle.com,,1
feedback-prize-effectiveness,1,nlp,2022,Featured,1,description,https://www.kaggle.com/c/feedback-prize-effectiveness/discussion/347537,www.kaggle.com,,1
feedback-prize-effectiveness,1,nlp,2022,Featured,2,code,https://www.kaggle.com/c/feedback-prize-effectiveness/discussion/347359,www.kaggle.com,,1
feedback-prize-effectiveness,1,nlp,2022,Featured,3,description,https://www.kaggle.com/c/feedback-prize-effectiveness/discussion/347433,www.kaggle.com,,1
feedback-prize-effectiveness,1,nlp,2022,Featured,3,description,https://www.kaggle.com/c/feedback-prize-effectiveness/discussion/347371,www.kaggle.com,,1
feedback-prize-effectiveness,1,nlp,2022,Featured,4,description,https://www.kaggle.com/c/feedback-prize-effectiveness/discussion/347692,www.kaggle.com,,0
feedback-prize-effectiveness,1,nlp,2022,Featured,5,description,https://www.kaggle.com/c/feedback-prize-effectiveness/discussion/347379,www.kaggle.com,,0
feedback-prize-effectiveness,1,nlp,2022,Featured,5,description,https://www.kaggle.com/c/feedback-prize-effectiveness/discussion/347369,www.kaggle.com,,0
feedback-prize-effectiveness,1,nlp,2022,Featured,5,description,https://www.kaggle.com/c/feedback-prize-effectiveness/discussion/347387,www.kaggle.com,,0
feedback-prize-effectiveness,1,nlp,2022,Featured,6,description,https://www.kaggle.com/c/feedback-prize-effectiveness/discussion/352458,www.kaggle.com,,0
feedback-prize-effectiveness,1,nlp,2022,Featured,7,description,https://www.kaggle.com/c/feedback-prize-effectiveness/discussion/347488,www.kaggle.com,,0
feedback-prize-effectiveness,1,nlp,2022,Featured,7,description,https://www.kaggle.com/c/feedback-prize-effectiveness/discussion/347891,www.kaggle.com,,0
feedback-prize-effectiveness,1,nlp,2022,Featured,11,description,https://www.kaggle.com/c/feedback-prize-effectiveness/discussion/347386,www.kaggle.com,,0
feedback-prize-effectiveness,1,nlp,2022,Featured,12,description,https://www.kaggle.com/c/feedback-prize-effectiveness/discussion/347490,www.kaggle.com,,0
feedback-prize-effectiveness,1,nlp,2022,Featured,14,description,https://www.kaggle.com/c/feedback-prize-effectiveness/discussion/347713,www.kaggle.com,,0
feedback-prize-effectiveness,1,nlp,2022,Featured,23,description,https://www.kaggle.com/c/feedback-prize-effectiveness/discussion/347356,www.kaggle.com,,0
feedback-prize-effectiveness,1,nlp,2022,Featured,24,description,https://www.kaggle.com/c/feedback-prize-effectiveness/discussion/347418,www.kaggle.com,,0
feedback-prize-effectiveness,1,nlp,2022,Featured,all solutions,kernel,https://www.kaggle.com/c/feedback-prize-effectiveness/discussion/347450,www.kaggle.com,,0
feedback-prize-english-language-learning,1,nlp,2022,Featured,1,code,https://www.kaggle.com/c/feedback-prize-english-language-learning/discussion/369457,www.kaggle.com,,1
feedback-prize-english-language-learning,1,nlp,2022,Featured,2,code,https://www.kaggle.com/c/feedback-prize-english-language-learning/discussion/369369,www.kaggle.com,,1
feedback-prize-english-language-learning,1,nlp,2022,Featured,3,code,https://www.kaggle.com/c/feedback-prize-english-language-learning/discussion/369609,www.kaggle.com,,1
feedback-prize-english-language-learning,1,nlp,2022,Featured,4,description,https://www.kaggle.com/c/feedback-prize-english-language-learning/discussion/369621,www.kaggle.com,,0
feedback-prize-english-language-learning,1,nlp,2022,Featured,5,description,https://www.kaggle.com/c/feedback-prize-english-language-learning/discussion/369578,www.kaggle.com,,1
feedback-prize-english-language-learning,1,nlp,2022,Featured,6,code,https://www.kaggle.com/c/feedback-prize-english-language-learning/discussion/369567,www.kaggle.com,,0
feedback-prize-english-language-learning,1,nlp,2022,Featured,7,description,https://www.kaggle.com/c/feedback-prize-english-language-learning/discussion/369736,www.kaggle.com,,0
feedback-prize-english-language-learning,1,nlp,2022,Featured,8,description,https://www.kaggle.com/c/feedback-prize-english-language-learning/discussion/369524,www.kaggle.com,,0
feedback-prize-english-language-learning,1,nlp,2022,Featured,9,description,https://www.kaggle.com/c/feedback-prize-english-language-learning/discussion/369956,www.kaggle.com,,0
feedback-prize-english-language-learning,1,nlp,2022,Featured,10,description,https://www.kaggle.com/c/feedback-prize-english-language-learning/discussion/369373,www.kaggle.com,,0
feedback-prize-english-language-learning,1,nlp,2022,Featured,11,code,https://www.kaggle.com/c/feedback-prize-english-language-learning/discussion/369409,www.kaggle.com,,0
feedback-prize-english-language-learning,1,nlp,2022,Featured,12,description,https://www.kaggle.com/c/feedback-prize-english-language-learning/discussion/369565,www.kaggle.com,,0
feedback-prize-english-language-learning,1,nlp,2022,Featured,13,code,https://www.kaggle.com/c/feedback-prize-english-language-learning/discussion/369440,www.kaggle.com,,0
feedback-prize-english-language-learning,1,nlp,2022,Featured,14,code,https://www.kaggle.com/c/feedback-prize-english-language-learning/discussion/369564,www.kaggle.com,,0
feedback-prize-english-language-learning,1,nlp,2022,Featured,15,description,https://www.kaggle.com/c/feedback-prize-english-language-learning/discussion/369626,www.kaggle.com,,0
feedback-prize-english-language-learning,1,nlp,2022,Featured,18,description,https://www.kaggle.com/c/feedback-prize-english-language-learning/discussion/370974,www.kaggle.com,,0
feedback-prize-english-language-learning,1,nlp,2022,Featured,19,description,https://www.kaggle.com/c/feedback-prize-english-language-learning/discussion/369533,www.kaggle.com,,0
feedback-prize-english-language-learning,1,nlp,2022,Featured,20,code,https://www.kaggle.com/c/feedback-prize-english-language-learning/discussion/369538,www.kaggle.com,,0
feedback-prize-english-language-learning,1,nlp,2022,Featured,21,description,https://www.kaggle.com/c/feedback-prize-english-language-learning/discussion/369822,www.kaggle.com,,0
feedback-prize-english-language-learning,1,nlp,2022,Featured,22,description,https://www.kaggle.com/c/feedback-prize-english-language-learning/discussion/369584,www.kaggle.com,,0
feedback-prize-english-language-learning,1,nlp,2022,Featured,23,description,https://www.kaggle.com/c/feedback-prize-english-language-learning/discussion/369525,www.kaggle.com,,0
feedback-prize-english-language-learning,1,nlp,2022,Featured,26,description,https://www.kaggle.com/c/feedback-prize-english-language-learning/discussion/369691,www.kaggle.com,,0
feedback-prize-english-language-learning,1,nlp,2022,Featured,29,description,https://www.kaggle.com/c/feedback-prize-english-language-learning/discussion/369559,www.kaggle.com,,0
feedback-prize-english-language-learning,1,nlp,2022,Featured,37,description,https://www.kaggle.com/c/feedback-prize-english-language-learning/discussion/371602,www.kaggle.com,,0
feedback-prize-english-language-learning,1,nlp,2022,Featured,38,description,https://www.kaggle.com/c/feedback-prize-english-language-learning/discussion/370459,www.kaggle.com,,0
feedback-prize-english-language-learning,1,nlp,2022,Featured,41,description,https://www.kaggle.com/c/feedback-prize-english-language-learning/discussion/371203,www.kaggle.com,,0
feedback-prize-english-language-learning,1,nlp,2022,Featured,44,description,https://www.kaggle.com/c/feedback-prize-english-language-learning/discussion/371467,www.kaggle.com,,0
feedback-prize-english-language-learning,1,nlp,2022,Featured,46,description,https://www.kaggle.com/c/feedback-prize-english-language-learning/discussion/369664,www.kaggle.com,,0
feedback-prize-english-language-learning,1,nlp,2022,Featured,47,description,https://www.kaggle.com/c/feedback-prize-english-language-learning/discussion/369770,www.kaggle.com,,0
feedback-prize-english-language-learning,1,nlp,2022,Featured,49,description,https://www.kaggle.com/c/feedback-prize-english-language-learning/discussion/369793,www.kaggle.com,,0
jigsaw-agile-community-rules,1,nlp,2025,Featured,1,description,https://www.kaggle.com/c/jigsaw-agile-community-rules/writeups/1st-place-solution,www.kaggle.com,,0
jigsaw-agile-community-rules,1,nlp,2025,Featured,2,description,https://www.kaggle.com/c/jigsaw-agile-community-rules/writeups/2nd-place-solution,www.kaggle.com,,0
jigsaw-agile-community-rules,1,nlp,2025,Featured,3,description,https://www.kaggle.com/c/jigsaw-agile-community-rules/writeups/3rd-place-solution,www.kaggle.com,,0
jigsaw-agile-community-rules,1,nlp,2025,Featured,4,description,https://www.kaggle.com/c/jigsaw-agile-community-rules/writeups/4th-place-solution,www.kaggle.com,,0
jigsaw-agile-community-rules,1,nlp,2025,Featured,5,description,https://www.kaggle.com/c/jigsaw-agile-community-rules/writeups/5th-place-solution-diverse-ensemble,www.kaggle.com,,0
jigsaw-agile-community-rules,1,nlp,2025,Featured,6,description,https://www.kaggle.com/c/jigsaw-agile-community-rules/writeups/6th-place-solution,www.kaggle.com,,0
jigsaw-agile-community-rules,1,nlp,2025,Featured,7,description,https://www.kaggle.com/c/jigsaw-agile-community-rules/writeups/7th-place-solution,www.kaggle.com,,0
jigsaw-agile-community-rules,1,nlp,2025,Featured,8,description,https://www.kaggle.com/c/jigsaw-agile-community-rules/writeups/8th-place-solution-qwen3-14b3-llama2-13b1-b,www.kaggle.com,,0
jigsaw-agile-community-rules,1,nlp,2025,Featured,9,description,https://www.kaggle.com/c/jigsaw-agile-community-rules/writeups/9th-place-solution,www.kaggle.com,,0
jigsaw-agile-community-rules,1,nlp,2025,Featured,11,description,https://www.kaggle.com/c/jigsaw-agile-community-rules/writeups/11th-place-solution,www.kaggle.com,,0
jigsaw-agile-community-rules,1,nlp,2025,Featured,12,description,https://www.kaggle.com/c/jigsaw-agile-community-rules/writeups/12th-place-solution,www.kaggle.com,,0
jigsaw-agile-community-rules,1,nlp,2025,Featured,13,description,https://www.kaggle.com/c/jigsaw-agile-community-rules/writeups/13th-place-solution-using-positive-examples-from,www.kaggle.com,,0
jigsaw-agile-community-rules,1,nlp,2025,Featured,15,description,https://www.kaggle.com/c/jigsaw-agile-community-rules/writeups/15th-place-solution,www.kaggle.com,,0
jigsaw-agile-community-rules,1,nlp,2025,Featured,17,description,https://www.kaggle.com/c/jigsaw-agile-community-rules/writeups/18th-solutionprivate-11th,www.kaggle.com,,0
jigsaw-toxic-severity-rating,1,nlp,2022,Featured,1,code,https://www.kaggle.com/c/jigsaw-toxic-severity-rating/discussion/306274,www.kaggle.com,,1
jigsaw-toxic-severity-rating,1,nlp,2022,Featured,2,description,https://www.kaggle.com/c/jigsaw-toxic-severity-rating/discussion/308938,www.kaggle.com,,0
jigsaw-toxic-severity-rating,1,nlp,2022,Featured,3,description,https://www.kaggle.com/c/jigsaw-toxic-severity-rating/discussion/306235,www.kaggle.com,,1
jigsaw-toxic-severity-rating,1,nlp,2022,Featured,4,code,https://www.kaggle.com/c/jigsaw-toxic-severity-rating/discussion/306084,www.kaggle.com,,1
jigsaw-toxic-severity-rating,1,nlp,2022,Featured,5,code,https://www.kaggle.com/c/jigsaw-toxic-severity-rating/discussion/306390,www.kaggle.com,,0
jigsaw-toxic-severity-rating,1,nlp,2022,Featured,6,code,https://www.kaggle.com/c/jigsaw-toxic-severity-rating/discussion/306926,www.kaggle.com,,0
jigsaw-toxic-severity-rating,1,nlp,2022,Featured,7,code,https://www.kaggle.com/c/jigsaw-toxic-severity-rating/discussion/306366,www.kaggle.com,,1
jigsaw-toxic-severity-rating,1,nlp,2022,Featured,9,description,https://www.kaggle.com/c/jigsaw-toxic-severity-rating/discussion/306187,www.kaggle.com,,0
jigsaw-toxic-severity-rating,1,nlp,2022,Featured,10,description,https://www.kaggle.com/c/jigsaw-toxic-severity-rating/discussion/306373,www.kaggle.com,,0
jigsaw-toxic-severity-rating,1,nlp,2022,Featured,11,description,https://www.kaggle.com/c/jigsaw-toxic-severity-rating/discussion/306228,www.kaggle.com,,0
jigsaw-toxic-severity-rating,1,nlp,2022,Featured,12,code,https://www.kaggle.com/c/jigsaw-toxic-severity-rating/discussion/306325,www.kaggle.com,,0
jigsaw-toxic-severity-rating,1,nlp,2022,Featured,14,description,https://www.kaggle.com/c/jigsaw-toxic-severity-rating/discussion/306063,www.kaggle.com,,1
jigsaw-toxic-severity-rating,1,nlp,2022,Featured,24,description,https://www.kaggle.com/c/jigsaw-toxic-severity-rating/discussion/306205,www.kaggle.com,,0
jigsaw-toxic-severity-rating,1,nlp,2022,Featured,27,description,https://www.kaggle.com/c/jigsaw-toxic-severity-rating/discussion/306221,www.kaggle.com,,0
jigsaw-toxic-severity-rating,1,nlp,2022,Featured,41,description,https://www.kaggle.com/c/jigsaw-toxic-severity-rating/discussion/306171,www.kaggle.com,,0
jigsaw-toxic-severity-rating,1,nlp,2022,Featured,all solutions,kernel,https://www.kaggle.com/c/jigsaw-toxic-severity-rating/discussion/306092,www.kaggle.com,,0
kaggle-llm-science-exam,1,nlp,2023,Featured,1,description,https://www.kaggle.com/c/kaggle-llm-science-exam/discussion/446422,www.kaggle.com,,1
kaggle-llm-science-exam,1,nlp,2023,Featured,2,description,https://www.kaggle.com/c/kaggle-llm-science-exam/discussion/448256,www.kaggle.com,,0
kaggle-llm-science-exam,1,nlp,2023,Featured,3,description,https://www.kaggle.com/c/kaggle-llm-science-exam/discussion/446358,www.kaggle.com,,1
kaggle-llm-science-exam,1,nlp,2023,Featured,4,description,https://www.kaggle.com/c/kaggle-llm-science-exam/discussion/446307,www.kaggle.com,,1
kaggle-llm-science-exam,1,nlp,2023,Featured,5,description,https://www.kaggle.com/c/kaggle-llm-science-exam/discussion/446293,www.kaggle.com,,1
kaggle-llm-science-exam,1,nlp,2023,Featured,6,description,https://www.kaggle.com/c/kaggle-llm-science-exam/discussion/447647,www.kaggle.com,,0
kaggle-llm-science-exam,1,nlp,2023,Featured,7,description,https://www.kaggle.com/c/kaggle-llm-science-exam/discussion/447155,www.kaggle.com,,0
kaggle-llm-science-exam,1,nlp,2023,Featured,10,description,https://www.kaggle.com/c/kaggle-llm-science-exam/discussion/446248,www.kaggle.com,,1
kaggle-llm-science-exam,1,nlp,2023,Featured,11,description,https://www.kaggle.com/c/kaggle-llm-science-exam/discussion/446660,www.kaggle.com,,0
kaggle-llm-science-exam,1,nlp,2023,Featured,12,description,https://www.kaggle.com/c/kaggle-llm-science-exam/discussion/446301,www.kaggle.com,,0
kaggle-llm-science-exam,1,nlp,2023,Featured,13,description,https://www.kaggle.com/c/kaggle-llm-science-exam/discussion/446231,www.kaggle.com,,0
kaggle-llm-science-exam,1,nlp,2023,Featured,14,description,https://www.kaggle.com/c/kaggle-llm-science-exam/discussion/446484,www.kaggle.com,,0
kaggle-llm-science-exam,1,nlp,2023,Featured,15,description,https://www.kaggle.com/c/kaggle-llm-science-exam/discussion/446816,www.kaggle.com,,0
kaggle-llm-science-exam,1,nlp,2023,Featured,17,description,https://www.kaggle.com/c/kaggle-llm-science-exam/discussion/446242,www.kaggle.com,,0
kaggle-llm-science-exam,1,nlp,2023,Featured,18,description,https://www.kaggle.com/c/kaggle-llm-science-exam/discussion/446261,www.kaggle.com,,0
kaggle-llm-science-exam,1,nlp,2023,Featured,19,description,https://www.kaggle.com/c/kaggle-llm-science-exam/discussion/446395,www.kaggle.com,,0
kaggle-llm-science-exam,1,nlp,2023,Featured,20,description,https://www.kaggle.com/c/kaggle-llm-science-exam/discussion/448114,www.kaggle.com,,0
kaggle-llm-science-exam,1,nlp,2023,Featured,21,description,https://www.kaggle.com/c/kaggle-llm-science-exam/discussion/447589,www.kaggle.com,,0
kaggle-llm-science-exam,1,nlp,2023,Featured,28,description,https://www.kaggle.com/c/kaggle-llm-science-exam/discussion/446610,www.kaggle.com,,0
kaggle-llm-science-exam,1,nlp,2023,Featured,30,description,https://www.kaggle.com/c/kaggle-llm-science-exam/discussion/446233,www.kaggle.com,,0
kaggle-llm-science-exam,1,nlp,2023,Featured,36,description,https://www.kaggle.com/c/kaggle-llm-science-exam/discussion/446455,www.kaggle.com,,0
kaggle-llm-science-exam,1,nlp,2023,Featured,40,description,https://www.kaggle.com/c/kaggle-llm-science-exam/discussion/446369,www.kaggle.com,,0
kaggle-llm-science-exam,1,nlp,2023,Featured,45,description,https://www.kaggle.com/c/kaggle-llm-science-exam/discussion/447245,www.kaggle.com,,0
kaggle-llm-science-exam,1,nlp,2023,Featured,47,description,https://www.kaggle.com/c/kaggle-llm-science-exam/discussion/446788,www.kaggle.com,,0
kaggle-llm-science-exam,1,nlp,2023,Featured,49,description,https://www.kaggle.com/c/kaggle-llm-science-exam/discussion/446355,www.kaggle.com,,0
konwinski-prize,1,nlp,2025,Featured,1,description,https://www.kaggle.com/c/konwinski-prize/writeups/eduardo-rocha-de-andrade-1st-place-solution-write-,www.kaggle.com,,0
konwinski-prize,1,nlp,2025,Featured,2,description,https://www.kaggle.com/c/konwinski-prize/writeups/camaro-public-2nd-place-solution,www.kaggle.com,,0
konwinski-prize,1,nlp,2025,Featured,3,description,https://www.kaggle.com/c/konwinski-prize/writeups/3rd-place-solution,www.kaggle.com,,0
konwinski-prize,1,nlp,2025,Featured,4,description,https://www.kaggle.com/c/konwinski-prize/writeups/4th-place-solution,www.kaggle.com,,0
konwinski-prize,1,nlp,2025,Featured,5,description,https://www.kaggle.com/c/konwinski-prize/writeups/5th-place-solution,www.kaggle.com,,0
konwinski-prize,1,nlp,2025,Featured,8,description,https://www.kaggle.com/c/konwinski-prize/writeups/first-lucky-gold-8th-place-solution,www.kaggle.com,,0
konwinski-prize,1,nlp,2025,Featured,15,description,https://www.kaggle.com/c/konwinski-prize/writeups/graphninjas-public-4th-place-private-15th-place-so,www.kaggle.com,,0
learning-agency-lab-automated-essay-scoring-2,1,nlp,2024,Featured,1,description,https://www.kaggle.com/c/learning-agency-lab-automated-essay-scoring-2/discussion/516791,www.kaggle.com,,1
learning-agency-lab-automated-essay-scoring-2,1,nlp,2024,Featured,3,description,https://www.kaggle.com/c/learning-agency-lab-automated-essay-scoring-2/discussion/517014,www.kaggle.com,,0
learning-agency-lab-automated-essay-scoring-2,1,nlp,2024,Featured,4,description,https://www.kaggle.com/c/learning-agency-lab-automated-essay-scoring-2/discussion/516639,www.kaggle.com,,1
learning-agency-lab-automated-essay-scoring-2,1,nlp,2024,Featured,5,description,https://www.kaggle.com/c/learning-agency-lab-automated-essay-scoring-2/discussion/516922,www.kaggle.com,,0
learning-agency-lab-automated-essay-scoring-2,1,nlp,2024,Featured,6,description,https://www.kaggle.com/c/learning-agency-lab-automated-essay-scoring-2/discussion/516814,www.kaggle.com,,1
learning-agency-lab-automated-essay-scoring-2,1,nlp,2024,Featured,7,description,https://www.kaggle.com/c/learning-agency-lab-automated-essay-scoring-2/discussion/516872,www.kaggle.com,,0
learning-agency-lab-automated-essay-scoring-2,1,nlp,2024,Featured,15,description,https://www.kaggle.com/c/learning-agency-lab-automated-essay-scoring-2/discussion/516642,www.kaggle.com,,0
linking-writing-processes-to-writing-quality,1,nlp,2024,Featured,1,description,https://www.kaggle.com/c/linking-writing-processes-to-writing-quality/discussion/466873,www.kaggle.com,,1
linking-writing-processes-to-writing-quality,1,nlp,2024,Featured,2,description,https://www.kaggle.com/c/linking-writing-processes-to-writing-quality/discussion/466775,www.kaggle.com,,1
linking-writing-processes-to-writing-quality,1,nlp,2024,Featured,3,description,https://www.kaggle.com/c/linking-writing-processes-to-writing-quality/discussion/466906,www.kaggle.com,,1
linking-writing-processes-to-writing-quality,1,nlp,2024,Featured,4,description,https://www.kaggle.com/c/linking-writing-processes-to-writing-quality/discussion/466961,www.kaggle.com,,0
linking-writing-processes-to-writing-quality,1,nlp,2024,Featured,6,description,https://www.kaggle.com/c/linking-writing-processes-to-writing-quality/discussion/467848,www.kaggle.com,,0
linking-writing-processes-to-writing-quality,1,nlp,2024,Featured,7,description,https://www.kaggle.com/c/linking-writing-processes-to-writing-quality/discussion/466941,www.kaggle.com,,0
linking-writing-processes-to-writing-quality,1,nlp,2024,Featured,10,description,https://www.kaggle.com/c/linking-writing-processes-to-writing-quality/discussion/467328,www.kaggle.com,,0
linking-writing-processes-to-writing-quality,1,nlp,2024,Featured,12,description,https://www.kaggle.com/c/linking-writing-processes-to-writing-quality/discussion/466993,www.kaggle.com,,0
linking-writing-processes-to-writing-quality,1,nlp,2024,Featured,15,description,https://www.kaggle.com/c/linking-writing-processes-to-writing-quality/discussion/467674,www.kaggle.com,,0
linking-writing-processes-to-writing-quality,1,nlp,2024,Featured,18,description,https://www.kaggle.com/c/linking-writing-processes-to-writing-quality/discussion/466789,www.kaggle.com,,0
linking-writing-processes-to-writing-quality,1,nlp,2024,Featured,23,description,https://www.kaggle.com/c/linking-writing-processes-to-writing-quality/discussion/466771,www.kaggle.com,,1
linking-writing-processes-to-writing-quality,1,nlp,2024,Featured,36,description,https://www.kaggle.com/c/linking-writing-processes-to-writing-quality/discussion/466839,www.kaggle.com,,0
linking-writing-processes-to-writing-quality,1,nlp,2024,Featured,38,description,https://www.kaggle.com/c/linking-writing-processes-to-writing-quality/discussion/466862,www.kaggle.com,,0
linking-writing-processes-to-writing-quality,1,nlp,2024,Featured,42,description,https://www.kaggle.com/c/linking-writing-processes-to-writing-quality/discussion/466774,www.kaggle.com,,0
linking-writing-processes-to-writing-quality,1,nlp,2024,Featured,44,description,https://www.kaggle.com/c/linking-writing-processes-to-writing-quality/discussion/466965,www.kaggle.com,,0
llm-20-questions,1,nlp,2024,Featured,1,description,https://www.kaggle.com/c/llm-20-questions/discussion/531106,www.kaggle.com,,1
llm-20-questions,1,nlp,2024,Featured,2,description,https://www.kaggle.com/c/llm-20-questions/discussion/529643,www.kaggle.com,,1
llm-20-questions,1,nlp,2024,Featured,3,description,https://www.kaggle.com/c/llm-20-questions/discussion/531387,www.kaggle.com,,0
llm-20-questions,1,nlp,2024,Featured,4,description,https://www.kaggle.com/c/llm-20-questions/discussion/531883,www.kaggle.com,,0
llm-20-questions,1,nlp,2024,Featured,5,description,https://www.kaggle.com/c/llm-20-questions/discussion/531128,www.kaggle.com,,0
llm-20-questions,1,nlp,2024,Featured,9,description,https://www.kaggle.com/c/llm-20-questions/discussion/529525,www.kaggle.com,,1
llm-20-questions,1,nlp,2024,Featured,10,description,https://www.kaggle.com/c/llm-20-questions/discussion/531569,www.kaggle.com,,0
llm-20-questions,1,nlp,2024,Featured,11,description,https://www.kaggle.com/c/llm-20-questions/discussion/529931,www.kaggle.com,,1
llm-20-questions,1,nlp,2024,Featured,20,description,https://www.kaggle.com/c/llm-20-questions/discussion/531083,www.kaggle.com,,0
llm-20-questions,1,nlp,2024,Featured,21,description,https://www.kaggle.com/c/llm-20-questions/discussion/531104,www.kaggle.com,,0
llm-20-questions,1,nlp,2024,Featured,26,description,https://www.kaggle.com/c/llm-20-questions/discussion/531081,www.kaggle.com,,0
llm-20-questions,1,nlp,2024,Featured,45,description,https://www.kaggle.com/c/llm-20-questions/discussion/530996,www.kaggle.com,,0
llm-detect-ai-generated-text,1,nlp,2024,Featured,1,description,https://www.kaggle.com/c/llm-detect-ai-generated-text/discussion/473295,www.kaggle.com,,1
llm-detect-ai-generated-text,1,nlp,2024,Featured,3,description,https://www.kaggle.com/c/llm-detect-ai-generated-text/discussion/470333,www.kaggle.com,,1
llm-detect-ai-generated-text,1,nlp,2024,Featured,4,description,https://www.kaggle.com/c/llm-detect-ai-generated-text/discussion/470179,www.kaggle.com,,1
llm-detect-ai-generated-text,1,nlp,2024,Featured,5,description,https://www.kaggle.com/c/llm-detect-ai-generated-text/discussion/470093,www.kaggle.com,,1
llm-detect-ai-generated-text,1,nlp,2024,Featured,6,description,https://www.kaggle.com/c/llm-detect-ai-generated-text/discussion/471831,www.kaggle.com,,0
llm-detect-ai-generated-text,1,nlp,2024,Featured,7,description,https://www.kaggle.com/c/llm-detect-ai-generated-text/discussion/470643,www.kaggle.com,,0
llm-detect-ai-generated-text,1,nlp,2024,Featured,8,description,https://www.kaggle.com/c/llm-detect-ai-generated-text/discussion/470224,www.kaggle.com,,1
llm-detect-ai-generated-text,1,nlp,2024,Featured,9,description,https://www.kaggle.com/c/llm-detect-ai-generated-text/discussion/470255,www.kaggle.com,,0
llm-detect-ai-generated-text,1,nlp,2024,Featured,12,description,https://www.kaggle.com/c/llm-detect-ai-generated-text/discussion/470396,www.kaggle.com,,0
llm-detect-ai-generated-text,1,nlp,2024,Featured,13,description,https://www.kaggle.com/c/llm-detect-ai-generated-text/discussion/470593,www.kaggle.com,,0
llm-detect-ai-generated-text,1,nlp,2024,Featured,14,description,https://www.kaggle.com/c/llm-detect-ai-generated-text/discussion/470193,www.kaggle.com,,0
llm-detect-ai-generated-text,1,nlp,2024,Featured,18,description,https://www.kaggle.com/c/llm-detect-ai-generated-text/discussion/470061,www.kaggle.com,,0
llm-detect-ai-generated-text,1,nlp,2024,Featured,19,description,https://www.kaggle.com/c/llm-detect-ai-generated-text/discussion/470181,www.kaggle.com,,0
llm-detect-ai-generated-text,1,nlp,2024,Featured,21,description,https://www.kaggle.com/c/llm-detect-ai-generated-text/discussion/470148,www.kaggle.com,,1
llm-detect-ai-generated-text,1,nlp,2024,Featured,23,description,https://www.kaggle.com/c/llm-detect-ai-generated-text/discussion/470153,www.kaggle.com,,0
llm-detect-ai-generated-text,1,nlp,2024,Featured,24,description,https://www.kaggle.com/c/llm-detect-ai-generated-text/discussion/470077,www.kaggle.com,,0
llm-detect-ai-generated-text,1,nlp,2024,Featured,25,description,https://www.kaggle.com/c/llm-detect-ai-generated-text/discussion/470134,www.kaggle.com,,0
llm-detect-ai-generated-text,1,nlp,2024,Featured,29,description,https://www.kaggle.com/c/llm-detect-ai-generated-text/discussion/470256,www.kaggle.com,,0
llm-detect-ai-generated-text,1,nlp,2024,Featured,34,description,https://www.kaggle.com/c/llm-detect-ai-generated-text/discussion/470353,www.kaggle.com,,0
llm-detect-ai-generated-text,1,nlp,2024,Featured,40,description,https://www.kaggle.com/c/llm-detect-ai-generated-text/discussion/471898,www.kaggle.com,,0
llm-detect-ai-generated-text,1,nlp,2024,Featured,42,description,https://www.kaggle.com/c/llm-detect-ai-generated-text/discussion/470290,www.kaggle.com,,0
llm-detect-ai-generated-text,1,nlp,2024,Featured,47,description,https://www.kaggle.com/c/llm-detect-ai-generated-text/discussion/471788,www.kaggle.com,,0
llm-prompt-recovery,1,nlp,2024,Featured,1,description,https://www.kaggle.com/c/llm-prompt-recovery/discussion/494343,www.kaggle.com,,1
llm-prompt-recovery,1,nlp,2024,Featured,2,description,https://www.kaggle.com/c/llm-prompt-recovery/discussion/494497,www.kaggle.com,,1
llm-prompt-recovery,1,nlp,2024,Featured,3,description,https://www.kaggle.com/c/llm-prompt-recovery/discussion/494621,www.kaggle.com,,0
llm-prompt-recovery,1,nlp,2024,Featured,4,description,https://www.kaggle.com/c/llm-prompt-recovery/discussion/494362,www.kaggle.com,,1
llm-prompt-recovery,1,nlp,2024,Featured,5,description,https://www.kaggle.com/c/llm-prompt-recovery/discussion/499079,www.kaggle.com,,0
llm-prompt-recovery,1,nlp,2024,Featured,6,description,https://www.kaggle.com/c/llm-prompt-recovery/discussion/494755,www.kaggle.com,,0
llm-prompt-recovery,1,nlp,2024,Featured,7,description,https://www.kaggle.com/c/llm-prompt-recovery/discussion/494650,www.kaggle.com,,0
llm-prompt-recovery,1,nlp,2024,Featured,10,description,https://www.kaggle.com/c/llm-prompt-recovery/discussion/494689,www.kaggle.com,,0
llm-prompt-recovery,1,nlp,2024,Featured,12,description,https://www.kaggle.com/c/llm-prompt-recovery/discussion/494526,www.kaggle.com,,0
llm-prompt-recovery,1,nlp,2024,Featured,19,description,https://www.kaggle.com/c/llm-prompt-recovery/discussion/494536,www.kaggle.com,,0
llm-prompt-recovery,1,nlp,2024,Featured,42,description,https://www.kaggle.com/c/llm-prompt-recovery/discussion/494641,www.kaggle.com,,0
llms-you-cant-please-them-all,1,nlp,2025,Featured,1,description,https://www.kaggle.com/c/llms-you-cant-please-them-all/discussion/566372,www.kaggle.com,,1
llms-you-cant-please-them-all,1,nlp,2025,Featured,2,description,https://www.kaggle.com/c/llms-you-cant-please-them-all/discussion/566602,www.kaggle.com,,0
llms-you-cant-please-them-all,1,nlp,2025,Featured,3,description,https://www.kaggle.com/c/llms-you-cant-please-them-all/discussion/566515,www.kaggle.com,,1
llms-you-cant-please-them-all,1,nlp,2025,Featured,4,description,https://www.kaggle.com/c/llms-you-cant-please-them-all/discussion/566479,www.kaggle.com,,0
llms-you-cant-please-them-all,1,nlp,2025,Featured,5,description,https://www.kaggle.com/c/llms-you-cant-please-them-all/discussion/566322,www.kaggle.com,,1
llms-you-cant-please-them-all,1,nlp,2025,Featured,7,description,https://www.kaggle.com/c/llms-you-cant-please-them-all/discussion/566643,www.kaggle.com,,0
llms-you-cant-please-them-all,1,nlp,2025,Featured,8,description,https://www.kaggle.com/c/llms-you-cant-please-them-all/discussion/566333,www.kaggle.com,,0
llms-you-cant-please-them-all,1,nlp,2025,Featured,9,description,https://www.kaggle.com/c/llms-you-cant-please-them-all/discussion/566469,www.kaggle.com,,0
llms-you-cant-please-them-all,1,nlp,2025,Featured,11,description,https://www.kaggle.com/c/llms-you-cant-please-them-all/discussion/566386,www.kaggle.com,,0
llms-you-cant-please-them-all,1,nlp,2025,Featured,12,description,https://www.kaggle.com/c/llms-you-cant-please-them-all/discussion/566380,www.kaggle.com,,0
llms-you-cant-please-them-all,1,nlp,2025,Featured,13,description,https://www.kaggle.com/c/llms-you-cant-please-them-all/discussion/567031,www.kaggle.com,,0
llms-you-cant-please-them-all,1,nlp,2025,Featured,22,description,https://www.kaggle.com/c/llms-you-cant-please-them-all/discussion/566324,www.kaggle.com,,0
llms-you-cant-please-them-all,1,nlp,2025,Featured,24,description,https://www.kaggle.com/c/llms-you-cant-please-them-all/discussion/566404,www.kaggle.com,,0
llms-you-cant-please-them-all,1,nlp,2025,Featured,29,description,https://www.kaggle.com/c/llms-you-cant-please-them-all/discussion/566345,www.kaggle.com,,0
llms-you-cant-please-them-all,1,nlp,2025,Featured,39,description,https://www.kaggle.com/c/llms-you-cant-please-them-all/discussion/566376,www.kaggle.com,,0
lmsys-chatbot-arena,1,nlp,2024,Research,1,description,https://www.kaggle.com/c/lmsys-chatbot-arena/discussion/527629,www.kaggle.com,,1
lmsys-chatbot-arena,1,nlp,2024,Research,2,description,https://www.kaggle.com/c/lmsys-chatbot-arena/discussion/527685,www.kaggle.com,,1
lmsys-chatbot-arena,1,nlp,2024,Research,3,description,https://www.kaggle.com/c/lmsys-chatbot-arena/discussion/527766,www.kaggle.com,,1
lmsys-chatbot-arena,1,nlp,2024,Research,4,description,https://www.kaggle.com/c/lmsys-chatbot-arena/discussion/529067,www.kaggle.com,,0
lmsys-chatbot-arena,1,nlp,2024,Research,5,description,https://www.kaggle.com/c/lmsys-chatbot-arena/discussion/527669,www.kaggle.com,,1
lmsys-chatbot-arena,1,nlp,2024,Research,9,description,https://www.kaggle.com/c/lmsys-chatbot-arena/discussion/527704,www.kaggle.com,,1
lmsys-chatbot-arena,1,nlp,2024,Research,16,description,https://www.kaggle.com/c/lmsys-chatbot-arena/discussion/527596,www.kaggle.com,,1
lmsys-chatbot-arena,1,nlp,2024,Research,18,description,https://www.kaggle.com/c/lmsys-chatbot-arena/discussion/527595,www.kaggle.com,,0
lmsys-chatbot-arena,1,nlp,2024,Research,19,description,https://www.kaggle.com/c/lmsys-chatbot-arena/discussion/528288,www.kaggle.com,,0
lmsys-chatbot-arena,1,nlp,2024,Research,21,description,https://www.kaggle.com/c/lmsys-chatbot-arena/discussion/527627,www.kaggle.com,,0
lmsys-chatbot-arena,1,nlp,2024,Research,22,description,https://www.kaggle.com/c/lmsys-chatbot-arena/discussion/527673,www.kaggle.com,,0
lmsys-chatbot-arena,1,nlp,2024,Research,26,description,https://www.kaggle.com/c/lmsys-chatbot-arena/discussion/527591,www.kaggle.com,,0
make-data-count-finding-data-references,1,nlp,2025,Research,1,description,https://www.kaggle.com/c/make-data-count-finding-data-references/writeups/1st-place-solution,www.kaggle.com,,0
make-data-count-finding-data-references,1,nlp,2025,Research,2,description,https://www.kaggle.com/c/make-data-count-finding-data-references/writeups/2nd-place-solution,www.kaggle.com,,0
make-data-count-finding-data-references,1,nlp,2025,Research,3,description,https://www.kaggle.com/c/make-data-count-finding-data-references/writeups/3rd-place-solution,www.kaggle.com,,0
make-data-count-finding-data-references,1,nlp,2025,Research,4,description,https://www.kaggle.com/c/make-data-count-finding-data-references/writeups/4th-place-solution,www.kaggle.com,,0
make-data-count-finding-data-references,1,nlp,2025,Research,5,description,https://www.kaggle.com/c/make-data-count-finding-data-references/writeups/5th-place-by-standing-on-the-shoulders-of-giants,www.kaggle.com,,0
make-data-count-finding-data-references,1,nlp,2025,Research,6,description,https://www.kaggle.com/c/make-data-count-finding-data-references/writeups/6th-place-solution,www.kaggle.com,,0
make-data-count-finding-data-references,1,nlp,2025,Research,7,description,https://www.kaggle.com/c/make-data-count-finding-data-references/writeups/7th-place-solution,www.kaggle.com,,0
make-data-count-finding-data-references,1,nlp,2025,Research,8,description,https://www.kaggle.com/c/make-data-count-finding-data-references/writeups/8th-place-solution,www.kaggle.com,,0
make-data-count-finding-data-references,1,nlp,2025,Research,9,description,https://www.kaggle.com/c/make-data-count-finding-data-references/writeups/9th-place-solution,www.kaggle.com,,0
make-data-count-finding-data-references,1,nlp,2025,Research,10,description,https://www.kaggle.com/c/make-data-count-finding-data-references/writeups/tricks-10char,www.kaggle.com,,0
make-data-count-finding-data-references,1,nlp,2025,Research,11,description,https://www.kaggle.com/c/make-data-count-finding-data-references/writeups/11th-place-solution,www.kaggle.com,,0
make-data-count-finding-data-references,1,nlp,2025,Research,12,description,https://www.kaggle.com/c/make-data-count-finding-data-references/writeups/12th-place-solution,www.kaggle.com,,0
make-data-count-finding-data-references,1,nlp,2025,Research,13,description,https://www.kaggle.com/c/make-data-count-finding-data-references/writeups/13th-place-solution,www.kaggle.com,,0
make-data-count-finding-data-references,1,nlp,2025,Research,15,description,https://www.kaggle.com/c/make-data-count-finding-data-references/writeups/shake-down-solution,www.kaggle.com,,0
make-data-count-finding-data-references,1,nlp,2025,Research,20,description,https://www.kaggle.com/c/make-data-count-finding-data-references/writeups/20th-place-solution-regex-qwen-deberta-for-mdc,www.kaggle.com,,0
make-data-count-finding-data-references,1,nlp,2025,Research,22,description,https://www.kaggle.com/c/make-data-count-finding-data-references/writeups/23-place-solution-ml,www.kaggle.com,,0
make-data-count-finding-data-references,1,nlp,2025,Research,24,description,https://www.kaggle.com/c/make-data-count-finding-data-references/writeups/25th-place-solution-summary,www.kaggle.com,,0
make-data-count-finding-data-references,1,nlp,2025,Research,27,description,https://www.kaggle.com/c/make-data-count-finding-data-references/writeups/28th-place-solution,www.kaggle.com,,0
make-data-count-finding-data-references,1,nlp,2025,Research,40,description,https://www.kaggle.com/c/make-data-count-finding-data-references/writeups/41th-place-solution,www.kaggle.com,,0
map-charting-student-math-misunderstandings,1,nlp,2025,Featured,1,description,https://www.kaggle.com/c/map-charting-student-math-misunderstandings/writeups/1st-place-solution,www.kaggle.com,,0
map-charting-student-math-misunderstandings,1,nlp,2025,Featured,2,description,https://www.kaggle.com/c/map-charting-student-math-misunderstandings/writeups/map2025-private-and-public-2nd,www.kaggle.com,,0
map-charting-student-math-misunderstandings,1,nlp,2025,Featured,3,description,https://www.kaggle.com/c/map-charting-student-math-misunderstandings/writeups/3rd-place-solution,www.kaggle.com,,0
map-charting-student-math-misunderstandings,1,nlp,2025,Featured,4,description,https://www.kaggle.com/c/map-charting-student-math-misunderstandings/writeups/4th-place-solution-single-model-pb-0-948-lb-0-951,www.kaggle.com,,0
map-charting-student-math-misunderstandings,1,nlp,2025,Featured,5,description,https://www.kaggle.com/c/map-charting-student-math-misunderstandings/writeups/5th-place-solution,www.kaggle.com,,0
map-charting-student-math-misunderstandings,1,nlp,2025,Featured,6,description,https://www.kaggle.com/c/map-charting-student-math-misunderstandings/writeups/mananjhaveri-map-6th-place-solution,www.kaggle.com,,0
map-charting-student-math-misunderstandings,1,nlp,2025,Featured,7,description,https://www.kaggle.com/c/map-charting-student-math-misunderstandings/writeups/private-7th-public-10th-place-solution,www.kaggle.com,,0
map-charting-student-math-misunderstandings,1,nlp,2025,Featured,8,description,https://www.kaggle.com/c/map-charting-student-math-misunderstandings/writeups/8th-place-solution,www.kaggle.com,,0
map-charting-student-math-misunderstandings,1,nlp,2025,Featured,9,description,https://www.kaggle.com/c/map-charting-student-math-misunderstandings/writeups/9th-place-solution,www.kaggle.com,,0
map-charting-student-math-misunderstandings,1,nlp,2025,Featured,10,description,https://www.kaggle.com/c/map-charting-student-math-misunderstandings/writeups/10th-place-solution,www.kaggle.com,,0
map-charting-student-math-misunderstandings,1,nlp,2025,Featured,12,description,https://www.kaggle.com/c/map-charting-student-math-misunderstandings/writeups/12th-place-solution,www.kaggle.com,,0
map-charting-student-math-misunderstandings,1,nlp,2025,Featured,13,description,https://www.kaggle.com/c/map-charting-student-math-misunderstandings/writeups/map-competition-13th-place-gold-medal-solution,www.kaggle.com,,0
map-charting-student-math-misunderstandings,1,nlp,2025,Featured,15,description,https://www.kaggle.com/c/map-charting-student-math-misunderstandings/writeups/15th-place-solution-writeup,www.kaggle.com,,0
map-charting-student-math-misunderstandings,1,nlp,2025,Featured,18,description,https://www.kaggle.com/c/map-charting-student-math-misunderstandings/writeups/18th-place-pyramid-ensemble,www.kaggle.com,,0
map-charting-student-math-misunderstandings,1,nlp,2025,Featured,22,description,https://www.kaggle.com/c/map-charting-student-math-misunderstandings/writeups/place-22-with-only-1-model,www.kaggle.com,,0
map-charting-student-math-misunderstandings,1,nlp,2025,Featured,24,description,https://www.kaggle.com/c/map-charting-student-math-misunderstandings/writeups/public-8th-private-24th-missing-a-gold-solution,www.kaggle.com,,0
map-charting-student-math-misunderstandings,1,nlp,2025,Featured,26,description,https://www.kaggle.com/c/map-charting-student-math-misunderstandings/writeups/26th-place-solution,www.kaggle.com,,0
map-charting-student-math-misunderstandings,1,nlp,2025,Featured,30,description,https://www.kaggle.com/c/map-charting-student-math-misunderstandings/writeups/rank-30-solution,www.kaggle.com,,0
map-charting-student-math-misunderstandings,1,nlp,2025,Featured,31,description,https://www.kaggle.com/c/map-charting-student-math-misunderstandings/writeups/private-31st-public-5th-solution-multi-head-ar,www.kaggle.com,,0
map-charting-student-math-misunderstandings,1,nlp,2025,Featured,45,description,https://www.kaggle.com/c/map-charting-student-math-misunderstandings/writeups/45th-place-silver-medal-a-multi-llm-ensemble-a,www.kaggle.com,,0
nbme-score-clinical-patient-notes,1,nlp,2022,Featured,1,code,https://www.kaggle.com/c/nbme-score-clinical-patient-notes/discussion/323095,www.kaggle.com,,1
nbme-score-clinical-patient-notes,1,nlp,2022,Featured,2,description,https://www.kaggle.com/c/nbme-score-clinical-patient-notes/discussion/323085,www.kaggle.com,,1
nbme-score-clinical-patient-notes,1,nlp,2022,Featured,2,code,https://www.kaggle.com/c/nbme-score-clinical-patient-notes/discussion/322893,www.kaggle.com,,0
nbme-score-clinical-patient-notes,1,nlp,2022,Featured,3,description,https://www.kaggle.com/c/nbme-score-clinical-patient-notes/discussion/322832,www.kaggle.com,,1
nbme-score-clinical-patient-notes,1,nlp,2022,Featured,4,description,https://www.kaggle.com/c/nbme-score-clinical-patient-notes/discussion/322799,www.kaggle.com,,1
nbme-score-clinical-patient-notes,1,nlp,2022,Featured,5,description,https://www.kaggle.com/c/nbme-score-clinical-patient-notes/discussion/322875,www.kaggle.com,,0
nbme-score-clinical-patient-notes,1,nlp,2022,Featured,6,description,https://www.kaggle.com/c/nbme-score-clinical-patient-notes/discussion/323237,www.kaggle.com,,0
nbme-score-clinical-patient-notes,1,nlp,2022,Featured,7,description,https://www.kaggle.com/c/nbme-score-clinical-patient-notes/discussion/322829,www.kaggle.com,,0
nbme-score-clinical-patient-notes,1,nlp,2022,Featured,8,description,https://www.kaggle.com/c/nbme-score-clinical-patient-notes/discussion/322962,www.kaggle.com,,0
nbme-score-clinical-patient-notes,1,nlp,2022,Featured,9,description,https://www.kaggle.com/c/nbme-score-clinical-patient-notes/discussion/322891,www.kaggle.com,,0
nbme-score-clinical-patient-notes,1,nlp,2022,Featured,11,code,https://www.kaggle.com/c/nbme-score-clinical-patient-notes/discussion/322804,www.kaggle.com,,0
nbme-score-clinical-patient-notes,1,nlp,2022,Featured,13,description,https://www.kaggle.com/c/nbme-score-clinical-patient-notes/discussion/323074,www.kaggle.com,,0
nbme-score-clinical-patient-notes,1,nlp,2022,Featured,14,description,https://www.kaggle.com/c/nbme-score-clinical-patient-notes/discussion/323156,www.kaggle.com,,0
nbme-score-clinical-patient-notes,1,nlp,2022,Featured,18,description,https://www.kaggle.com/c/nbme-score-clinical-patient-notes/discussion/322958,www.kaggle.com,,0
nbme-score-clinical-patient-notes,1,nlp,2022,Featured,19,description,https://www.kaggle.com/c/nbme-score-clinical-patient-notes/discussion/322993,www.kaggle.com,,0
nbme-score-clinical-patient-notes,1,nlp,2022,Featured,20,description,https://www.kaggle.com/c/nbme-score-clinical-patient-notes/discussion/323094,www.kaggle.com,,1
nbme-score-clinical-patient-notes,1,nlp,2022,Featured,24,description,https://www.kaggle.com/c/nbme-score-clinical-patient-notes/discussion/323168,www.kaggle.com,,0
nbme-score-clinical-patient-notes,1,nlp,2022,Featured,28,description,https://www.kaggle.com/c/nbme-score-clinical-patient-notes/discussion/323031,www.kaggle.com,,0
nbme-score-clinical-patient-notes,1,nlp,2022,Featured,30,description,https://www.kaggle.com/c/nbme-score-clinical-patient-notes/discussion/322994,www.kaggle.com,,0
nbme-score-clinical-patient-notes,1,nlp,2022,Featured,45,description,https://www.kaggle.com/c/nbme-score-clinical-patient-notes/discussion/322839,www.kaggle.com,,0
nbme-score-clinical-patient-notes,1,nlp,2022,Featured,all solutions,kernel,https://www.kaggle.com/c/nbme-score-clinical-patient-notes/discussion/322843,www.kaggle.com,,0
nvidia-nemotron-model-reasoning-challenge,1,nlp,2026,Featured,1,description,https://www.kaggle.com/c/nvidia-nemotron-model-reasoning-challenge/writeups/1st-place-solution,www.kaggle.com,,0
nvidia-nemotron-model-reasoning-challenge,1,nlp,2026,Featured,2,description,https://www.kaggle.com/c/nvidia-nemotron-model-reasoning-challenge/writeups/2nd-place-solution,www.kaggle.com,,0
nvidia-nemotron-model-reasoning-challenge,1,nlp,2026,Featured,2,description,https://www.kaggle.com/c/nvidia-nemotron-model-reasoning-challenge/writeups/2nd-public-6th-private-place-solution,www.kaggle.com,,0
nvidia-nemotron-model-reasoning-challenge,1,nlp,2026,Featured,3,description,https://www.kaggle.com/c/nvidia-nemotron-model-reasoning-challenge/writeups/3rd-place-solution,www.kaggle.com,,0
nvidia-nemotron-model-reasoning-challenge,1,nlp,2026,Featured,4,description,https://www.kaggle.com/c/nvidia-nemotron-model-reasoning-challenge/writeups/4th-place-solution,www.kaggle.com,,0
nvidia-nemotron-model-reasoning-challenge,1,nlp,2026,Featured,5,description,https://www.kaggle.com/c/nvidia-nemotron-model-reasoning-challenge/writeups/domdolus-tolus-solution,www.kaggle.com,,0
nvidia-nemotron-model-reasoning-challenge,1,nlp,2026,Featured,7,description,https://www.kaggle.com/c/nvidia-nemotron-model-reasoning-challenge/writeups/7th-place-solution-solving-bitmanipulation-via-st,www.kaggle.com,,0
nvidia-nemotron-model-reasoning-challenge,1,nlp,2026,Featured,9,description,https://www.kaggle.com/c/nvidia-nemotron-model-reasoning-challenge/writeups/9th-place-solution-human-auditable-cot,www.kaggle.com,,0
nvidia-nemotron-model-reasoning-challenge,1,nlp,2026,Featured,10,description,https://www.kaggle.com/c/nvidia-nemotron-model-reasoning-challenge/writeups/10th-place-solution,www.kaggle.com,,0
nvidia-nemotron-model-reasoning-challenge,1,nlp,2026,Featured,13,description,https://www.kaggle.com/c/nvidia-nemotron-model-reasoning-challenge/writeups/13th-place-solution,www.kaggle.com,,0
nvidia-nemotron-model-reasoning-challenge,1,nlp,2026,Featured,15,description,https://www.kaggle.com/c/nvidia-nemotron-model-reasoning-challenge/writeups/wip-lb15-extension-to-huikangs-progress-prize,www.kaggle.com,,0
nvidia-nemotron-model-reasoning-challenge,1,nlp,2026,Featured,18,description,https://www.kaggle.com/c/nvidia-nemotron-model-reasoning-challenge/writeups/18th-solution-from-deterministic-solvers-to-learn,www.kaggle.com,,0
nvidia-nemotron-model-reasoning-challenge,1,nlp,2026,Featured,25,description,https://www.kaggle.com/c/nvidia-nemotron-model-reasoning-challenge/writeups/lb25-progress-prize-improvements,www.kaggle.com,,0
pii-detection-removal-from-educational-data,1,nlp,2024,Featured,1,description,https://www.kaggle.com/c/pii-detection-removal-from-educational-data/discussion/497374,www.kaggle.com,,1
pii-detection-removal-from-educational-data,1,nlp,2024,Featured,2,description,https://www.kaggle.com/c/pii-detection-removal-from-educational-data/discussion/497352,www.kaggle.com,,1
pii-detection-removal-from-educational-data,1,nlp,2024,Featured,3,description,https://www.kaggle.com/c/pii-detection-removal-from-educational-data/discussion/497482,www.kaggle.com,,0
pii-detection-removal-from-educational-data,1,nlp,2024,Featured,4,description,https://www.kaggle.com/c/pii-detection-removal-from-educational-data/discussion/497367,www.kaggle.com,,1
pii-detection-removal-from-educational-data,1,nlp,2024,Featured,5,description,https://www.kaggle.com/c/pii-detection-removal-from-educational-data/discussion/497306,www.kaggle.com,,1
pii-detection-removal-from-educational-data,1,nlp,2024,Featured,6,description,https://www.kaggle.com/c/pii-detection-removal-from-educational-data/discussion/498304,www.kaggle.com,,0
pii-detection-removal-from-educational-data,1,nlp,2024,Featured,7,description,https://www.kaggle.com/c/pii-detection-removal-from-educational-data/discussion/497310,www.kaggle.com,,0
pii-detection-removal-from-educational-data,1,nlp,2024,Featured,9,description,https://www.kaggle.com/c/pii-detection-removal-from-educational-data/discussion/497177,www.kaggle.com,,1
pii-detection-removal-from-educational-data,1,nlp,2024,Featured,12,description,https://www.kaggle.com/c/pii-detection-removal-from-educational-data/discussion/498130,www.kaggle.com,,0
pii-detection-removal-from-educational-data,1,nlp,2024,Featured,13,description,https://www.kaggle.com/c/pii-detection-removal-from-educational-data/discussion/497371,www.kaggle.com,,0
pii-detection-removal-from-educational-data,1,nlp,2024,Featured,14,description,https://www.kaggle.com/c/pii-detection-removal-from-educational-data/discussion/497968,www.kaggle.com,,0
pii-detection-removal-from-educational-data,1,nlp,2024,Featured,21,description,https://www.kaggle.com/c/pii-detection-removal-from-educational-data/discussion/497258,www.kaggle.com,,0
pii-detection-removal-from-educational-data,1,nlp,2024,Featured,22,description,https://www.kaggle.com/c/pii-detection-removal-from-educational-data/discussion/497180,www.kaggle.com,,0
pii-detection-removal-from-educational-data,1,nlp,2024,Featured,25,description,https://www.kaggle.com/c/pii-detection-removal-from-educational-data/discussion/497220,www.kaggle.com,,0
pii-detection-removal-from-educational-data,1,nlp,2024,Featured,29,description,https://www.kaggle.com/c/pii-detection-removal-from-educational-data/discussion/497187,www.kaggle.com,,0
pii-detection-removal-from-educational-data,1,nlp,2024,Featured,37,description,https://www.kaggle.com/c/pii-detection-removal-from-educational-data/discussion/497293,www.kaggle.com,,0
us-patent-phrase-to-phrase-matching,1,nlp,2022,Featured,1,code,https://www.kaggle.com/c/us-patent-phrase-to-phrase-matching/discussion/332243,www.kaggle.com,,1
us-patent-phrase-to-phrase-matching,1,nlp,2022,Featured,2,code,https://www.kaggle.com/c/us-patent-phrase-to-phrase-matching/discussion/332234,www.kaggle.com,,1
us-patent-phrase-to-phrase-matching,1,nlp,2022,Featured,3,description,https://www.kaggle.com/c/us-patent-phrase-to-phrase-matching/discussion/332420,www.kaggle.com,,0
us-patent-phrase-to-phrase-matching,1,nlp,2022,Featured,5,description,https://www.kaggle.com/c/us-patent-phrase-to-phrase-matching/discussion/332418,www.kaggle.com,,1
us-patent-phrase-to-phrase-matching,1,nlp,2022,Featured,7,description,https://www.kaggle.com/c/us-patent-phrase-to-phrase-matching/discussion/332928,www.kaggle.com,,0
us-patent-phrase-to-phrase-matching,1,nlp,2022,Featured,8,description,https://www.kaggle.com/c/us-patent-phrase-to-phrase-matching/discussion/332492,www.kaggle.com,,1
us-patent-phrase-to-phrase-matching,1,nlp,2022,Featured,10,description,https://www.kaggle.com/c/us-patent-phrase-to-phrase-matching/discussion/332273,www.kaggle.com,,1
us-patent-phrase-to-phrase-matching,1,nlp,2022,Featured,11,description,https://www.kaggle.com/c/us-patent-phrase-to-phrase-matching/discussion/332567,www.kaggle.com,,0
us-patent-phrase-to-phrase-matching,1,nlp,2022,Featured,23,description,https://www.kaggle.com/c/us-patent-phrase-to-phrase-matching/discussion/332270,www.kaggle.com,,0
us-patent-phrase-to-phrase-matching,1,nlp,2022,Featured,27,description,https://www.kaggle.com/c/us-patent-phrase-to-phrase-matching/discussion/334797,www.kaggle.com,,0
us-patent-phrase-to-phrase-matching,1,nlp,2022,Featured,31,description,https://www.kaggle.com/c/us-patent-phrase-to-phrase-matching/discussion/332355,www.kaggle.com,,0
us-patent-phrase-to-phrase-matching,1,nlp,2022,Featured,40,description,https://www.kaggle.com/c/us-patent-phrase-to-phrase-matching/discussion/332654,www.kaggle.com,,0
us-patent-phrase-to-phrase-matching,1,nlp,2022,Featured,52,description,https://www.kaggle.com/c/us-patent-phrase-to-phrase-matching/discussion/333425,www.kaggle.com,,0
uspto-explainable-ai,1,nlp,2024,Featured,1,description,https://www.kaggle.com/c/uspto-explainable-ai/discussion/522233,www.kaggle.com,,1
uspto-explainable-ai,1,nlp,2024,Featured,2,description,https://www.kaggle.com/c/uspto-explainable-ai/discussion/522258,www.kaggle.com,,1
uspto-explainable-ai,1,nlp,2024,Featured,3,description,https://www.kaggle.com/c/uspto-explainable-ai/discussion/522639,www.kaggle.com,,0
uspto-explainable-ai,1,nlp,2024,Featured,4,description,https://www.kaggle.com/c/uspto-explainable-ai/discussion/522200,www.kaggle.com,,1
uspto-explainable-ai,1,nlp,2024,Featured,5,description,https://www.kaggle.com/c/uspto-explainable-ai/discussion/522201,www.kaggle.com,,0
uspto-explainable-ai,1,nlp,2024,Featured,6,description,https://www.kaggle.com/c/uspto-explainable-ai/discussion/522202,www.kaggle.com,,1
uspto-explainable-ai,1,nlp,2024,Featured,7,description,https://www.kaggle.com/c/uspto-explainable-ai/discussion/522199,www.kaggle.com,,1
uspto-explainable-ai,1,nlp,2024,Featured,10,description,https://www.kaggle.com/c/uspto-explainable-ai/discussion/522208,www.kaggle.com,,0
uspto-explainable-ai,1,nlp,2024,Featured,11,description,https://www.kaggle.com/c/uspto-explainable-ai/discussion/522207,www.kaggle.com,,0
uspto-explainable-ai,1,nlp,2024,Featured,12,description,https://www.kaggle.com/c/uspto-explainable-ai/discussion/522301,www.kaggle.com,,0
uspto-explainable-ai,1,nlp,2024,Featured,13,description,https://www.kaggle.com/c/uspto-explainable-ai/discussion/522359,www.kaggle.com,,0
uspto-explainable-ai,1,nlp,2024,Featured,18,description,https://www.kaggle.com/c/uspto-explainable-ai/discussion/522380,www.kaggle.com,,0
uspto-explainable-ai,1,nlp,2024,Featured,22,description,https://www.kaggle.com/c/uspto-explainable-ai/discussion/522327,www.kaggle.com,,0
uspto-explainable-ai,1,nlp,2024,Featured,28,description,https://www.kaggle.com/c/uspto-explainable-ai/discussion/522415,www.kaggle.com,,0
uspto-explainable-ai,1,nlp,2024,Featured,32,description,https://www.kaggle.com/c/uspto-explainable-ai/discussion/522214,www.kaggle.com,,0
uspto-explainable-ai,1,nlp,2024,Featured,42,description,https://www.kaggle.com/c/uspto-explainable-ai/discussion/522347,www.kaggle.com,,0
uspto-explainable-ai,1,nlp,2024,Featured,47,description,https://www.kaggle.com/c/uspto-explainable-ai/discussion/522205,www.kaggle.com,,0
wsdm-cup-multilingual-chatbot-arena,1,nlp,2025,Featured,1,description,https://www.kaggle.com/c/wsdm-cup-multilingual-chatbot-arena/discussion/569902,www.kaggle.com,,0
wsdm-cup-multilingual-chatbot-arena,1,nlp,2025,Featured,2,description,https://www.kaggle.com/c/wsdm-cup-multilingual-chatbot-arena/discussion/567948,www.kaggle.com,,1
wsdm-cup-multilingual-chatbot-arena,1,nlp,2025,Featured,3,description,https://www.kaggle.com/c/wsdm-cup-multilingual-chatbot-arena/discussion/567584,www.kaggle.com,,1
wsdm-cup-multilingual-chatbot-arena,1,nlp,2025,Featured,4,description,https://www.kaggle.com/c/wsdm-cup-multilingual-chatbot-arena/discussion/568522,www.kaggle.com,,0
wsdm-cup-multilingual-chatbot-arena,1,nlp,2025,Featured,5,description,https://www.kaggle.com/c/wsdm-cup-multilingual-chatbot-arena/discussion/567856,www.kaggle.com,,0
wsdm-cup-multilingual-chatbot-arena,1,nlp,2025,Featured,6,description,https://www.kaggle.com/c/wsdm-cup-multilingual-chatbot-arena/discussion/567600,www.kaggle.com,,0
wsdm-cup-multilingual-chatbot-arena,1,nlp,2025,Featured,12,description,https://www.kaggle.com/c/wsdm-cup-multilingual-chatbot-arena/discussion/567614,www.kaggle.com,,0
wsdm-cup-multilingual-chatbot-arena,1,nlp,2025,Featured,34,description,https://www.kaggle.com/c/wsdm-cup-multilingual-chatbot-arena/discussion/568535,www.kaggle.com,,0
kaggle-survey-2022,1,other,2022,Analytics,1,description,https://www.kaggle.com/c/kaggle-survey-2022/discussion/374157,www.kaggle.com,,1
kaggle-survey-2022,1,other,2022,Analytics,1,description,https://www.kaggle.com/c/kaggle-survey-2022/discussion/374969,www.kaggle.com,,1
kaggle-survey-2022,1,other,2022,Analytics,1,description,https://www.kaggle.com/c/kaggle-survey-2022/discussion/375837,www.kaggle.com,,0
predict-ai-model-runtime,1,other,2023,Research,1,description,https://www.kaggle.com/c/predict-ai-model-runtime/discussion/456343,www.kaggle.com,,1
predict-ai-model-runtime,1,other,2023,Research,2,description,https://www.kaggle.com/c/predict-ai-model-runtime/discussion/456365,www.kaggle.com,,0
predict-ai-model-runtime,1,other,2023,Research,3,description,https://www.kaggle.com/c/predict-ai-model-runtime/discussion/456377,www.kaggle.com,,0
predict-ai-model-runtime,1,other,2023,Research,4,description,https://www.kaggle.com/c/predict-ai-model-runtime/discussion/456462,www.kaggle.com,,1
predict-ai-model-runtime,1,other,2023,Research,5,description,https://www.kaggle.com/c/predict-ai-model-runtime/discussion/456093,www.kaggle.com,,0
predict-ai-model-runtime,1,other,2023,Research,6,description,https://www.kaggle.com/c/predict-ai-model-runtime/discussion/456084,www.kaggle.com,,1
predict-ai-model-runtime,1,other,2023,Research,7,description,https://www.kaggle.com/c/predict-ai-model-runtime/discussion/456673,www.kaggle.com,,0
predict-ai-model-runtime,1,other,2023,Research,8,description,https://www.kaggle.com/c/predict-ai-model-runtime/discussion/456645,www.kaggle.com,,0
predict-ai-model-runtime,1,other,2023,Research,9,description,https://www.kaggle.com/c/predict-ai-model-runtime/discussion/456206,www.kaggle.com,,0
predict-ai-model-runtime,1,other,2023,Research,10,description,https://www.kaggle.com/c/predict-ai-model-runtime/discussion/456129,www.kaggle.com,,1
predict-ai-model-runtime,1,other,2023,Research,11,description,https://www.kaggle.com/c/predict-ai-model-runtime/discussion/456092,www.kaggle.com,,1
predict-ai-model-runtime,1,other,2023,Research,13,description,https://www.kaggle.com/c/predict-ai-model-runtime/discussion/458370,www.kaggle.com,,0
predict-ai-model-runtime,1,other,2023,Research,14,description,https://www.kaggle.com/c/predict-ai-model-runtime/discussion/456105,www.kaggle.com,,0
predict-ai-model-runtime,1,other,2023,Research,16,description,https://www.kaggle.com/c/predict-ai-model-runtime/discussion/456489,www.kaggle.com,,0
predict-ai-model-runtime,1,other,2023,Research,19,description,https://www.kaggle.com/c/predict-ai-model-runtime/discussion/456074,www.kaggle.com,,0
predict-ai-model-runtime,1,other,2023,Research,33,description,https://www.kaggle.com/c/predict-ai-model-runtime/discussion/456579,www.kaggle.com,,0
MABe-mouse-behavior-detection,1,science,2025,Research,2,description,https://www.kaggle.com/c/MABe-mouse-behavior-detection/writeups/2nd-place-solution,www.kaggle.com,,0
MABe-mouse-behavior-detection,1,science,2025,Research,3,description,https://www.kaggle.com/c/MABe-mouse-behavior-detection/writeups/3rd-place-solution,www.kaggle.com,,0
MABe-mouse-behavior-detection,1,science,2025,Research,4,description,https://www.kaggle.com/c/MABe-mouse-behavior-detection/writeups/4th-place-solution-xgb-nn-ensemble,www.kaggle.com,,0
MABe-mouse-behavior-detection,1,science,2025,Research,5,description,https://www.kaggle.com/c/MABe-mouse-behavior-detection/writeups/5th-place-gnn-egocentric-squeezeformer,www.kaggle.com,,0
MABe-mouse-behavior-detection,1,science,2025,Research,7,description,https://www.kaggle.com/c/MABe-mouse-behavior-detection/writeups/7th-place-gold-cnn-transformer-with-invariant-fe,www.kaggle.com,,0
MABe-mouse-behavior-detection,1,science,2025,Research,9,description,https://www.kaggle.com/c/MABe-mouse-behavior-detection/writeups/9th-place-gold,www.kaggle.com,,0
MABe-mouse-behavior-detection,1,science,2025,Research,10,description,https://www.kaggle.com/c/MABe-mouse-behavior-detection/writeups/10th-place-solution-st-gcn-transformer,www.kaggle.com,,0
MABe-mouse-behavior-detection,1,science,2025,Research,12,description,https://www.kaggle.com/c/MABe-mouse-behavior-detection/writeups/12th-place-solution,www.kaggle.com,,0
MABe-mouse-behavior-detection,1,science,2025,Research,15,description,https://www.kaggle.com/c/MABe-mouse-behavior-detection/writeups/15th-place-solution,www.kaggle.com,,0
MABe-mouse-behavior-detection,1,science,2025,Research,17,description,https://www.kaggle.com/c/MABe-mouse-behavior-detection/writeups/key-improvements-in-our-solution-a-technical-summ,www.kaggle.com,,0
MABe-mouse-behavior-detection,1,science,2025,Research,19,description,https://www.kaggle.com/c/MABe-mouse-behavior-detection/writeups/19th-place-4-body-parts-invariant-features-with,www.kaggle.com,,0
MABe-mouse-behavior-detection,1,science,2025,Research,26,description,https://www.kaggle.com/c/MABe-mouse-behavior-detection/writeups/27th-place-solution,www.kaggle.com,,0
amp-parkinsons-disease-progression-prediction,1,science,2023,Featured,1,description,https://www.kaggle.com/c/amp-parkinsons-disease-progression-prediction/discussion/411505,www.kaggle.com,,1
amp-parkinsons-disease-progression-prediction,1,science,2023,Featured,3,description,https://www.kaggle.com/c/amp-parkinsons-disease-progression-prediction/discussion/411546,www.kaggle.com,,0
amp-parkinsons-disease-progression-prediction,1,science,2023,Featured,4,description,https://www.kaggle.com/c/amp-parkinsons-disease-progression-prediction/discussion/411398,www.kaggle.com,,1
amp-parkinsons-disease-progression-prediction,1,science,2023,Featured,5,description,https://www.kaggle.com/c/amp-parkinsons-disease-progression-prediction/discussion/411388,www.kaggle.com,,1
amp-parkinsons-disease-progression-prediction,1,science,2023,Featured,8,description,https://www.kaggle.com/c/amp-parkinsons-disease-progression-prediction/discussion/411395,www.kaggle.com,,1
amp-parkinsons-disease-progression-prediction,1,science,2023,Featured,9,description,https://www.kaggle.com/c/amp-parkinsons-disease-progression-prediction/discussion/411380,www.kaggle.com,,0
amp-parkinsons-disease-progression-prediction,1,science,2023,Featured,12,description,https://www.kaggle.com/c/amp-parkinsons-disease-progression-prediction/discussion/411394,www.kaggle.com,,0
amp-parkinsons-disease-progression-prediction,1,science,2023,Featured,13,description,https://www.kaggle.com/c/amp-parkinsons-disease-progression-prediction/discussion/411436,www.kaggle.com,,1
ariel-data-challenge-2024,1,science,2024,Featured,1,description,https://www.kaggle.com/c/ariel-data-challenge-2024/discussion/544317,www.kaggle.com,,1
ariel-data-challenge-2024,1,science,2024,Featured,2,description,https://www.kaggle.com/c/ariel-data-challenge-2024/discussion/543853,www.kaggle.com,,1
ariel-data-challenge-2024,1,science,2024,Featured,3,description,https://www.kaggle.com/c/ariel-data-challenge-2024/discussion/543944,www.kaggle.com,,0
ariel-data-challenge-2024,1,science,2024,Featured,4,description,https://www.kaggle.com/c/ariel-data-challenge-2024/discussion/544471,www.kaggle.com,,1
ariel-data-challenge-2024,1,science,2024,Featured,5,description,https://www.kaggle.com/c/ariel-data-challenge-2024/discussion/543760,www.kaggle.com,,1
ariel-data-challenge-2024,1,science,2024,Featured,6,description,https://www.kaggle.com/c/ariel-data-challenge-2024/discussion/543666,www.kaggle.com,,1
ariel-data-challenge-2024,1,science,2024,Featured,7,description,https://www.kaggle.com/c/ariel-data-challenge-2024/discussion/543679,www.kaggle.com,,0
ariel-data-challenge-2024,1,science,2024,Featured,8,description,https://www.kaggle.com/c/ariel-data-challenge-2024/discussion/543776,www.kaggle.com,,0
ariel-data-challenge-2024,1,science,2024,Featured,9,description,https://www.kaggle.com/c/ariel-data-challenge-2024/discussion/543983,www.kaggle.com,,0
ariel-data-challenge-2024,1,science,2024,Featured,10,description,https://www.kaggle.com/c/ariel-data-challenge-2024/discussion/544189,www.kaggle.com,,0
ariel-data-challenge-2024,1,science,2024,Featured,15,description,https://www.kaggle.com/c/ariel-data-challenge-2024/discussion/543754,www.kaggle.com,,0
ariel-data-challenge-2024,1,science,2024,Featured,17,description,https://www.kaggle.com/c/ariel-data-challenge-2024/discussion/543763,www.kaggle.com,,0
ariel-data-challenge-2024,1,science,2024,Featured,18,description,https://www.kaggle.com/c/ariel-data-challenge-2024/discussion/543675,www.kaggle.com,,0
ariel-data-challenge-2024,1,science,2024,Featured,19,description,https://www.kaggle.com/c/ariel-data-challenge-2024/discussion/543855,www.kaggle.com,,0
ariel-data-challenge-2024,1,science,2024,Featured,21,description,https://www.kaggle.com/c/ariel-data-challenge-2024/discussion/545162,www.kaggle.com,,0
ariel-data-challenge-2024,1,science,2024,Featured,23,description,https://www.kaggle.com/c/ariel-data-challenge-2024/discussion/543749,www.kaggle.com,,0
ariel-data-challenge-2024,1,science,2024,Featured,32,description,https://www.kaggle.com/c/ariel-data-challenge-2024/discussion/543676,www.kaggle.com,,0
ariel-data-challenge-2024,1,science,2024,Featured,33,description,https://www.kaggle.com/c/ariel-data-challenge-2024/discussion/543770,www.kaggle.com,,0
ariel-data-challenge-2024,1,science,2024,Featured,37,description,https://www.kaggle.com/c/ariel-data-challenge-2024/discussion/544026,www.kaggle.com,,0
ariel-data-challenge-2024,1,science,2024,Featured,39,description,https://www.kaggle.com/c/ariel-data-challenge-2024/discussion/543682,www.kaggle.com,,0
ariel-data-challenge-2024,1,science,2024,Featured,40,description,https://www.kaggle.com/c/ariel-data-challenge-2024/discussion/543697,www.kaggle.com,,0
ariel-data-challenge-2025,1,science,2025,Featured,1,description,https://www.kaggle.com/c/ariel-data-challenge-2025/writeups/1st-place-solution-bayesian-inference-of-course,www.kaggle.com,,0
ariel-data-challenge-2025,1,science,2025,Featured,2,description,https://www.kaggle.com/c/ariel-data-challenge-2025/writeups/2nd-place-solution,www.kaggle.com,,0
ariel-data-challenge-2025,1,science,2025,Featured,3,description,https://www.kaggle.com/c/ariel-data-challenge-2025/writeups/3rd-place-solution,www.kaggle.com,,0
ariel-data-challenge-2025,1,science,2025,Featured,5,description,https://www.kaggle.com/c/ariel-data-challenge-2025/writeups/5th-place-solution,www.kaggle.com,,0
ariel-data-challenge-2025,1,science,2025,Featured,6,description,https://www.kaggle.com/c/ariel-data-challenge-2025/writeups/6th-solution-writeup,www.kaggle.com,,0
ariel-data-challenge-2025,1,science,2025,Featured,7,description,https://www.kaggle.com/c/ariel-data-challenge-2025/writeups/7st-place-solution,www.kaggle.com,,0
ariel-data-challenge-2025,1,science,2025,Featured,8,description,https://www.kaggle.com/c/ariel-data-challenge-2025/writeups/8th-place-solution,www.kaggle.com,,0
ariel-data-challenge-2025,1,science,2025,Featured,9,description,https://www.kaggle.com/c/ariel-data-challenge-2025/writeups/9th-solution,www.kaggle.com,,0
ariel-data-challenge-2025,1,science,2025,Featured,12,description,https://www.kaggle.com/c/ariel-data-challenge-2025/writeups/12th-place-solution-e2e-nn,www.kaggle.com,,0
ariel-data-challenge-2025,1,science,2025,Featured,14,description,https://www.kaggle.com/c/ariel-data-challenge-2025/writeups/14th-private4th-public-solution-brute-force-post,www.kaggle.com,,0
ariel-data-challenge-2025,1,science,2025,Featured,16,description,https://www.kaggle.com/c/ariel-data-challenge-2025/writeups/16th-place-solution-probablistic-regression,www.kaggle.com,,0
ariel-data-challenge-2025,1,science,2025,Featured,19,description,https://www.kaggle.com/c/ariel-data-challenge-2025/writeups/19th-place-solution,www.kaggle.com,,0
ariel-data-challenge-2025,1,science,2025,Featured,24,description,https://www.kaggle.com/c/ariel-data-challenge-2025/writeups/24-place-solution,www.kaggle.com,,0
ariel-data-challenge-2025,1,science,2025,Featured,25,description,https://www.kaggle.com/c/ariel-data-challenge-2025/writeups/25th-place-polynomnial-fitting-nelder-mead,www.kaggle.com,,0
ariel-data-challenge-2025,1,science,2025,Featured,29,description,https://www.kaggle.com/c/ariel-data-challenge-2025/writeups/29th-discovery-and-solution,www.kaggle.com,,0
ariel-data-challenge-2025,1,science,2025,Featured,33,description,https://www.kaggle.com/c/ariel-data-challenge-2025/writeups/33rd-place-solution,www.kaggle.com,,0
ariel-data-challenge-2025,1,science,2025,Featured,37,description,https://www.kaggle.com/c/ariel-data-challenge-2025/writeups/37th-solution,www.kaggle.com,,0
ariel-data-challenge-2025,1,science,2025,Featured,45,description,https://www.kaggle.com/c/ariel-data-challenge-2025/writeups/45th-place-solution,www.kaggle.com,,0
ariel-data-challenge-2025,1,science,2025,Featured,48,description,https://www.kaggle.com/c/ariel-data-challenge-2025/writeups/48th-place-solution,www.kaggle.com,,0
birdclef-2024,1,science,2024,Research,1,description,https://www.kaggle.com/c/birdclef-2024/discussion/512197,www.kaggle.com,,1
birdclef-2024,1,science,2024,Research,2,description,https://www.kaggle.com/c/birdclef-2024/discussion/512340,www.kaggle.com,,1
birdclef-2024,1,science,2024,Research,3,description,https://www.kaggle.com/c/birdclef-2024/discussion/511905,www.kaggle.com,,1
birdclef-2024,1,science,2024,Research,4,description,https://www.kaggle.com/c/birdclef-2024/discussion/511845,www.kaggle.com,,1
birdclef-2024,1,science,2024,Research,5,description,https://www.kaggle.com/c/birdclef-2024/discussion/511535,www.kaggle.com,,1
birdclef-2024,1,science,2024,Research,6,description,https://www.kaggle.com/c/birdclef-2024/discussion/511527,www.kaggle.com,,0
birdclef-2024,1,science,2024,Research,7,description,https://www.kaggle.com/c/birdclef-2024/discussion/511540,www.kaggle.com,,0
birdclef-2024,1,science,2024,Research,8,description,https://www.kaggle.com/c/birdclef-2024/discussion/511528,www.kaggle.com,,0
birdclef-2024,1,science,2024,Research,9,description,https://www.kaggle.com/c/birdclef-2024/discussion/511510,www.kaggle.com,,0
birdclef-2024,1,science,2024,Research,10,description,https://www.kaggle.com/c/birdclef-2024/discussion/511596,www.kaggle.com,,0
birdclef-2024,1,science,2024,Research,11,description,https://www.kaggle.com/c/birdclef-2024/discussion/511499,www.kaggle.com,,0
birdclef-2024,1,science,2024,Research,15,description,https://www.kaggle.com/c/birdclef-2024/discussion/511559,www.kaggle.com,,0
birdclef-2024,1,science,2024,Research,18,description,https://www.kaggle.com/c/birdclef-2024/discussion/511851,www.kaggle.com,,0
birdclef-2024,1,science,2024,Research,31,description,https://www.kaggle.com/c/birdclef-2024/discussion/511567,www.kaggle.com,,0
cafa-5-protein-function-prediction,1,science,2023,Research,2,description,https://www.kaggle.com/c/cafa-5-protein-function-prediction/discussion/434064,www.kaggle.com,,1
cafa-5-protein-function-prediction,1,science,2023,Research,3,description,https://www.kaggle.com/c/cafa-5-protein-function-prediction/discussion/464437,www.kaggle.com,,1
cafa-5-protein-function-prediction,1,science,2023,Research,4,description,https://www.kaggle.com/c/cafa-5-protein-function-prediction/discussion/433732,www.kaggle.com,,0
cafa-5-protein-function-prediction,1,science,2023,Research,5,description,https://www.kaggle.com/c/cafa-5-protein-function-prediction/discussion/463009,www.kaggle.com,,0
cafa-5-protein-function-prediction,1,science,2023,Research,9,description,https://www.kaggle.com/c/cafa-5-protein-function-prediction/discussion/462605,www.kaggle.com,,0
cafa-5-protein-function-prediction,1,science,2023,Research,13,description,https://www.kaggle.com/c/cafa-5-protein-function-prediction/discussion/434333,www.kaggle.com,,0
cafa-6-protein-function-prediction,1,science,2026,Research,1,description,https://www.kaggle.com/c/cafa-6-protein-function-prediction/writeups/1st-place-solution-for-the-cafa-6-protein-function,www.kaggle.com,,0
cafa-6-protein-function-prediction,1,science,2026,Research,2,description,https://www.kaggle.com/c/cafa-6-protein-function-prediction/writeups/2nd-solution-of-cafa-6-py-boost-gcn-articles-da,www.kaggle.com,,0
cafa-6-protein-function-prediction,1,science,2026,Research,3,description,https://www.kaggle.com/c/cafa-6-protein-function-prediction/writeups/what-happened,www.kaggle.com,,0
cafa-6-protein-function-prediction,1,science,2026,Research,4,description,https://www.kaggle.com/c/cafa-6-protein-function-prediction/writeups/4st-place-solution-for-the-cafa-6-protein-function,www.kaggle.com,,0
cafa-6-protein-function-prediction,1,science,2026,Research,5,description,https://www.kaggle.com/c/cafa-6-protein-function-prediction/writeups/5th-place-solution,www.kaggle.com,,0
cafa-6-protein-function-prediction,1,science,2026,Research,6,description,https://www.kaggle.com/c/cafa-6-protein-function-prediction/writeups/6th-place-solution-for-the-cafa-6-protein-function,www.kaggle.com,,0
cafa-6-protein-function-prediction,1,science,2026,Research,41,description,https://www.kaggle.com/c/cafa-6-protein-function-prediction/writeups/41st-place-solution-for-the-cafa-6-protein-functio,www.kaggle.com,,0
csiro-biomass,1,science,2026,Research,1,description,https://www.kaggle.com/c/csiro-biomass/writeups/1st-place-solution,www.kaggle.com,,0
csiro-biomass,1,science,2026,Research,2,description,https://www.kaggle.com/c/csiro-biomass/writeups/2nd-weakly-supervised-semantic-segmentation-sy,www.kaggle.com,,0
csiro-biomass,1,science,2026,Research,3,description,https://www.kaggle.com/c/csiro-biomass/writeups/3rd-place-solution,www.kaggle.com,,0
csiro-biomass,1,science,2026,Research,4,description,https://www.kaggle.com/c/csiro-biomass/writeups/physics-constrained-regression-integrating-biolog,www.kaggle.com,,0
csiro-biomass,1,science,2026,Research,5,description,https://www.kaggle.com/c/csiro-biomass/writeups/5th-place-solution,www.kaggle.com,,0
csiro-biomass,1,science,2026,Research,6,description,https://www.kaggle.com/c/csiro-biomass/writeups/a-scalar-regression-pipeline-based-on-dinov3,www.kaggle.com,,0
csiro-biomass,1,science,2026,Research,7,description,https://www.kaggle.com/c/csiro-biomass/writeups/8th-place-solution-singledual-ttt,www.kaggle.com,,0
csiro-biomass,1,science,2026,Research,8,description,https://www.kaggle.com/c/csiro-biomass/writeups/8th-place-solution-csiro-image2biomass,www.kaggle.com,,0
csiro-biomass,1,science,2026,Research,9,description,https://www.kaggle.com/c/csiro-biomass/writeups/9th-place-solution,www.kaggle.com,,0
csiro-biomass,1,science,2026,Research,10,description,https://www.kaggle.com/c/csiro-biomass/writeups/10th-place-solution,www.kaggle.com,,0
csiro-biomass,1,science,2026,Research,13,description,https://www.kaggle.com/c/csiro-biomass/writeups/13th-place-solution-frozen-dinov3-stacked-ridg,www.kaggle.com,,0
csiro-biomass,1,science,2026,Research,20,description,https://www.kaggle.com/c/csiro-biomass/writeups/21nd-soluion-simple-model-data-augmentation,www.kaggle.com,,0
csiro-biomass,1,science,2026,Research,27,description,https://www.kaggle.com/c/csiro-biomass/writeups/27th-place-solution,www.kaggle.com,,0
csiro-biomass,1,science,2026,Research,30,description,https://www.kaggle.com/c/csiro-biomass/writeups/30th-place-solution,www.kaggle.com,,0
csiro-biomass,1,science,2026,Research,31,description,https://www.kaggle.com/c/csiro-biomass/writeups/dinov3-dora-tweedie-loss-ballanced-r2,www.kaggle.com,,0
csiro-biomass,1,science,2026,Research,33,description,https://www.kaggle.com/c/csiro-biomass/writeups/33rd-place-silver-medal-solution,www.kaggle.com,,0
csiro-biomass,1,science,2026,Research,37,description,https://www.kaggle.com/c/csiro-biomass/writeups/top-10-public-top-38-private-solution,www.kaggle.com,,0
csiro-biomass,1,science,2026,Research,41,description,https://www.kaggle.com/c/csiro-biomass/writeups/41st-place-solution-self-prompt-tuning-with-di,www.kaggle.com,,0
equity-post-HCT-survival-predictions,1,science,2025,Research,1,description,https://www.kaggle.com/c/equity-post-HCT-survival-predictions/discussion/566550,www.kaggle.com,,1
equity-post-HCT-survival-predictions,1,science,2025,Research,2,description,https://www.kaggle.com/c/equity-post-HCT-survival-predictions/discussion/566522,www.kaggle.com,,1
equity-post-HCT-survival-predictions,1,science,2025,Research,3,description,https://www.kaggle.com/c/equity-post-HCT-survival-predictions/discussion/566574,www.kaggle.com,,1
equity-post-HCT-survival-predictions,1,science,2025,Research,4,description,https://www.kaggle.com/c/equity-post-HCT-survival-predictions/discussion/566528,www.kaggle.com,,1
equity-post-HCT-survival-predictions,1,science,2025,Research,5,description,https://www.kaggle.com/c/equity-post-HCT-survival-predictions/discussion/568339,www.kaggle.com,,0
equity-post-HCT-survival-predictions,1,science,2025,Research,6,description,https://www.kaggle.com/c/equity-post-HCT-survival-predictions/discussion/566686,www.kaggle.com,,0
equity-post-HCT-survival-predictions,1,science,2025,Research,9,description,https://www.kaggle.com/c/equity-post-HCT-survival-predictions/discussion/566948,www.kaggle.com,,0
equity-post-HCT-survival-predictions,1,science,2025,Research,11,description,https://www.kaggle.com/c/equity-post-HCT-survival-predictions/discussion/566624,www.kaggle.com,,0
equity-post-HCT-survival-predictions,1,science,2025,Research,12,description,https://www.kaggle.com/c/equity-post-HCT-survival-predictions/discussion/566584,www.kaggle.com,,0
equity-post-HCT-survival-predictions,1,science,2025,Research,15,description,https://www.kaggle.com/c/equity-post-HCT-survival-predictions/discussion/566756,www.kaggle.com,,0
equity-post-HCT-survival-predictions,1,science,2025,Research,16,description,https://www.kaggle.com/c/equity-post-HCT-survival-predictions/discussion/567643,www.kaggle.com,,0
equity-post-HCT-survival-predictions,1,science,2025,Research,22,description,https://www.kaggle.com/c/equity-post-HCT-survival-predictions/discussion/566769,www.kaggle.com,,0
equity-post-HCT-survival-predictions,1,science,2025,Research,24,description,https://www.kaggle.com/c/equity-post-HCT-survival-predictions/discussion/566677,www.kaggle.com,,0
equity-post-HCT-survival-predictions,1,science,2025,Research,29,description,https://www.kaggle.com/c/equity-post-HCT-survival-predictions/discussion/566685,www.kaggle.com,,0
equity-post-HCT-survival-predictions,1,science,2025,Research,32,description,https://www.kaggle.com/c/equity-post-HCT-survival-predictions/discussion/567112,www.kaggle.com,,0
equity-post-HCT-survival-predictions,1,science,2025,Research,33,description,https://www.kaggle.com/c/equity-post-HCT-survival-predictions/discussion/566572,www.kaggle.com,,0
equity-post-HCT-survival-predictions,1,science,2025,Research,34,description,https://www.kaggle.com/c/equity-post-HCT-survival-predictions/discussion/566858,www.kaggle.com,,0
equity-post-HCT-survival-predictions,1,science,2025,Research,35,description,https://www.kaggle.com/c/equity-post-HCT-survival-predictions/discussion/566675,www.kaggle.com,,0
equity-post-HCT-survival-predictions,1,science,2025,Research,36,description,https://www.kaggle.com/c/equity-post-HCT-survival-predictions/discussion/566595,www.kaggle.com,,0
equity-post-HCT-survival-predictions,1,science,2025,Research,43,description,https://www.kaggle.com/c/equity-post-HCT-survival-predictions/discussion/566577,www.kaggle.com,,0
g2net-detecting-continuous-gravitational-waves,1,science,2023,Research,1,code,https://www.kaggle.com/c/g2net-detecting-continuous-gravitational-waves/discussion/375910,www.kaggle.com,,1
g2net-detecting-continuous-gravitational-waves,1,science,2023,Research,2,description,https://www.kaggle.com/c/g2net-detecting-continuous-gravitational-waves/discussion/376504,www.kaggle.com,,0
g2net-detecting-continuous-gravitational-waves,1,science,2023,Research,3,description,https://www.kaggle.com/c/g2net-detecting-continuous-gravitational-waves/discussion/376233,www.kaggle.com,,1
g2net-detecting-continuous-gravitational-waves,1,science,2023,Research,4,description,https://www.kaggle.com/c/g2net-detecting-continuous-gravitational-waves/discussion/376357,www.kaggle.com,,0
g2net-detecting-continuous-gravitational-waves,1,science,2023,Research,5,description,https://www.kaggle.com/c/g2net-detecting-continuous-gravitational-waves/discussion/376022,www.kaggle.com,,0
g2net-detecting-continuous-gravitational-waves,1,science,2023,Research,6,description,https://www.kaggle.com/c/g2net-detecting-continuous-gravitational-waves/discussion/375923,www.kaggle.com,,1
g2net-detecting-continuous-gravitational-waves,1,science,2023,Research,8,description,https://www.kaggle.com/c/g2net-detecting-continuous-gravitational-waves/discussion/376253,www.kaggle.com,,0
g2net-detecting-continuous-gravitational-waves,1,science,2023,Research,9,description,https://www.kaggle.com/c/g2net-detecting-continuous-gravitational-waves/discussion/375897,www.kaggle.com,,1
g2net-detecting-continuous-gravitational-waves,1,science,2023,Research,10,description,https://www.kaggle.com/c/g2net-detecting-continuous-gravitational-waves/discussion/376052,www.kaggle.com,,0
g2net-detecting-continuous-gravitational-waves,1,science,2023,Research,11,description,https://www.kaggle.com/c/g2net-detecting-continuous-gravitational-waves/discussion/375981,www.kaggle.com,,0
g2net-detecting-continuous-gravitational-waves,1,science,2023,Research,12,description,https://www.kaggle.com/c/g2net-detecting-continuous-gravitational-waves/discussion/375961,www.kaggle.com,,0
g2net-detecting-continuous-gravitational-waves,1,science,2023,Research,13,description,https://www.kaggle.com/c/g2net-detecting-continuous-gravitational-waves/discussion/376724,www.kaggle.com,,0
g2net-detecting-continuous-gravitational-waves,1,science,2023,Research,20,description,https://www.kaggle.com/c/g2net-detecting-continuous-gravitational-waves/discussion/375957,www.kaggle.com,,0
g2net-detecting-continuous-gravitational-waves,1,science,2023,Research,22,description,https://www.kaggle.com/c/g2net-detecting-continuous-gravitational-waves/discussion/375927,www.kaggle.com,,0
icecube-neutrinos-in-deep-ice,1,science,2023,Research,1,description,https://www.kaggle.com/c/icecube-neutrinos-in-deep-ice/discussion/402976,www.kaggle.com,,1
icecube-neutrinos-in-deep-ice,1,science,2023,Research,2,description,https://www.kaggle.com/c/icecube-neutrinos-in-deep-ice/discussion/402882,www.kaggle.com,,1
icecube-neutrinos-in-deep-ice,1,science,2023,Research,3,description,https://www.kaggle.com/c/icecube-neutrinos-in-deep-ice/discussion/402888,www.kaggle.com,,1
icecube-neutrinos-in-deep-ice,1,science,2023,Research,5,description,https://www.kaggle.com/c/icecube-neutrinos-in-deep-ice/discussion/403398,www.kaggle.com,,0
icecube-neutrinos-in-deep-ice,1,science,2023,Research,6,description,https://www.kaggle.com/c/icecube-neutrinos-in-deep-ice/discussion/403153,www.kaggle.com,,0
icecube-neutrinos-in-deep-ice,1,science,2023,Research,8,description,https://www.kaggle.com/c/icecube-neutrinos-in-deep-ice/discussion/403713,www.kaggle.com,,0
icecube-neutrinos-in-deep-ice,1,science,2023,Research,9,description,https://www.kaggle.com/c/icecube-neutrinos-in-deep-ice/discussion/402849,www.kaggle.com,,1
icecube-neutrinos-in-deep-ice,1,science,2023,Research,10,description,https://www.kaggle.com/c/icecube-neutrinos-in-deep-ice/discussion/402969,www.kaggle.com,,1
icecube-neutrinos-in-deep-ice,1,science,2023,Research,11,description,https://www.kaggle.com/c/icecube-neutrinos-in-deep-ice/discussion/402920,www.kaggle.com,,1
icecube-neutrinos-in-deep-ice,1,science,2023,Research,12,description,https://www.kaggle.com/c/icecube-neutrinos-in-deep-ice/discussion/403000,www.kaggle.com,,0
icecube-neutrinos-in-deep-ice,1,science,2023,Research,13,description,https://www.kaggle.com/c/icecube-neutrinos-in-deep-ice/discussion/405563,www.kaggle.com,,0
icecube-neutrinos-in-deep-ice,1,science,2023,Research,14,description,https://www.kaggle.com/c/icecube-neutrinos-in-deep-ice/discussion/402973,www.kaggle.com,,0
icecube-neutrinos-in-deep-ice,1,science,2023,Research,15,description,https://www.kaggle.com/c/icecube-neutrinos-in-deep-ice/discussion/405034,www.kaggle.com,,0
icecube-neutrinos-in-deep-ice,1,science,2023,Research,16,description,https://www.kaggle.com/c/icecube-neutrinos-in-deep-ice/discussion/402861,www.kaggle.com,,0
icecube-neutrinos-in-deep-ice,1,science,2023,Research,20,description,https://www.kaggle.com/c/icecube-neutrinos-in-deep-ice/discussion/402864,www.kaggle.com,,0
leap-atmospheric-physics-ai-climsim,1,science,2024,Research,1,description,https://www.kaggle.com/c/leap-atmospheric-physics-ai-climsim/discussion/523063,www.kaggle.com,,1
leap-atmospheric-physics-ai-climsim,1,science,2024,Research,2,description,https://www.kaggle.com/c/leap-atmospheric-physics-ai-climsim/discussion/523055,www.kaggle.com,,1
leap-atmospheric-physics-ai-climsim,1,science,2024,Research,3,description,https://www.kaggle.com/c/leap-atmospheric-physics-ai-climsim/discussion/523077,www.kaggle.com,,0
leap-atmospheric-physics-ai-climsim,1,science,2024,Research,7,description,https://www.kaggle.com/c/leap-atmospheric-physics-ai-climsim/discussion/524111,www.kaggle.com,,0
leap-atmospheric-physics-ai-climsim,1,science,2024,Research,8,description,https://www.kaggle.com/c/leap-atmospheric-physics-ai-climsim/discussion/523223,www.kaggle.com,,0
leap-atmospheric-physics-ai-climsim,1,science,2024,Research,10,description,https://www.kaggle.com/c/leap-atmospheric-physics-ai-climsim/discussion/523041,www.kaggle.com,,1
leap-atmospheric-physics-ai-climsim,1,science,2024,Research,11,description,https://www.kaggle.com/c/leap-atmospheric-physics-ai-climsim/discussion/523087,www.kaggle.com,,0
leap-atmospheric-physics-ai-climsim,1,science,2024,Research,27,description,https://www.kaggle.com/c/leap-atmospheric-physics-ai-climsim/discussion/523129,www.kaggle.com,,0
leap-atmospheric-physics-ai-climsim,1,science,2024,Research,47,description,https://www.kaggle.com/c/leap-atmospheric-physics-ai-climsim/discussion/523105,www.kaggle.com,,0
leash-BELKA,1,science,2024,Featured,1,description,https://www.kaggle.com/c/leash-BELKA/discussion/519020,www.kaggle.com,,1
leash-BELKA,1,science,2024,Featured,5,description,https://www.kaggle.com/c/leash-BELKA/discussion/521894,www.kaggle.com,,1
leash-BELKA,1,science,2024,Featured,8,description,https://www.kaggle.com/c/leash-BELKA/discussion/519815,www.kaggle.com,,0
leash-BELKA,1,science,2024,Featured,11,description,https://www.kaggle.com/c/leash-BELKA/discussion/518993,www.kaggle.com,,0
leash-BELKA,1,science,2024,Featured,13,description,https://www.kaggle.com/c/leash-BELKA/discussion/519133,www.kaggle.com,,1
leash-BELKA,1,science,2024,Featured,14,description,https://www.kaggle.com/c/leash-BELKA/discussion/518951,www.kaggle.com,,1
leash-BELKA,1,science,2024,Featured,27,description,https://www.kaggle.com/c/leash-BELKA/discussion/519191,www.kaggle.com,,0
march-machine-learning-mania-2026,1,science,2026,Featured,1,description,https://www.kaggle.com/c/march-machine-learning-mania-2026/writeups/march-machine-learning-mania-2026-1st-place-solut,www.kaggle.com,,0
march-machine-learning-mania-2026,1,science,2026,Featured,2,description,https://www.kaggle.com/c/march-machine-learning-mania-2026/writeups/2nd-place-solution-for-the-march-machine-learning,www.kaggle.com,,0
march-machine-learning-mania-2026,1,science,2026,Featured,3,description,https://www.kaggle.com/c/march-machine-learning-mania-2026/writeups/3rd-place-solution-march-machine-learning-mania,www.kaggle.com,,0
march-machine-learning-mania-2026,1,science,2026,Featured,4,description,https://www.kaggle.com/c/march-machine-learning-mania-2026/writeups/4th-place-solution-for-the-march-machine-learning,www.kaggle.com,,0
march-machine-learning-mania-2026,1,science,2026,Featured,5,description,https://www.kaggle.com/c/march-machine-learning-mania-2026/writeups/march-machine-learning-mania-2026-5nd-place-solut,www.kaggle.com,,0
march-machine-learning-mania-2026,1,science,2026,Featured,6,description,https://www.kaggle.com/c/march-machine-learning-mania-2026/writeups/6th-place-solution-march-machine-learning-mania-20,www.kaggle.com,,0
march-machine-learning-mania-2026,1,science,2026,Featured,7,description,https://www.kaggle.com/c/march-machine-learning-mania-2026/writeups/7th-place-solution,www.kaggle.com,,0
march-machine-learning-mania-2026,1,science,2026,Featured,8,description,https://www.kaggle.com/c/march-machine-learning-mania-2026/writeups/8th-place-march-machine-learning-mania-2026,www.kaggle.com,,0
march-machine-learning-mania-2026,1,science,2026,Featured,10,description,https://www.kaggle.com/c/march-machine-learning-mania-2026/writeups/march-mania-2026-10th-place-solution,www.kaggle.com,,0
march-machine-learning-mania-2026,1,science,2026,Featured,19,description,https://www.kaggle.com/c/march-machine-learning-mania-2026/writeups/march-machine-learning-mania-2026-silver-medal-s,www.kaggle.com,,0
march-machine-learning-mania-2026,1,science,2026,Featured,21,description,https://www.kaggle.com/c/march-machine-learning-mania-2026/writeups/21st-place-solution-5-model-ensemble-with-optuna,www.kaggle.com,,0
march-machine-learning-mania-2026,1,science,2026,Featured,28,description,https://www.kaggle.com/c/march-machine-learning-mania-2026/writeups/28th-place-solution,www.kaggle.com,,0
march-machine-learning-mania-2026,1,science,2026,Featured,33,description,https://www.kaggle.com/c/march-machine-learning-mania-2026/writeups/top-1-goto-conversion-ucla-womens-override,www.kaggle.com,,0
march-machine-learning-mania-2026,1,science,2026,Featured,49,description,https://www.kaggle.com/c/march-machine-learning-mania-2026/writeups/march-machine-learning-mania-2026-under-50-solut,www.kaggle.com,,0
neurips-open-polymer-prediction-2025,1,science,2025,Featured,1,description,https://www.kaggle.com/c/neurips-open-polymer-prediction-2025/writeups/1st-place-solution,www.kaggle.com,,0
neurips-open-polymer-prediction-2025,1,science,2025,Featured,2,description,https://www.kaggle.com/c/neurips-open-polymer-prediction-2025/writeups/2nd-place-solution,www.kaggle.com,,0
neurips-open-polymer-prediction-2025,1,science,2025,Featured,3,description,https://www.kaggle.com/c/neurips-open-polymer-prediction-2025/writeups/3rd-place-solution,www.kaggle.com,,0
neurips-open-polymer-prediction-2025,1,science,2025,Featured,4,description,https://www.kaggle.com/c/neurips-open-polymer-prediction-2025/writeups/4th-place-solution-lightgbm-with-smiles-derived-fe,www.kaggle.com,,0
neurips-open-polymer-prediction-2025,1,science,2025,Featured,5,description,https://www.kaggle.com/c/neurips-open-polymer-prediction-2025/writeups/a-hybrid-physicsmachine-learning-framework-for-pol,www.kaggle.com,,0
neurips-open-polymer-prediction-2025,1,science,2025,Featured,6,description,https://www.kaggle.com/c/neurips-open-polymer-prediction-2025/writeups/6th-place-solution,www.kaggle.com,,0
neurips-open-polymer-prediction-2025,1,science,2025,Featured,8,description,https://www.kaggle.com/c/neurips-open-polymer-prediction-2025/writeups/8th-place-solution-no-tg-post-processing,www.kaggle.com,,0
neurips-open-polymer-prediction-2025,1,science,2025,Featured,10,description,https://www.kaggle.com/c/neurips-open-polymer-prediction-2025/writeups/10th-place-solution-a-feature-centric-approach-wit,www.kaggle.com,,0
neurips-open-polymer-prediction-2025,1,science,2025,Featured,12,description,https://www.kaggle.com/c/neurips-open-polymer-prediction-2025/writeups/private-lb-0-083-gnn-embeddings-stacking-ensemble,www.kaggle.com,,0
neurips-open-polymer-prediction-2025,1,science,2025,Featured,14,description,https://www.kaggle.com/c/neurips-open-polymer-prediction-2025/writeups/random-forest-using-xgboost,www.kaggle.com,,0
neurips-open-polymer-prediction-2025,1,science,2025,Featured,20,description,https://www.kaggle.com/c/neurips-open-polymer-prediction-2025/writeups/20th-place-solution-neurips-open-polymer-predictio,www.kaggle.com,,0
neurips-open-polymer-prediction-2025,1,science,2025,Featured,24,description,https://www.kaggle.com/c/neurips-open-polymer-prediction-2025/writeups/24th-place-solution-2-stage-autogluon-and-xgb,www.kaggle.com,,0
neurips-open-polymer-prediction-2025,1,science,2025,Featured,27,description,https://www.kaggle.com/c/neurips-open-polymer-prediction-2025/writeups/11-public-27-private-lb-solution-gnngreamlptabpfnx,www.kaggle.com,,0
neurips-open-polymer-prediction-2025,1,science,2025,Featured,39,description,https://www.kaggle.com/c/neurips-open-polymer-prediction-2025/writeups/fine-tuning-of-transpolymer-for-polymer-property-p,www.kaggle.com,,0
neurips-open-polymer-prediction-2025,1,science,2025,Featured,42,description,https://www.kaggle.com/c/neurips-open-polymer-prediction-2025/writeups/pb-42nd-lb-30th-place-solution-lb-0-060-pb,www.kaggle.com,,0
neurips-open-polymer-prediction-2025,1,science,2025,Featured,46,description,https://www.kaggle.com/c/neurips-open-polymer-prediction-2025/writeups/38-public-46-private-lb-solution-uni-molxgb,www.kaggle.com,,0
novozymes-enzyme-stability-prediction,1,science,2023,Featured,2,description,https://www.kaggle.com/c/novozymes-enzyme-stability-prediction/discussion/376134,www.kaggle.com,,1
novozymes-enzyme-stability-prediction,1,science,2023,Featured,3,description,https://www.kaggle.com/c/novozymes-enzyme-stability-prediction/discussion/375964,www.kaggle.com,,0
novozymes-enzyme-stability-prediction,1,science,2023,Featured,6,description,https://www.kaggle.com/c/novozymes-enzyme-stability-prediction/discussion/375900,www.kaggle.com,,0
novozymes-enzyme-stability-prediction,1,science,2023,Featured,8,description,https://www.kaggle.com/c/novozymes-enzyme-stability-prediction/discussion/376070,www.kaggle.com,,0
novozymes-enzyme-stability-prediction,1,science,2023,Featured,11,description,https://www.kaggle.com/c/novozymes-enzyme-stability-prediction/discussion/376147,www.kaggle.com,,0
open-problems-multimodal,1,science,2022,Featured,1,code,https://www.kaggle.com/c/open-problems-multimodal/discussion/366961,www.kaggle.com,,1
open-problems-multimodal,1,science,2022,Featured,2,code,https://www.kaggle.com/c/open-problems-multimodal/discussion/366453,www.kaggle.com,,1
open-problems-multimodal,1,science,2022,Featured,3,code,https://www.kaggle.com/c/open-problems-multimodal/discussion/366428,www.kaggle.com,,1
open-problems-multimodal,1,science,2022,Featured,4,code,https://www.kaggle.com/c/open-problems-multimodal/discussion/366460,www.kaggle.com,,0
open-problems-multimodal,1,science,2022,Featured,5,description,https://www.kaggle.com/c/open-problems-multimodal/discussion/366409,www.kaggle.com,,0
open-problems-multimodal,1,science,2022,Featured,6,description,https://www.kaggle.com/c/open-problems-multimodal/discussion/366417,www.kaggle.com,,0
open-problems-multimodal,1,science,2022,Featured,7,description,https://www.kaggle.com/c/open-problems-multimodal/discussion/366471,www.kaggle.com,,0
open-problems-multimodal,1,science,2022,Featured,8,description,https://www.kaggle.com/c/open-problems-multimodal/discussion/366667,www.kaggle.com,,0
open-problems-multimodal,1,science,2022,Featured,11,description,https://www.kaggle.com/c/open-problems-multimodal/discussion/366455,www.kaggle.com,,0
open-problems-multimodal,1,science,2022,Featured,12,description,https://www.kaggle.com/c/open-problems-multimodal/discussion/366504,www.kaggle.com,,0
open-problems-multimodal,1,science,2022,Featured,13,description,https://www.kaggle.com/c/open-problems-multimodal/discussion/366392,www.kaggle.com,,0
open-problems-multimodal,1,science,2022,Featured,16,description,https://www.kaggle.com/c/open-problems-multimodal/discussion/368052,www.kaggle.com,,0
open-problems-multimodal,1,science,2022,Featured,21,code,https://www.kaggle.com/c/open-problems-multimodal/discussion/366578,www.kaggle.com,,0
open-problems-multimodal,1,science,2022,Featured,29,code,https://www.kaggle.com/c/open-problems-multimodal/discussion/367195,www.kaggle.com,,0
open-problems-multimodal,1,science,2022,Featured,41,code,https://www.kaggle.com/c/open-problems-multimodal/discussion/366372,www.kaggle.com,,0
open-problems-multimodal,1,science,2022,Featured,43,description,https://www.kaggle.com/c/open-problems-multimodal/discussion/368421,www.kaggle.com,,0
open-problems-single-cell-perturbations,1,science,2023,Featured,1,description,https://www.kaggle.com/c/open-problems-single-cell-perturbations/discussion/459258,www.kaggle.com,,1
open-problems-single-cell-perturbations,1,science,2023,Featured,2,description,https://www.kaggle.com/c/open-problems-single-cell-perturbations/discussion/458738,www.kaggle.com,,1
open-problems-single-cell-perturbations,1,science,2023,Featured,3,description,https://www.kaggle.com/c/open-problems-single-cell-perturbations/discussion/458750,www.kaggle.com,,1
open-problems-single-cell-perturbations,1,science,2023,Featured,7,description,https://www.kaggle.com/c/open-problems-single-cell-perturbations/discussion/459623,www.kaggle.com,,0
open-problems-single-cell-perturbations,1,science,2023,Featured,8,description,https://www.kaggle.com/c/open-problems-single-cell-perturbations/discussion/459618,www.kaggle.com,,0
open-problems-single-cell-perturbations,1,science,2023,Featured,15,description,https://www.kaggle.com/c/open-problems-single-cell-perturbations/discussion/459588,www.kaggle.com,,0
open-problems-single-cell-perturbations,1,science,2023,Featured,18,description,https://www.kaggle.com/c/open-problems-single-cell-perturbations/discussion/458661,www.kaggle.com,,0
open-problems-single-cell-perturbations,1,science,2023,Featured,21,description,https://www.kaggle.com/c/open-problems-single-cell-perturbations/discussion/458764,www.kaggle.com,,0
open-problems-single-cell-perturbations,1,science,2023,Featured,44,description,https://www.kaggle.com/c/open-problems-single-cell-perturbations/discussion/458888,www.kaggle.com,,0
rogii-wellbore-geology-prediction,1,science,2026,Featured,1,description,https://www.kaggle.com/c/rogii-wellbore-geology-prediction/writeups/1st-place-solution,www.kaggle.com,,0
rogii-wellbore-geology-prediction,1,science,2026,Featured,2,description,https://www.kaggle.com/c/rogii-wellbore-geology-prediction/writeups/2nd-place-solution-anchorcnn-conditional-probab,www.kaggle.com,,0
rogii-wellbore-geology-prediction,1,science,2026,Featured,3,description,https://www.kaggle.com/c/rogii-wellbore-geology-prediction/writeups/3rd-place-solution,www.kaggle.com,,0
rogii-wellbore-geology-prediction,1,science,2026,Featured,4,description,https://www.kaggle.com/c/rogii-wellbore-geology-prediction/writeups/4th-place-solution,www.kaggle.com,,0
rogii-wellbore-geology-prediction,1,science,2026,Featured,5,description,https://www.kaggle.com/c/rogii-wellbore-geology-prediction/writeups/5th-place-solution,www.kaggle.com,,0
rogii-wellbore-geology-prediction,1,science,2026,Featured,6,description,https://www.kaggle.com/c/rogii-wellbore-geology-prediction/writeups/6th-place-diverse-gr-representations-91-pfs,www.kaggle.com,,0
rogii-wellbore-geology-prediction,1,science,2026,Featured,7,description,https://www.kaggle.com/c/rogii-wellbore-geology-prediction/writeups/7th-place-solution-hmm-unet-agent-is-all-you,www.kaggle.com,,0
rogii-wellbore-geology-prediction,1,science,2026,Featured,8,description,https://www.kaggle.com/c/rogii-wellbore-geology-prediction/writeups/8th-place-pf-ranker,www.kaggle.com,,0
rogii-wellbore-geology-prediction,1,science,2026,Featured,9,description,https://www.kaggle.com/c/rogii-wellbore-geology-prediction/writeups/9th-place-solution,www.kaggle.com,,0
rogii-wellbore-geology-prediction,1,science,2026,Featured,10,description,https://www.kaggle.com/c/rogii-wellbore-geology-prediction/writeups/10th-place-solution-a-compass-not-a-map,www.kaggle.com,,0
rogii-wellbore-geology-prediction,1,science,2026,Featured,11,description,https://www.kaggle.com/c/rogii-wellbore-geology-prediction/writeups/11th-place-solution,www.kaggle.com,,0
rogii-wellbore-geology-prediction,1,science,2026,Featured,13,description,https://www.kaggle.com/c/rogii-wellbore-geology-prediction/writeups/13th-place-solution,www.kaggle.com,,0
rogii-wellbore-geology-prediction,1,science,2026,Featured,14,description,https://www.kaggle.com/c/rogii-wellbore-geology-prediction/writeups/14th-place-a-hierarchical-u-net-stack-with-seed-a,www.kaggle.com,,0
rogii-wellbore-geology-prediction,1,science,2026,Featured,17,description,https://www.kaggle.com/c/rogii-wellbore-geology-prediction/writeups/rogii-wellbore-geology-prediction-17th-place-sol,www.kaggle.com,,0
rogii-wellbore-geology-prediction,1,science,2026,Featured,18,description,https://www.kaggle.com/c/rogii-wellbore-geology-prediction/writeups/18th-place-solution,www.kaggle.com,,0
rogii-wellbore-geology-prediction,1,science,2026,Featured,19,description,https://www.kaggle.com/c/rogii-wellbore-geology-prediction/writeups/19th-place-solution,www.kaggle.com,,0
rogii-wellbore-geology-prediction,1,science,2026,Featured,20,description,https://www.kaggle.com/c/rogii-wellbore-geology-prediction/writeups/private-20th-public-3rd-solution,www.kaggle.com,,0
rogii-wellbore-geology-prediction,1,science,2026,Featured,21,description,https://www.kaggle.com/c/rogii-wellbore-geology-prediction/writeups/21st-place-solution,www.kaggle.com,,0
rogii-wellbore-geology-prediction,1,science,2026,Featured,22,description,https://www.kaggle.com/c/rogii-wellbore-geology-prediction/writeups/22nd-place-solution-five-engines-and-a-hard-less,www.kaggle.com,,0
rogii-wellbore-geology-prediction,1,science,2026,Featured,23,description,https://www.kaggle.com/c/rogii-wellbore-geology-prediction/writeups/23rd-kaggle-agent-solution,www.kaggle.com,,0
rogii-wellbore-geology-prediction,1,science,2026,Featured,24,description,https://www.kaggle.com/c/rogii-wellbore-geology-prediction/writeups/24th-place-solution-2-phase-sdf-u-net-pfgbdt-l,www.kaggle.com,,0
rogii-wellbore-geology-prediction,1,science,2026,Featured,25,description,https://www.kaggle.com/c/rogii-wellbore-geology-prediction/writeups/25th-place-solution-candidate-path-ensemble-with,www.kaggle.com,,0
rogii-wellbore-geology-prediction,1,science,2026,Featured,26,description,https://www.kaggle.com/c/rogii-wellbore-geology-prediction/writeups/26th-place-solution-stacked-unet-synthetic-wel,www.kaggle.com,,0
rogii-wellbore-geology-prediction,1,science,2026,Featured,27,description,https://www.kaggle.com/c/rogii-wellbore-geology-prediction/writeups/27th-place-solution,www.kaggle.com,,0
rogii-wellbore-geology-prediction,1,science,2026,Featured,29,description,https://www.kaggle.com/c/rogii-wellbore-geology-prediction/writeups/29th-place-cascade-of-diverse-pipelines,www.kaggle.com,,0
rogii-wellbore-geology-prediction,1,science,2026,Featured,31,description,https://www.kaggle.com/c/rogii-wellbore-geology-prediction/writeups/31th-place-solution,www.kaggle.com,,0
rogii-wellbore-geology-prediction,1,science,2026,Featured,34,description,https://www.kaggle.com/c/rogii-wellbore-geology-prediction/writeups/34th-solution-pure-physics-model,www.kaggle.com,,0
rogii-wellbore-geology-prediction,1,science,2026,Featured,35,description,https://www.kaggle.com/c/rogii-wellbore-geology-prediction/writeups/35th-solution-hrnet-w18-encoder-u-net-decoder,www.kaggle.com,,0
rogii-wellbore-geology-prediction,1,science,2026,Featured,36,description,https://www.kaggle.com/c/rogii-wellbore-geology-prediction/writeups/36th-place-gpt5-6-sol-yolo,www.kaggle.com,,0
rogii-wellbore-geology-prediction,1,science,2026,Featured,38,description,https://www.kaggle.com/c/rogii-wellbore-geology-prediction/writeups/38th-place-a-wellbore-problem-from-two-physicist,www.kaggle.com,,0
stanford-ribonanza-rna-folding,1,science,2023,Research,1,description,https://www.kaggle.com/c/stanford-ribonanza-rna-folding/discussion/460121,www.kaggle.com,,1
stanford-ribonanza-rna-folding,1,science,2023,Research,2,description,https://www.kaggle.com/c/stanford-ribonanza-rna-folding/discussion/460316,www.kaggle.com,,1
stanford-ribonanza-rna-folding,1,science,2023,Research,3,description,https://www.kaggle.com/c/stanford-ribonanza-rna-folding/discussion/460403,www.kaggle.com,,0
stanford-ribonanza-rna-folding,1,science,2023,Research,4,description,https://www.kaggle.com/c/stanford-ribonanza-rna-folding/discussion/460203,www.kaggle.com,,1
stanford-ribonanza-rna-folding,1,science,2023,Research,5,description,https://www.kaggle.com/c/stanford-ribonanza-rna-folding/discussion/460250,www.kaggle.com,,0
stanford-ribonanza-rna-folding,1,science,2023,Research,6,description,https://www.kaggle.com/c/stanford-ribonanza-rna-folding/discussion/460392,www.kaggle.com,,0
stanford-ribonanza-rna-folding,1,science,2023,Research,7,description,https://www.kaggle.com/c/stanford-ribonanza-rna-folding/discussion/460190,www.kaggle.com,,1
stanford-ribonanza-rna-folding,1,science,2023,Research,8,description,https://www.kaggle.com/c/stanford-ribonanza-rna-folding/discussion/460222,www.kaggle.com,,1
stanford-ribonanza-rna-folding,1,science,2023,Research,10,description,https://www.kaggle.com/c/stanford-ribonanza-rna-folding/discussion/463352,www.kaggle.com,,0
stanford-ribonanza-rna-folding,1,science,2023,Research,11,description,https://www.kaggle.com/c/stanford-ribonanza-rna-folding/discussion/460192,www.kaggle.com,,0
stanford-ribonanza-rna-folding,1,science,2023,Research,15,description,https://www.kaggle.com/c/stanford-ribonanza-rna-folding/discussion/460130,www.kaggle.com,,0
stanford-ribonanza-rna-folding,1,science,2023,Research,16,description,https://www.kaggle.com/c/stanford-ribonanza-rna-folding/discussion/460545,www.kaggle.com,,0
stanford-ribonanza-rna-folding,1,science,2023,Research,18,description,https://www.kaggle.com/c/stanford-ribonanza-rna-folding/discussion/460383,www.kaggle.com,,0
stanford-ribonanza-rna-folding,1,science,2023,Research,19,description,https://www.kaggle.com/c/stanford-ribonanza-rna-folding/discussion/460145,www.kaggle.com,,0
stanford-ribonanza-rna-folding,1,science,2023,Research,21,description,https://www.kaggle.com/c/stanford-ribonanza-rna-folding/discussion/460285,www.kaggle.com,,0
stanford-ribonanza-rna-folding,1,science,2023,Research,36,description,https://www.kaggle.com/c/stanford-ribonanza-rna-folding/discussion/460287,www.kaggle.com,,0
stanford-ribonanza-rna-folding,1,science,2023,Research,37,description,https://www.kaggle.com/c/stanford-ribonanza-rna-folding/discussion/463253,www.kaggle.com,,0
stanford-ribonanza-rna-folding,1,science,2023,Research,44,description,https://www.kaggle.com/c/stanford-ribonanza-rna-folding/discussion/460315,www.kaggle.com,,0
stanford-ribonanza-rna-folding,1,science,2023,Research,46,description,https://www.kaggle.com/c/stanford-ribonanza-rna-folding/discussion/460252,www.kaggle.com,,0
stanford-rna-3d-folding,1,science,2025,Featured,1,description,https://www.kaggle.com/c/stanford-rna-3d-folding/writeups/1st-place-solution,www.kaggle.com,,0
stanford-rna-3d-folding,1,science,2025,Featured,2,description,https://www.kaggle.com/c/stanford-rna-3d-folding/writeups/2nd-place-solution,www.kaggle.com,,0
stanford-rna-3d-folding,1,science,2025,Featured,3,description,https://www.kaggle.com/c/stanford-rna-3d-folding/writeups/3rd-place-solution,www.kaggle.com,,0
stanford-rna-3d-folding,1,science,2025,Featured,5,description,https://www.kaggle.com/c/stanford-rna-3d-folding/writeups/5th-place-solution,www.kaggle.com,,0
stanford-rna-3d-folding,1,science,2025,Featured,6,description,https://www.kaggle.com/c/stanford-rna-3d-folding/writeups/6th-place-solution,www.kaggle.com,,0
stanford-rna-3d-folding,1,science,2025,Featured,7,description,https://www.kaggle.com/c/stanford-rna-3d-folding/writeups/7th-place-solution-ensemble-of-two-protenix-model,www.kaggle.com,,0
stanford-rna-3d-folding,1,science,2025,Featured,8,description,https://www.kaggle.com/c/stanford-rna-3d-folding/writeups/8th-solution,www.kaggle.com,,0
stanford-rna-3d-folding,1,science,2025,Featured,9,description,https://www.kaggle.com/c/stanford-rna-3d-folding/writeups/10th-place-solution-d4t4-team,www.kaggle.com,,0
stanford-rna-3d-folding,1,science,2025,Featured,10,description,https://www.kaggle.com/c/stanford-rna-3d-folding/writeups/10th-place-solution-how-we-ensemble,www.kaggle.com,,0
stanford-rna-3d-folding,1,science,2025,Featured,25,description,https://www.kaggle.com/c/stanford-rna-3d-folding/writeups/25th-place-solution,www.kaggle.com,,0
stanford-rna-3d-folding-2,1,science,2026,Featured,5,description,https://www.kaggle.com/c/stanford-rna-3d-folding-2/writeups/5th-place-solution-stanford-rna-3d-folding-part,www.kaggle.com,,0
stanford-rna-3d-folding-2,1,science,2026,Featured,6,description,https://www.kaggle.com/c/stanford-rna-3d-folding-2/writeups/6th-place-solution,www.kaggle.com,,0
stanford-rna-3d-folding-2,1,science,2026,Featured,7,description,https://www.kaggle.com/c/stanford-rna-3d-folding-2/writeups/7th-place-solution,www.kaggle.com,,0
stanford-rna-3d-folding-2,1,science,2026,Featured,8,description,https://www.kaggle.com/c/stanford-rna-3d-folding-2/writeups/8th-place-solution-tbm-and-protenix,www.kaggle.com,,0
stanford-rna-3d-folding-2,1,science,2026,Featured,9,description,https://www.kaggle.com/c/stanford-rna-3d-folding-2/writeups/optimize-diversity-when-representation-is-limited,www.kaggle.com,,0
stanford-rna-3d-folding-2,1,science,2026,Featured,10,description,https://www.kaggle.com/c/stanford-rna-3d-folding-2/writeups/10th-place-solution,www.kaggle.com,,0
stanford-rna-3d-folding-2,1,science,2026,Featured,16,description,https://www.kaggle.com/c/stanford-rna-3d-folding-2/writeups/16th-place-solution,www.kaggle.com,,0
stanford-rna-3d-folding-2,1,science,2026,Featured,19,description,https://www.kaggle.com/c/stanford-rna-3d-folding-2/writeups/19th-place-solution,www.kaggle.com,,0
stanford-rna-3d-folding-2,1,science,2026,Featured,33,description,https://www.kaggle.com/c/stanford-rna-3d-folding-2/writeups/33rd-place-solution,www.kaggle.com,,0
ventilator-pressure-prediction,1,science,2021,Research,1,description,https://www.kaggle.com/c/ventilator-pressure-prediction/discussion/285256,www.kaggle.com,,1
ventilator-pressure-prediction,1,science,2021,Research,1,code,https://www.kaggle.com/c/ventilator-pressure-prediction/discussion/285965,www.kaggle.com,,0
ventilator-pressure-prediction,1,science,2021,Research,1,description,https://www.kaggle.com/c/ventilator-pressure-prediction/discussion/287200,www.kaggle.com,,0
ventilator-pressure-prediction,1,science,2021,Research,2,description,https://www.kaggle.com/c/ventilator-pressure-prediction/discussion/285283,www.kaggle.com,,1
ventilator-pressure-prediction,1,science,2021,Research,3,description,https://www.kaggle.com/c/ventilator-pressure-prediction/discussion/285330,www.kaggle.com,,1
ventilator-pressure-prediction,1,science,2021,Research,4,description,https://www.kaggle.com/c/ventilator-pressure-prediction/discussion/285278,www.kaggle.com,,0
ventilator-pressure-prediction,1,science,2021,Research,5,description,https://www.kaggle.com/c/ventilator-pressure-prediction/discussion/285402,www.kaggle.com,,0
ventilator-pressure-prediction,1,science,2021,Research,6,description,https://www.kaggle.com/c/ventilator-pressure-prediction/discussion/285282,www.kaggle.com,,0
ventilator-pressure-prediction,1,science,2021,Research,9,code,https://www.kaggle.com/c/ventilator-pressure-prediction/discussion/285353,www.kaggle.com,,1
ventilator-pressure-prediction,1,science,2021,Research,10,code,https://www.kaggle.com/c/ventilator-pressure-prediction/discussion/285336,www.kaggle.com,,0
ventilator-pressure-prediction,1,science,2021,Research,11,description,https://www.kaggle.com/c/ventilator-pressure-prediction/discussion/285320,www.kaggle.com,,0
ventilator-pressure-prediction,1,science,2021,Research,13,description,https://www.kaggle.com/c/ventilator-pressure-prediction/discussion/285435,www.kaggle.com,,0
ventilator-pressure-prediction,1,science,2021,Research,14,description,https://www.kaggle.com/c/ventilator-pressure-prediction/discussion/285513,www.kaggle.com,,0
ventilator-pressure-prediction,1,science,2021,Research,16,description,https://www.kaggle.com/c/ventilator-pressure-prediction/discussion/285395,www.kaggle.com,,0
ventilator-pressure-prediction,1,science,2021,Research,19,description,https://www.kaggle.com/mst8823/19th-place-best-single-model-resbilstm,www.kaggle.com,,0
ventilator-pressure-prediction,1,science,2021,Research,20,description,https://www.kaggle.com/c/ventilator-pressure-prediction/discussion/285295,www.kaggle.com,,0
ventilator-pressure-prediction,1,science,2021,Research,33,description,https://www.kaggle.com/c/ventilator-pressure-prediction/discussion/285317,www.kaggle.com,,0
ventilator-pressure-prediction,1,science,2021,Research,all solutions,kernel,https://www.kaggle.com/c/ventilator-pressure-prediction/discussion/285298,www.kaggle.com,,0
waveform-inversion,1,science,2025,Research,1,description,https://www.kaggle.com/c/waveform-inversion/discussion/587388,www.kaggle.com,,1
waveform-inversion,1,science,2025,Research,2,description,https://www.kaggle.com/c/waveform-inversion/discussion/587950,www.kaggle.com,,1
waveform-inversion,1,science,2025,Research,3,description,https://www.kaggle.com/c/waveform-inversion/discussion/587419,www.kaggle.com,,1
waveform-inversion,1,science,2025,Research,4,description,https://www.kaggle.com/c/waveform-inversion/discussion/587500,www.kaggle.com,,0
waveform-inversion,1,science,2025,Research,5,description,https://www.kaggle.com/c/waveform-inversion/discussion/587443,www.kaggle.com,,0
waveform-inversion,1,science,2025,Research,6,description,https://www.kaggle.com/c/waveform-inversion/discussion/587460,www.kaggle.com,,0
waveform-inversion,1,science,2025,Research,9,description,https://www.kaggle.com/c/waveform-inversion/discussion/587498,www.kaggle.com,,1
waveform-inversion,1,science,2025,Research,10,description,https://www.kaggle.com/c/waveform-inversion/discussion/587412,www.kaggle.com,,0
waveform-inversion,1,science,2025,Research,12,description,https://www.kaggle.com/c/waveform-inversion/discussion/587404,www.kaggle.com,,0
waveform-inversion,1,science,2025,Research,14,description,https://www.kaggle.com/c/waveform-inversion/discussion/587529,www.kaggle.com,,0
waveform-inversion,1,science,2025,Research,15,description,https://www.kaggle.com/c/waveform-inversion/discussion/587511,www.kaggle.com,,0
waveform-inversion,1,science,2025,Research,20,description,https://www.kaggle.com/c/waveform-inversion/discussion/587402,www.kaggle.com,,1
waveform-inversion,1,science,2025,Research,22,description,https://www.kaggle.com/c/waveform-inversion/discussion/587417,www.kaggle.com,,0
waveform-inversion,1,science,2025,Research,24,description,https://www.kaggle.com/c/waveform-inversion/discussion/587390,www.kaggle.com,,0
waveform-inversion,1,science,2025,Research,45,description,https://www.kaggle.com/c/waveform-inversion/discussion/587553,www.kaggle.com,,0
ai-village-capture-the-flag-defcon31,1,sim-agent,2023,Featured,1,description,https://www.kaggle.com/c/ai-village-capture-the-flag-defcon31/discussion/454545,www.kaggle.com,,0
ai-village-capture-the-flag-defcon31,1,sim-agent,2023,Featured,2,description,https://www.kaggle.com/c/ai-village-capture-the-flag-defcon31/discussion/454403,www.kaggle.com,,1
ai-village-capture-the-flag-defcon31,1,sim-agent,2023,Featured,3,description,https://www.kaggle.com/c/ai-village-capture-the-flag-defcon31/discussion/454720,www.kaggle.com,,1
ai-village-capture-the-flag-defcon31,1,sim-agent,2023,Featured,4,description,https://www.kaggle.com/c/ai-village-capture-the-flag-defcon31/discussion/454480,www.kaggle.com,,1
ai-village-capture-the-flag-defcon31,1,sim-agent,2023,Featured,5,description,https://www.kaggle.com/c/ai-village-capture-the-flag-defcon31/discussion/455206,www.kaggle.com,,0
ai-village-capture-the-flag-defcon31,1,sim-agent,2023,Featured,6,description,https://www.kaggle.com/c/ai-village-capture-the-flag-defcon31/discussion/454471,www.kaggle.com,,1
ai-village-capture-the-flag-defcon31,1,sim-agent,2023,Featured,7,description,https://www.kaggle.com/c/ai-village-capture-the-flag-defcon31/discussion/454578,www.kaggle.com,,0
ai-village-capture-the-flag-defcon31,1,sim-agent,2023,Featured,8,description,https://www.kaggle.com/c/ai-village-capture-the-flag-defcon31/discussion/454466,www.kaggle.com,,0
ai-village-capture-the-flag-defcon31,1,sim-agent,2023,Featured,9,description,https://www.kaggle.com/c/ai-village-capture-the-flag-defcon31/discussion/454364,www.kaggle.com,,1
ai-village-capture-the-flag-defcon31,1,sim-agent,2023,Featured,10,description,https://www.kaggle.com/c/ai-village-capture-the-flag-defcon31/discussion/455174,www.kaggle.com,,0
ai-village-capture-the-flag-defcon31,1,sim-agent,2023,Featured,11,description,https://www.kaggle.com/c/ai-village-capture-the-flag-defcon31/discussion/454579,www.kaggle.com,,1
ai-village-capture-the-flag-defcon31,1,sim-agent,2023,Featured,18,description,https://www.kaggle.com/c/ai-village-capture-the-flag-defcon31/discussion/454655,www.kaggle.com,,0
ai-village-capture-the-flag-defcon31,1,sim-agent,2023,Featured,21,description,https://www.kaggle.com/c/ai-village-capture-the-flag-defcon31/discussion/454399,www.kaggle.com,,0
ai-village-capture-the-flag-defcon31,1,sim-agent,2023,Featured,22,description,https://www.kaggle.com/c/ai-village-capture-the-flag-defcon31/discussion/454367,www.kaggle.com,,0
ai-village-capture-the-flag-defcon31,1,sim-agent,2023,Featured,26,description,https://www.kaggle.com/c/ai-village-capture-the-flag-defcon31/discussion/454946,www.kaggle.com,,0
ai-village-capture-the-flag-defcon31,1,sim-agent,2023,Featured,27,description,https://www.kaggle.com/c/ai-village-capture-the-flag-defcon31/discussion/456747,www.kaggle.com,,0
ai-village-capture-the-flag-defcon31,1,sim-agent,2023,Featured,28,description,https://www.kaggle.com/c/ai-village-capture-the-flag-defcon31/discussion/455985,www.kaggle.com,,0
ai-village-capture-the-flag-defcon31,1,sim-agent,2023,Featured,29,description,https://www.kaggle.com/c/ai-village-capture-the-flag-defcon31/discussion/456808,www.kaggle.com,,0
ai-village-capture-the-flag-defcon31,1,sim-agent,2023,Featured,30,description,https://www.kaggle.com/c/ai-village-capture-the-flag-defcon31/discussion/454543,www.kaggle.com,,0
ai-village-capture-the-flag-defcon31,1,sim-agent,2023,Featured,43,description,https://www.kaggle.com/c/ai-village-capture-the-flag-defcon31/discussion/454390,www.kaggle.com,,0
ai-village-ctf,1,sim-agent,2022,Research,1,code,https://www.kaggle.com/c/ai-village-ctf/discussion/353536,www.kaggle.com,,1
ai-village-ctf,1,sim-agent,2022,Research,2,code,https://www.kaggle.com/c/ai-village-ctf/discussion/352622,www.kaggle.com,,0
ai-village-ctf,1,sim-agent,2022,Research,3,code,https://www.kaggle.com/c/ai-village-ctf/discussion/352819,www.kaggle.com,,0
ai-village-ctf,1,sim-agent,2022,Research,5,code,https://www.kaggle.com/c/ai-village-ctf/discussion/355510,www.kaggle.com,,0
ai-village-ctf,1,sim-agent,2022,Research,7,code,https://www.kaggle.com/c/ai-village-ctf/discussion/351800,www.kaggle.com,,1
ai-village-ctf,1,sim-agent,2022,Research,10,code,https://www.kaggle.com/c/ai-village-ctf/discussion/351840,www.kaggle.com,,0
ai-village-ctf,1,sim-agent,2022,Research,20,description,https://www.kaggle.com/c/ai-village-ctf/discussion/351804,www.kaggle.com,,1
fide-google-efficiency-chess-ai-challenge,1,sim-agent,2025,Featured,1,description,https://www.kaggle.com/c/fide-google-efficiency-chess-ai-challenge/discussion/571023,www.kaggle.com,,1
fide-google-efficiency-chess-ai-challenge,1,sim-agent,2025,Featured,2,description,https://www.kaggle.com/c/fide-google-efficiency-chess-ai-challenge/discussion/569891,www.kaggle.com,,0
fide-google-efficiency-chess-ai-challenge,1,sim-agent,2025,Featured,3,description,https://www.kaggle.com/c/fide-google-efficiency-chess-ai-challenge/discussion/569874,www.kaggle.com,,0
fide-google-efficiency-chess-ai-challenge,1,sim-agent,2025,Featured,4,description,https://www.kaggle.com/c/fide-google-efficiency-chess-ai-challenge/discussion/563173,www.kaggle.com,,1
fide-google-efficiency-chess-ai-challenge,1,sim-agent,2025,Featured,9,description,https://www.kaggle.com/c/fide-google-efficiency-chess-ai-challenge/discussion/567106,www.kaggle.com,,1
fide-google-efficiency-chess-ai-challenge,1,sim-agent,2025,Featured,10,description,https://www.kaggle.com/c/fide-google-efficiency-chess-ai-challenge/discussion/563866,www.kaggle.com,,1
fide-google-efficiency-chess-ai-challenge,1,sim-agent,2025,Featured,49,description,https://www.kaggle.com/c/fide-google-efficiency-chess-ai-challenge/discussion/566862,www.kaggle.com,,0
google-code-golf-2025,1,sim-agent,2025,Research,1,description,https://www.kaggle.com/c/google-code-golf-2025/writeups/cgi,www.kaggle.com,,0
google-code-golf-2025,1,sim-agent,2025,Research,4,description,https://www.kaggle.com/c/google-code-golf-2025/writeups/parallel-sampling-rule-based-prompt-generation,www.kaggle.com,,0
google-code-golf-2025,1,sim-agent,2025,Research,5,description,https://www.kaggle.com/c/google-code-golf-2025/writeups/himagine-the-future-5th-place-writeup,www.kaggle.com,,0
google-code-golf-2025,1,sim-agent,2025,Research,9,description,https://www.kaggle.com/c/google-code-golf-2025/writeups/9th-place-write-up,www.kaggle.com,,0
google-code-golf-2025,1,sim-agent,2025,Research,15,description,https://www.kaggle.com/c/google-code-golf-2025/writeups/15th-place-solution,www.kaggle.com,,0
google-code-golf-2025,1,sim-agent,2025,Research,25,description,https://www.kaggle.com/c/google-code-golf-2025/writeups/getting-to-rank-25-by-teaching-llms-to-golf,www.kaggle.com,,0
kore-2022,1,sim-agent,2022,Featured,1,description,https://www.kaggle.com/c/kore-2022/discussion/340035,www.kaggle.com,,1
kore-2022,1,sim-agent,2022,Featured,2,description,https://www.kaggle.com/c/kore-2022/discussion/340994,www.kaggle.com,,0
kore-2022,1,sim-agent,2022,Featured,3,description,https://www.kaggle.com/c/kore-2022/discussion/342296,www.kaggle.com,,0
kore-2022,1,sim-agent,2022,Featured,4,description,https://www.kaggle.com/c/kore-2022/discussion/340157,www.kaggle.com,,0
kore-2022,1,sim-agent,2022,Featured,5,code,https://www.kaggle.com/c/kore-2022/discussion/339979,www.kaggle.com,,0
kore-2022,1,sim-agent,2022,Featured,10,description,https://www.kaggle.com/c/kore-2022/discussion/340159,www.kaggle.com,,0
kore-2022,1,sim-agent,2022,Featured,13,description,https://www.kaggle.com/c/kore-2022/discussion/337476,www.kaggle.com,,1
kore-2022,1,sim-agent,2022,Featured,17,code,https://www.kaggle.com/c/kore-2022/discussion/336826,www.kaggle.com,,0
kore-2022,1,sim-agent,2022,Featured,20,code,https://www.kaggle.com/c/kore-2022/discussion/336804,www.kaggle.com,,1
kore-2022,1,sim-agent,2022,Featured,20,description,https://www.kaggle.com/c/kore-2022/discussion/339972,www.kaggle.com,,1
kore-2022,1,sim-agent,2022,Featured,34,description,https://www.kaggle.com/c/kore-2022/discussion/339774,www.kaggle.com,,1
kore-2022-beta,1,sim-agent,2022,Playground,1,code,https://www.kaggle.com/c/kore-2022-beta/discussion/317737,www.kaggle.com,,1
lux-ai-2021,1,sim-agent,2021,Featured,1,description,https://www.kaggle.com/c/lux-ai-2021/discussion/294993,www.kaggle.com,,1
lux-ai-2021,1,sim-agent,2021,Featured,4,code,https://www.kaggle.com/c/lux-ai-2021/discussion/296938,www.kaggle.com,,1
lux-ai-2021,1,sim-agent,2021,Featured,5,code,https://www.kaggle.com/c/lux-ai-2021/discussion/293911,www.kaggle.com,,1
lux-ai-2021,1,sim-agent,2021,Featured,6,description,https://www.kaggle.com/c/lux-ai-2021/discussion/293776,www.kaggle.com,,1
lux-ai-2021,1,sim-agent,2021,Featured,8,description,https://www.kaggle.com/c/lux-ai-2021/discussion/294603,www.kaggle.com,,1
lux-ai-2021,1,sim-agent,2021,Featured,11,description,https://www.kaggle.com/c/lux-ai-2021/discussion/296306,www.kaggle.com,,0
lux-ai-2021,1,sim-agent,2021,Featured,12,description,https://www.kaggle.com/c/lux-ai-2021/discussion/296406,www.kaggle.com,,0
lux-ai-2021,1,sim-agent,2021,Featured,15,description,https://www.kaggle.com/c/lux-ai-2021/discussion/293953,www.kaggle.com,,0
lux-ai-2021,1,sim-agent,2021,Featured,16,code,https://www.kaggle.com/c/lux-ai-2021/discussion/293835,www.kaggle.com,,1
lux-ai-2021,1,sim-agent,2021,Featured,20,code,https://www.kaggle.com/c/lux-ai-2021/discussion/294098,www.kaggle.com,,0
lux-ai-2021,1,sim-agent,2021,Featured,25,description,https://www.kaggle.com/c/lux-ai-2021/discussion/295242,www.kaggle.com,,0
lux-ai-2021,1,sim-agent,2021,Featured,25,description,https://www.kaggle.com/c/lux-ai-2021/discussion/293836,www.kaggle.com,,0
lux-ai-2021,1,sim-agent,2021,Featured,34,description,https://www.kaggle.com/c/lux-ai-2021/discussion/294003,www.kaggle.com,,0
lux-ai-2021,1,sim-agent,2021,Featured,43,description,https://www.kaggle.com/c/lux-ai-2021/discussion/294070,www.kaggle.com,,0
lux-ai-2021,1,sim-agent,2021,Featured,46,code,https://www.kaggle.com/c/lux-ai-2021/discussion/294015,www.kaggle.com,,0
lux-ai-2021,1,sim-agent,2021,Featured,all solutions,kernel,https://www.kaggle.com/c/lux-ai-2021/discussion/294459,www.kaggle.com,,0
lux-ai-season-2,1,sim-agent,2023,Featured,1,description,https://www.kaggle.com/c/lux-ai-season-2/discussion/407982,www.kaggle.com,,1
lux-ai-season-2,1,sim-agent,2023,Featured,2,description,https://www.kaggle.com/c/lux-ai-season-2/discussion/405476,www.kaggle.com,,0
lux-ai-season-2,1,sim-agent,2023,Featured,3,description,https://www.kaggle.com/c/lux-ai-season-2/discussion/404921,www.kaggle.com,,0
lux-ai-season-2,1,sim-agent,2023,Featured,4,description,https://www.kaggle.com/c/lux-ai-season-2/discussion/406702,www.kaggle.com,,1
lux-ai-season-2,1,sim-agent,2023,Featured,6,description,https://www.kaggle.com/c/lux-ai-season-2/discussion/405245,www.kaggle.com,,0
lux-ai-season-2,1,sim-agent,2023,Featured,10,description,https://www.kaggle.com/c/lux-ai-season-2/discussion/411725,www.kaggle.com,,1
lux-ai-season-2,1,sim-agent,2023,Featured,15,description,https://www.kaggle.com/c/lux-ai-season-2/discussion/407723,www.kaggle.com,,0
lux-ai-season-3,1,sim-agent,2025,Featured,1,description,https://www.kaggle.com/c/lux-ai-season-3/discussion/569562,www.kaggle.com,,1
lux-ai-season-3,1,sim-agent,2025,Featured,2,description,https://www.kaggle.com/c/lux-ai-season-3/discussion/568621,www.kaggle.com,,1
lux-ai-season-3,1,sim-agent,2025,Featured,3,description,https://www.kaggle.com/c/lux-ai-season-3/discussion/568494,www.kaggle.com,,1
lux-ai-season-3,1,sim-agent,2025,Featured,4,description,https://www.kaggle.com/c/lux-ai-season-3/discussion/569928,www.kaggle.com,,1
lux-ai-season-3,1,sim-agent,2025,Featured,5,description,https://www.kaggle.com/c/lux-ai-season-3/discussion/571111,www.kaggle.com,,0
lux-ai-season-3,1,sim-agent,2025,Featured,8,description,https://www.kaggle.com/c/lux-ai-season-3/discussion/570673,www.kaggle.com,,0
lux-ai-season-3,1,sim-agent,2025,Featured,9,description,https://www.kaggle.com/c/lux-ai-season-3/discussion/568789,www.kaggle.com,,1
lux-ai-season-3,1,sim-agent,2025,Featured,10,description,https://www.kaggle.com/c/lux-ai-season-3/discussion/570196,www.kaggle.com,,0
lux-ai-season-3,1,sim-agent,2025,Featured,14,description,https://www.kaggle.com/c/lux-ai-season-3/discussion/567961,www.kaggle.com,,1
lux-ai-season-3,1,sim-agent,2025,Featured,25,description,https://www.kaggle.com/c/lux-ai-season-3/discussion/567581,www.kaggle.com,,0
maze-crawler,1,sim-agent,2026,Playground,1,description,https://www.kaggle.com/c/maze-crawler/writeups/maze-crawler-1st-place-preliminary-solution-wr,www.kaggle.com,,0
maze-crawler,1,sim-agent,2026,Playground,3,description,https://www.kaggle.com/c/maze-crawler/writeups/maze-crawler-3rd-place-solution-writeup,www.kaggle.com,,0
maze-crawler,1,sim-agent,2026,Playground,7,description,https://www.kaggle.com/c/maze-crawler/writeups/7th-place-global-task-optimization-hungarian-mat,www.kaggle.com,,0
maze-crawler,1,sim-agent,2026,Playground,12,description,https://www.kaggle.com/c/maze-crawler/writeups/5th-place-a-rules-based-bot-without-much-search,www.kaggle.com,,0
neurogolf-2026,1,sim-agent,2026,Research,1,description,https://www.kaggle.com/c/neurogolf-2026/writeups/1st-place-kaggle-agent,www.kaggle.com,,0
neurogolf-2026,1,sim-agent,2026,Research,2,description,https://www.kaggle.com/c/neurogolf-2026/writeups/work-in-progress-2nd-place-neurogolf-team,www.kaggle.com,,0
neurogolf-2026,1,sim-agent,2026,Research,3,description,https://www.kaggle.com/c/neurogolf-2026/writeups/3rd-place-solution-writeup,www.kaggle.com,,0
neurogolf-2026,1,sim-agent,2026,Research,4,description,https://www.kaggle.com/c/neurogolf-2026/writeups/4th-place-solution-writeup,www.kaggle.com,,0
neurogolf-2026,1,sim-agent,2026,Research,5,description,https://www.kaggle.com/c/neurogolf-2026/writeups/6th-place-solution-claudex,www.kaggle.com,,0
neurogolf-2026,1,sim-agent,2026,Research,6,description,https://www.kaggle.com/c/neurogolf-2026/writeups/7th-place-solution-slow-and-steady,www.kaggle.com,,0
neurogolf-2026,1,sim-agent,2026,Research,7,description,https://www.kaggle.com/c/neurogolf-2026/writeups/8th-place-writeup-draft,www.kaggle.com,,0
neurogolf-2026,1,sim-agent,2026,Research,8,description,https://www.kaggle.com/c/neurogolf-2026/writeups/8th-place-gold-pavel-and-crodoc,www.kaggle.com,,0
neurogolf-2026,1,sim-agent,2026,Research,9,description,https://www.kaggle.com/c/neurogolf-2026/writeups/9th-place-solution,www.kaggle.com,,0
neurogolf-2026,1,sim-agent,2026,Research,10,description,https://www.kaggle.com/c/neurogolf-2026/writeups/11th-place-solution,www.kaggle.com,,0
neurogolf-2026,1,sim-agent,2026,Research,14,description,https://www.kaggle.com/c/neurogolf-2026/writeups/14th-place-writeup,www.kaggle.com,,0
neurogolf-2026,1,sim-agent,2026,Research,17,description,https://www.kaggle.com/c/neurogolf-2026/writeups/i-deleted-my-entire-project-6-days-before-the-dead,www.kaggle.com,,0
neurogolf-2026,1,sim-agent,2026,Research,19,description,https://www.kaggle.com/c/neurogolf-2026/writeups/21st-place-solution-representation-collapse,www.kaggle.com,,0
neurogolf-2026,1,sim-agent,2026,Research,22,description,https://www.kaggle.com/c/neurogolf-2026/writeups/25th-place-solution-documenting-12-days-of-grind,www.kaggle.com,,0
neurogolf-2026,1,sim-agent,2026,Research,26,description,https://www.kaggle.com/c/neurogolf-2026/writeups/neurogolf-26th-place-solution-writeup,www.kaggle.com,,0
neurogolf-2026,1,sim-agent,2026,Research,34,description,https://www.kaggle.com/c/neurogolf-2026/writeups/38th-place-solo-213-hours-of-autonomous-multi-mod,www.kaggle.com,,0
neurogolf-2026,1,sim-agent,2026,Research,36,description,https://www.kaggle.com/c/neurogolf-2026/writeups/neurogolf-as-program-synthesis-a-guarded-agent-lo,www.kaggle.com,,0
neurogolf-2026,1,sim-agent,2026,Research,37,description,https://www.kaggle.com/c/neurogolf-2026/writeups/41st-place-silver-solo-the-improvement-loop,www.kaggle.com,,0
orbit-wars,1,sim-agent,2026,Featured,1,description,https://www.kaggle.com/c/orbit-wars/writeups/1st-place-solution-scaling-reinforcement-learnin,www.kaggle.com,,0
orbit-wars,1,sim-agent,2026,Featured,2,description,https://www.kaggle.com/c/orbit-wars/writeups/2nd-place-solution-for-orbit-wars,www.kaggle.com,,0
orbit-wars,1,sim-agent,2026,Featured,3,description,https://www.kaggle.com/c/orbit-wars/writeups/3rd-place-ab-in-den-orbit,www.kaggle.com,,0
orbit-wars,1,sim-agent,2026,Featured,5,description,https://www.kaggle.com/c/orbit-wars/writeups/orbit-wars-5th-place-solution,www.kaggle.com,,0
orbit-wars,1,sim-agent,2026,Featured,6,description,https://www.kaggle.com/c/orbit-wars/writeups/6th-rl-league-search-with-a-custom-edge-atte,www.kaggle.com,,0
orbit-wars,1,sim-agent,2026,Featured,7,description,https://www.kaggle.com/c/orbit-wars/writeups/7th-place-solution-how-structured-experiments-sa,www.kaggle.com,,0
orbit-wars,1,sim-agent,2026,Featured,8,description,https://www.kaggle.com/c/orbit-wars/writeups/8th-place-how-i-made-ender,www.kaggle.com,,0
orbit-wars,1,sim-agent,2026,Featured,9,description,https://www.kaggle.com/c/orbit-wars/writeups/9th-place-solution-end-to-end-jax-ppo,www.kaggle.com,,0
orbit-wars,1,sim-agent,2026,Featured,10,description,https://www.kaggle.com/c/orbit-wars/writeups/10th-place-solution,www.kaggle.com,,0
orbit-wars,1,sim-agent,2026,Featured,11,description,https://www.kaggle.com/c/orbit-wars/writeups/11th-place-solution-standing-on-the-shoulders-of,www.kaggle.com,,0
orbit-wars,1,sim-agent,2026,Featured,19,description,https://www.kaggle.com/c/orbit-wars/writeups/19th-place-gold-writeup,www.kaggle.com,,0
orbit-wars,1,sim-agent,2026,Featured,48,description,https://www.kaggle.com/c/orbit-wars/writeups/implementing-a-critic-free-rl-in-adversarial-games,www.kaggle.com,,0
orbit-wars,1,sim-agent,2026,Featured,49,description,https://www.kaggle.com/c/orbit-wars/writeups/top-50-imitation-learning-solution,www.kaggle.com,,0
pokemon-tcg-ai-battle,1,sim-agent,2026,Featured,15,description,https://www.kaggle.com/c/pokemon-tcg-ai-battle/writeups/15th-place-solution,www.kaggle.com,,0
santa-2021,1,sim-agent,2022,Featured,3,description,https://www.kaggle.com/c/santa-2021/discussion/300509,www.kaggle.com,,1
santa-2021,1,sim-agent,2022,Featured,4,description,https://www.kaggle.com/c/santa-2021/discussion/300543,www.kaggle.com,,1
santa-2021,1,sim-agent,2022,Featured,5,code,https://www.kaggle.com/c/santa-2021/discussion/300572,www.kaggle.com,,0
santa-2021,1,sim-agent,2022,Featured,21,description,https://www.kaggle.com/c/santa-2021/discussion/300901,www.kaggle.com,,0
santa-2022,1,sim-agent,2023,Featured,1,description,https://www.kaggle.com/c/santa-2022/discussion/379167,www.kaggle.com,,1
santa-2022,1,sim-agent,2023,Featured,2,description,https://www.kaggle.com/c/santa-2022/discussion/379086,www.kaggle.com,,1
santa-2022,1,sim-agent,2023,Featured,4,description,https://www.kaggle.com/c/santa-2022/discussion/379080,www.kaggle.com,,1
santa-2022,1,sim-agent,2023,Featured,8,description,https://www.kaggle.com/c/santa-2022/discussion/379511,www.kaggle.com,,0
santa-2023,1,sim-agent,2024,Featured,1,description,https://www.kaggle.com/c/santa-2023/discussion/472405,www.kaggle.com,,1
santa-2023,1,sim-agent,2024,Featured,12,description,https://www.kaggle.com/c/santa-2023/discussion/473094,www.kaggle.com,,0
santa-2023,1,sim-agent,2024,Featured,14,description,https://www.kaggle.com/c/santa-2023/discussion/472437,www.kaggle.com,,0
santa-2023,1,sim-agent,2024,Featured,16,description,https://www.kaggle.com/c/santa-2023/discussion/472489,www.kaggle.com,,1
santa-2023,1,sim-agent,2024,Featured,25,description,https://www.kaggle.com/c/santa-2023/discussion/472530,www.kaggle.com,,0
santa-2024,1,sim-agent,2025,Featured,1,description,https://www.kaggle.com/c/santa-2024/discussion/560560,www.kaggle.com,,1
santa-2024,1,sim-agent,2025,Featured,2,description,https://www.kaggle.com/c/santa-2024/discussion/560540,www.kaggle.com,,0
santa-2024,1,sim-agent,2025,Featured,3,description,https://www.kaggle.com/c/santa-2024/discussion/560620,www.kaggle.com,,0
santa-2024,1,sim-agent,2025,Featured,4,description,https://www.kaggle.com/c/santa-2024/discussion/560536,www.kaggle.com,,0
santa-2024,1,sim-agent,2025,Featured,5,description,https://www.kaggle.com/c/santa-2024/discussion/560597,www.kaggle.com,,1
santa-2024,1,sim-agent,2025,Featured,7,description,https://www.kaggle.com/c/santa-2024/discussion/561091,www.kaggle.com,,0
santa-2024,1,sim-agent,2025,Featured,9,description,https://www.kaggle.com/c/santa-2024/discussion/560601,www.kaggle.com,,0
santa-2024,1,sim-agent,2025,Featured,10,description,https://www.kaggle.com/c/santa-2024/discussion/560531,www.kaggle.com,,0
santa-2024,1,sim-agent,2025,Featured,11,description,https://www.kaggle.com/c/santa-2024/discussion/560542,www.kaggle.com,,0
santa-2024,1,sim-agent,2025,Featured,13,description,https://www.kaggle.com/c/santa-2024/discussion/560683,www.kaggle.com,,0
santa-2024,1,sim-agent,2025,Featured,23,description,https://www.kaggle.com/c/santa-2024/discussion/560616,www.kaggle.com,,0
santa-2025,1,sim-agent,2026,Featured,3,description,https://www.kaggle.com/c/santa-2025/writeups/third-place-solution-a-customized-sparrow-algorit,www.kaggle.com,,0
santa-2025,1,sim-agent,2026,Featured,4,description,https://www.kaggle.com/c/santa-2025/writeups/4th-place-hybrid-packing-with-sparrow-manual-str,www.kaggle.com,,0
santa-2025,1,sim-agent,2026,Featured,8,description,https://www.kaggle.com/c/santa-2025/writeups/santa25-8th-place,www.kaggle.com,,0
santa-2025,1,sim-agent,2026,Featured,9,description,https://www.kaggle.com/c/santa-2025/writeups/exploiting-homogeneity-in-feasibility-driven-polyg,www.kaggle.com,,0
santa-2025,1,sim-agent,2026,Featured,11,description,https://www.kaggle.com/c/santa-2025/writeups/11th-place-solution,www.kaggle.com,,0
santa-2025,1,sim-agent,2026,Featured,12,description,https://www.kaggle.com/c/santa-2025/writeups/santa25-12th-place,www.kaggle.com,,0
santa-2025,1,sim-agent,2026,Featured,13,description,https://www.kaggle.com/c/santa-2025/writeups/13th-place-santa25-billiard-customized-sparrow,www.kaggle.com,,0
santa-2025,1,sim-agent,2026,Featured,14,description,https://www.kaggle.com/c/santa-2025/writeups/santa25-14th-place-custom-simulated-annealing,www.kaggle.com,,0
santa-2025,1,sim-agent,2026,Featured,15,description,https://www.kaggle.com/c/santa-2025/writeups/santa25-15th-place,www.kaggle.com,,0
santa-2025,1,sim-agent,2026,Featured,19,description,https://www.kaggle.com/c/santa-2025/writeups/loosen-up-add-a-tree-and-let-sparrow-explore,www.kaggle.com,,0
santa-2025,1,sim-agent,2026,Featured,31,description,https://www.kaggle.com/c/santa-2025/writeups/east-team-solution,www.kaggle.com,,0
amex-default-prediction,1,tabular,2022,Featured,1,code,https://www.kaggle.com/c/amex-default-prediction/discussion/348111,www.kaggle.com,,1
amex-default-prediction,1,tabular,2022,Featured,2,description,https://www.kaggle.com/c/amex-default-prediction/discussion/347637,www.kaggle.com,,1
amex-default-prediction,1,tabular,2022,Featured,3,description,https://www.kaggle.com/c/amex-default-prediction/discussion/349741,www.kaggle.com,,1
amex-default-prediction,1,tabular,2022,Featured,5,description,https://www.kaggle.com/c/amex-default-prediction/discussion/348097,www.kaggle.com,,1
amex-default-prediction,1,tabular,2022,Featured,5,description,https://www.kaggle.com/c/amex-default-prediction/discussion/348118,www.kaggle.com,,0
amex-default-prediction,1,tabular,2022,Featured,9,description,https://www.kaggle.com/c/amex-default-prediction/discussion/350538,www.kaggle.com,,0
amex-default-prediction,1,tabular,2022,Featured,10,description,https://www.kaggle.com/c/amex-default-prediction/discussion/347668,www.kaggle.com,,1
amex-default-prediction,1,tabular,2022,Featured,11,description,https://www.kaggle.com/c/amex-default-prediction/discussion/347786,www.kaggle.com,,0
amex-default-prediction,1,tabular,2022,Featured,12,description,https://www.kaggle.com/c/amex-default-prediction/discussion/347740,www.kaggle.com,,0
amex-default-prediction,1,tabular,2022,Featured,12,description,https://www.kaggle.com/c/amex-default-prediction/discussion/348058,www.kaggle.com,,0
amex-default-prediction,1,tabular,2022,Featured,13,description,https://www.kaggle.com/c/amex-default-prediction/discussion/348014,www.kaggle.com,,1
amex-default-prediction,1,tabular,2022,Featured,14,description,https://www.kaggle.com/c/amex-default-prediction/discussion/347641,www.kaggle.com,,1
amex-default-prediction,1,tabular,2022,Featured,15,description,https://www.kaggle.com/c/amex-default-prediction/discussion/347908,www.kaggle.com,,0
amex-default-prediction,1,tabular,2022,Featured,16,description,https://www.kaggle.com/c/amex-default-prediction/discussion/347858,www.kaggle.com,,0
amex-default-prediction,1,tabular,2022,Featured,17,description,https://www.kaggle.com/c/amex-default-prediction/discussion/347850,www.kaggle.com,,0
amex-default-prediction,1,tabular,2022,Featured,18,description,https://www.kaggle.com/c/amex-default-prediction/discussion/349250,www.kaggle.com,,0
amex-default-prediction,1,tabular,2022,Featured,19,description,https://www.kaggle.com/c/amex-default-prediction/discussion/347651,www.kaggle.com,,0
amex-default-prediction,1,tabular,2022,Featured,21,description,https://www.kaggle.com/c/amex-default-prediction/discussion/348530,www.kaggle.com,,0
amex-default-prediction,1,tabular,2022,Featured,24,description,https://www.kaggle.com/c/amex-default-prediction/discussion/347880,www.kaggle.com,,0
amex-default-prediction,1,tabular,2022,Featured,45,description,https://www.kaggle.com/c/amex-default-prediction/discussion/347966,www.kaggle.com,,0
asl-signs,1,tabular,2023,Research,1,description,https://www.kaggle.com/c/asl-signs/discussion/406684,www.kaggle.com,,1
asl-signs,1,tabular,2023,Research,2,description,https://www.kaggle.com/c/asl-signs/discussion/406306,www.kaggle.com,,1
asl-signs,1,tabular,2023,Research,3,description,https://www.kaggle.com/c/asl-signs/discussion/406568,www.kaggle.com,,0
asl-signs,1,tabular,2023,Research,4,description,https://www.kaggle.com/c/asl-signs/discussion/406673,www.kaggle.com,,0
asl-signs,1,tabular,2023,Research,5,description,https://www.kaggle.com/c/asl-signs/discussion/406491,www.kaggle.com,,0
asl-signs,1,tabular,2023,Research,6,description,https://www.kaggle.com/c/asl-signs/discussion/406537,www.kaggle.com,,1
asl-signs,1,tabular,2023,Research,8,description,https://www.kaggle.com/c/asl-signs/discussion/406411,www.kaggle.com,,0
asl-signs,1,tabular,2023,Research,9,description,https://www.kaggle.com/c/asl-signs/discussion/406343,www.kaggle.com,,0
asl-signs,1,tabular,2023,Research,10,description,https://www.kaggle.com/c/asl-signs/discussion/406434,www.kaggle.com,,0
asl-signs,1,tabular,2023,Research,11,description,https://www.kaggle.com/c/asl-signs/discussion/406657,www.kaggle.com,,0
asl-signs,1,tabular,2023,Research,12,description,https://www.kaggle.com/c/asl-signs/discussion/406300,www.kaggle.com,,0
asl-signs,1,tabular,2023,Research,14,description,https://www.kaggle.com/c/asl-signs/discussion/406301,www.kaggle.com,,0
asl-signs,1,tabular,2023,Research,18,description,https://www.kaggle.com/c/asl-signs/discussion/406441,www.kaggle.com,,0
asl-signs,1,tabular,2023,Research,26,description,https://www.kaggle.com/c/asl-signs/discussion/406659,www.kaggle.com,,0
asl-signs,1,tabular,2023,Research,28,description,https://www.kaggle.com/c/asl-signs/discussion/406630,www.kaggle.com,,0
asl-signs,1,tabular,2023,Research,44,description,https://www.kaggle.com/c/asl-signs/discussion/406302,www.kaggle.com,,1
asl-signs,1,tabular,2023,Research,49,description,https://www.kaggle.com/c/asl-signs/discussion/406426,www.kaggle.com,,0
child-mind-institute-detect-sleep-states,1,tabular,2023,Featured,1,description,https://www.kaggle.com/c/child-mind-institute-detect-sleep-states/discussion/459715,www.kaggle.com,,1
child-mind-institute-detect-sleep-states,1,tabular,2023,Featured,2,description,https://www.kaggle.com/c/child-mind-institute-detect-sleep-states/discussion/459627,www.kaggle.com,,1
child-mind-institute-detect-sleep-states,1,tabular,2023,Featured,3,description,https://www.kaggle.com/c/child-mind-institute-detect-sleep-states/discussion/459599,www.kaggle.com,,1
child-mind-institute-detect-sleep-states,1,tabular,2023,Featured,4,description,https://www.kaggle.com/c/child-mind-institute-detect-sleep-states/discussion/459637,www.kaggle.com,,1
child-mind-institute-detect-sleep-states,1,tabular,2023,Featured,5,description,https://www.kaggle.com/c/child-mind-institute-detect-sleep-states/discussion/459766,www.kaggle.com,,0
child-mind-institute-detect-sleep-states,1,tabular,2023,Featured,6,description,https://www.kaggle.com/c/child-mind-institute-detect-sleep-states/discussion/459604,www.kaggle.com,,0
child-mind-institute-detect-sleep-states,1,tabular,2023,Featured,7,description,https://www.kaggle.com/c/child-mind-institute-detect-sleep-states/discussion/459598,www.kaggle.com,,1
child-mind-institute-detect-sleep-states,1,tabular,2023,Featured,8,description,https://www.kaggle.com/c/child-mind-institute-detect-sleep-states/discussion/460617,www.kaggle.com,,0
child-mind-institute-detect-sleep-states,1,tabular,2023,Featured,9,description,https://www.kaggle.com/c/child-mind-institute-detect-sleep-states/discussion/460372,www.kaggle.com,,0
child-mind-institute-detect-sleep-states,1,tabular,2023,Featured,10,description,https://www.kaggle.com/c/child-mind-institute-detect-sleep-states/discussion/459894,www.kaggle.com,,0
child-mind-institute-detect-sleep-states,1,tabular,2023,Featured,11,description,https://www.kaggle.com/c/child-mind-institute-detect-sleep-states/discussion/459596,www.kaggle.com,,1
child-mind-institute-detect-sleep-states,1,tabular,2023,Featured,13,description,https://www.kaggle.com/c/child-mind-institute-detect-sleep-states/discussion/459703,www.kaggle.com,,0
child-mind-institute-detect-sleep-states,1,tabular,2023,Featured,14,description,https://www.kaggle.com/c/child-mind-institute-detect-sleep-states/discussion/460274,www.kaggle.com,,0
child-mind-institute-detect-sleep-states,1,tabular,2023,Featured,15,description,https://www.kaggle.com/c/child-mind-institute-detect-sleep-states/discussion/460177,www.kaggle.com,,0
child-mind-institute-detect-sleep-states,1,tabular,2023,Featured,16,description,https://www.kaggle.com/c/child-mind-institute-detect-sleep-states/discussion/460371,www.kaggle.com,,0
child-mind-institute-detect-sleep-states,1,tabular,2023,Featured,26,description,https://www.kaggle.com/c/child-mind-institute-detect-sleep-states/discussion/459671,www.kaggle.com,,0
child-mind-institute-detect-sleep-states,1,tabular,2023,Featured,27,description,https://www.kaggle.com/c/child-mind-institute-detect-sleep-states/discussion/459761,www.kaggle.com,,0
child-mind-institute-detect-sleep-states,1,tabular,2023,Featured,29,description,https://www.kaggle.com/c/child-mind-institute-detect-sleep-states/discussion/460021,www.kaggle.com,,0
child-mind-institute-detect-sleep-states,1,tabular,2023,Featured,33,description,https://www.kaggle.com/c/child-mind-institute-detect-sleep-states/discussion/459632,www.kaggle.com,,0
child-mind-institute-detect-sleep-states,1,tabular,2023,Featured,34,description,https://www.kaggle.com/c/child-mind-institute-detect-sleep-states/discussion/459595,www.kaggle.com,,0
child-mind-institute-detect-sleep-states,1,tabular,2023,Featured,39,description,https://www.kaggle.com/c/child-mind-institute-detect-sleep-states/discussion/459885,www.kaggle.com,,0
child-mind-institute-detect-sleep-states,1,tabular,2023,Featured,40,description,https://www.kaggle.com/c/child-mind-institute-detect-sleep-states/discussion/459648,www.kaggle.com,,0
child-mind-institute-detect-sleep-states,1,tabular,2023,Featured,41,description,https://www.kaggle.com/c/child-mind-institute-detect-sleep-states/discussion/461154,www.kaggle.com,,0
child-mind-institute-problematic-internet-use,1,tabular,2024,Featured,1,description,https://www.kaggle.com/c/child-mind-institute-problematic-internet-use/discussion/552638,www.kaggle.com,,1
child-mind-institute-problematic-internet-use,1,tabular,2024,Featured,2,description,https://www.kaggle.com/c/child-mind-institute-problematic-internet-use/discussion/552712,www.kaggle.com,,1
child-mind-institute-problematic-internet-use,1,tabular,2024,Featured,3,description,https://www.kaggle.com/c/child-mind-institute-problematic-internet-use/discussion/552677,www.kaggle.com,,0
child-mind-institute-problematic-internet-use,1,tabular,2024,Featured,4,description,https://www.kaggle.com/c/child-mind-institute-problematic-internet-use/discussion/552861,www.kaggle.com,,0
child-mind-institute-problematic-internet-use,1,tabular,2024,Featured,5,description,https://www.kaggle.com/c/child-mind-institute-problematic-internet-use/discussion/552656,www.kaggle.com,,1
child-mind-institute-problematic-internet-use,1,tabular,2024,Featured,6,description,https://www.kaggle.com/c/child-mind-institute-problematic-internet-use/discussion/553146,www.kaggle.com,,0
child-mind-institute-problematic-internet-use,1,tabular,2024,Featured,7,description,https://www.kaggle.com/c/child-mind-institute-problematic-internet-use/discussion/552625,www.kaggle.com,,1
child-mind-institute-problematic-internet-use,1,tabular,2024,Featured,8,description,https://www.kaggle.com/c/child-mind-institute-problematic-internet-use/discussion/552760,www.kaggle.com,,0
child-mind-institute-problematic-internet-use,1,tabular,2024,Featured,9,description,https://www.kaggle.com/c/child-mind-institute-problematic-internet-use/discussion/552890,www.kaggle.com,,0
child-mind-institute-problematic-internet-use,1,tabular,2024,Featured,11,description,https://www.kaggle.com/c/child-mind-institute-problematic-internet-use/discussion/553030,www.kaggle.com,,0
child-mind-institute-problematic-internet-use,1,tabular,2024,Featured,14,description,https://www.kaggle.com/c/child-mind-institute-problematic-internet-use/discussion/552517,www.kaggle.com,,1
child-mind-institute-problematic-internet-use,1,tabular,2024,Featured,16,description,https://www.kaggle.com/c/child-mind-institute-problematic-internet-use/discussion/552569,www.kaggle.com,,1
child-mind-institute-problematic-internet-use,1,tabular,2024,Featured,19,description,https://www.kaggle.com/c/child-mind-institute-problematic-internet-use/discussion/552513,www.kaggle.com,,1
cmi-detect-behavior-with-sensor-data,1,tabular,2025,Featured,1,description,https://www.kaggle.com/c/cmi-detect-behavior-with-sensor-data/writeups/cmi-1st-place-solution,www.kaggle.com,,0
cmi-detect-behavior-with-sensor-data,1,tabular,2025,Featured,2,description,https://www.kaggle.com/c/cmi-detect-behavior-with-sensor-data/writeups/2nd-place-solution,www.kaggle.com,,0
cmi-detect-behavior-with-sensor-data,1,tabular,2025,Featured,3,description,https://www.kaggle.com/c/cmi-detect-behavior-with-sensor-data/writeups/3rd-place-solution,www.kaggle.com,,0
cmi-detect-behavior-with-sensor-data,1,tabular,2025,Featured,4,description,https://www.kaggle.com/c/cmi-detect-behavior-with-sensor-data/writeups/4th-place-solution,www.kaggle.com,,0
cmi-detect-behavior-with-sensor-data,1,tabular,2025,Featured,5,description,https://www.kaggle.com/c/cmi-detect-behavior-with-sensor-data/writeups/5th-solution,www.kaggle.com,,0
cmi-detect-behavior-with-sensor-data,1,tabular,2025,Featured,6,description,https://www.kaggle.com/c/cmi-detect-behavior-with-sensor-data/writeups/6th-place-solution,www.kaggle.com,,0
cmi-detect-behavior-with-sensor-data,1,tabular,2025,Featured,7,description,https://www.kaggle.com/c/cmi-detect-behavior-with-sensor-data/writeups/7th-place-solution,www.kaggle.com,,0
cmi-detect-behavior-with-sensor-data,1,tabular,2025,Featured,8,description,https://www.kaggle.com/c/cmi-detect-behavior-with-sensor-data/writeups/8th-place-solution-and-competition-walkthrough,www.kaggle.com,,0
cmi-detect-behavior-with-sensor-data,1,tabular,2025,Featured,9,description,https://www.kaggle.com/c/cmi-detect-behavior-with-sensor-data/writeups/9th-place-solution,www.kaggle.com,,0
cmi-detect-behavior-with-sensor-data,1,tabular,2025,Featured,10,description,https://www.kaggle.com/c/cmi-detect-behavior-with-sensor-data/writeups/10th-place-solution,www.kaggle.com,,0
cmi-detect-behavior-with-sensor-data,1,tabular,2025,Featured,11,description,https://www.kaggle.com/c/cmi-detect-behavior-with-sensor-data/writeups/11th-place-solution,www.kaggle.com,,0
cmi-detect-behavior-with-sensor-data,1,tabular,2025,Featured,13,description,https://www.kaggle.com/c/cmi-detect-behavior-with-sensor-data/writeups/13th-place-solution,www.kaggle.com,,0
cmi-detect-behavior-with-sensor-data,1,tabular,2025,Featured,14,description,https://www.kaggle.com/c/cmi-detect-behavior-with-sensor-data/writeups/14th-place-solution,www.kaggle.com,,0
cmi-detect-behavior-with-sensor-data,1,tabular,2025,Featured,15,description,https://www.kaggle.com/c/cmi-detect-behavior-with-sensor-data/writeups/15th-place-solution,www.kaggle.com,,0
cmi-detect-behavior-with-sensor-data,1,tabular,2025,Featured,17,description,https://www.kaggle.com/c/cmi-detect-behavior-with-sensor-data/writeups/17th-place-solution,www.kaggle.com,,0
cmi-detect-behavior-with-sensor-data,1,tabular,2025,Featured,19,description,https://www.kaggle.com/c/cmi-detect-behavior-with-sensor-data/writeups/en-19th-solution-writeup-19,www.kaggle.com,,0
cmi-detect-behavior-with-sensor-data,1,tabular,2025,Featured,29,description,https://www.kaggle.com/c/cmi-detect-behavior-with-sensor-data/writeups/29th-place-solution-handedness-augmentation-trick,www.kaggle.com,,0
cmi-detect-behavior-with-sensor-data,1,tabular,2025,Featured,30,description,https://www.kaggle.com/c/cmi-detect-behavior-with-sensor-data/writeups/30th-place-solution-vision-transformer,www.kaggle.com,,0
cmi-detect-behavior-with-sensor-data,1,tabular,2025,Featured,35,description,https://www.kaggle.com/c/cmi-detect-behavior-with-sensor-data/writeups/35th-place-solution,www.kaggle.com,,0
cmi-detect-behavior-with-sensor-data,1,tabular,2025,Featured,39,description,https://www.kaggle.com/c/cmi-detect-behavior-with-sensor-data/writeups/39th-place-solution,www.kaggle.com,,0
cmi-detect-behavior-with-sensor-data,1,tabular,2025,Featured,42,description,https://www.kaggle.com/c/cmi-detect-behavior-with-sensor-data/writeups/42th-solution-late-sub-private0-854,www.kaggle.com,,0
cmi-detect-behavior-with-sensor-data,1,tabular,2025,Featured,48,description,https://www.kaggle.com/c/cmi-detect-behavior-with-sensor-data/writeups/48th-place-solution,www.kaggle.com,,0
dfl-bundesliga-data-shootout,1,tabular,2022,Featured,1,description,https://www.kaggle.com/c/dfl-bundesliga-data-shootout/discussion/359932,www.kaggle.com,,1
dfl-bundesliga-data-shootout,1,tabular,2022,Featured,2,description,https://www.kaggle.com/c/dfl-bundesliga-data-shootout/discussion/360097,www.kaggle.com,,1
dfl-bundesliga-data-shootout,1,tabular,2022,Featured,3,description,https://www.kaggle.com/c/dfl-bundesliga-data-shootout/discussion/360236,www.kaggle.com,,1
dfl-bundesliga-data-shootout,1,tabular,2022,Featured,4,description,https://www.kaggle.com/c/dfl-bundesliga-data-shootout/discussion/360573,www.kaggle.com,,0
dfl-bundesliga-data-shootout,1,tabular,2022,Featured,6,description,https://www.kaggle.com/c/dfl-bundesliga-data-shootout/discussion/360872,www.kaggle.com,,0
dfl-bundesliga-data-shootout,1,tabular,2022,Featured,34,description,https://www.kaggle.com/c/dfl-bundesliga-data-shootout/discussion/359855,www.kaggle.com,,0
foursquare-location-matching,1,tabular,2022,Featured,1,code,https://www.kaggle.com/c/foursquare-location-matching/discussion/336055,www.kaggle.com,,1
foursquare-location-matching,1,tabular,2022,Featured,2,code,https://www.kaggle.com/c/foursquare-location-matching/discussion/336062,www.kaggle.com,,0
foursquare-location-matching,1,tabular,2022,Featured,2,description,https://www.kaggle.com/c/foursquare-location-matching/discussion/336072,www.kaggle.com,,0
foursquare-location-matching,1,tabular,2022,Featured,2,description,https://www.kaggle.com/c/foursquare-location-matching/discussion/336090,www.kaggle.com,,0
foursquare-location-matching,1,tabular,2022,Featured,3,description,https://www.kaggle.com/c/foursquare-location-matching/discussion/338112,www.kaggle.com,,1
foursquare-location-matching,1,tabular,2022,Featured,4,code,https://www.kaggle.com/c/foursquare-location-matching/discussion/335810,www.kaggle.com,,1
foursquare-location-matching,1,tabular,2022,Featured,6,description,https://www.kaggle.com/c/foursquare-location-matching/discussion/348399,www.kaggle.com,,0
foursquare-location-matching,1,tabular,2022,Featured,7,code,https://www.kaggle.com/c/foursquare-location-matching/discussion/335800,www.kaggle.com,,1
foursquare-location-matching,1,tabular,2022,Featured,8,description,https://www.kaggle.com/c/foursquare-location-matching/discussion/335928,www.kaggle.com,,0
foursquare-location-matching,1,tabular,2022,Featured,9,description,https://www.kaggle.com/c/foursquare-location-matching/discussion/336415,www.kaggle.com,,0
foursquare-location-matching,1,tabular,2022,Featured,11,description,https://www.kaggle.com/c/foursquare-location-matching/discussion/335924,www.kaggle.com,,0
foursquare-location-matching,1,tabular,2022,Featured,12,description,https://www.kaggle.com/c/foursquare-location-matching/discussion/336051,www.kaggle.com,,0
foursquare-location-matching,1,tabular,2022,Featured,13,description,https://www.kaggle.com/c/foursquare-location-matching/discussion/336124,www.kaggle.com,,1
foursquare-location-matching,1,tabular,2022,Featured,15,description,https://www.kaggle.com/c/foursquare-location-matching/discussion/335818,www.kaggle.com,,0
foursquare-location-matching,1,tabular,2022,Featured,16,description,https://www.kaggle.com/c/foursquare-location-matching/discussion/335860,www.kaggle.com,,0
foursquare-location-matching,1,tabular,2022,Featured,19,description,https://www.kaggle.com/c/foursquare-location-matching/discussion/335897,www.kaggle.com,,0
foursquare-location-matching,1,tabular,2022,Featured,21,description,https://www.kaggle.com/c/foursquare-location-matching/discussion/335857,www.kaggle.com,,0
foursquare-location-matching,1,tabular,2022,Featured,23,description,https://www.kaggle.com/c/foursquare-location-matching/discussion/335883,www.kaggle.com,,0
g-research-crypto-forecasting,1,tabular,2022,Featured,1,code,https://www.kaggle.com/c/g-research-crypto-forecasting/discussion/286676,www.kaggle.com,,1
g-research-crypto-forecasting,1,tabular,2022,Featured,2,description,https://www.kaggle.com/c/g-research-crypto-forecasting/discussion/323098,www.kaggle.com,,1
g-research-crypto-forecasting,1,tabular,2022,Featured,3,code,https://www.kaggle.com/c/g-research-crypto-forecasting/discussion/323703,www.kaggle.com,,1
g-research-crypto-forecasting,1,tabular,2022,Featured,7,description,https://www.kaggle.com/c/g-research-crypto-forecasting/discussion/323250,www.kaggle.com,,1
g-research-crypto-forecasting,1,tabular,2022,Featured,9,description,https://www.kaggle.com/c/g-research-crypto-forecasting/discussion/324180,www.kaggle.com,,0
g-research-crypto-forecasting,1,tabular,2022,Featured,13,code,https://www.kaggle.com/c/g-research-crypto-forecasting/discussion/313386,www.kaggle.com,,1
g-research-crypto-forecasting,1,tabular,2022,Featured,all solutions,kernel,https://www.kaggle.com/c/g-research-crypto-forecasting/discussion/327751,www.kaggle.com,,0
godaddy-microbusiness-density-forecasting,1,tabular,2023,Featured,1,description,https://www.kaggle.com/c/godaddy-microbusiness-density-forecasting/discussion/395131,www.kaggle.com,,1
godaddy-microbusiness-density-forecasting,1,tabular,2023,Featured,2,description,https://www.kaggle.com/c/godaddy-microbusiness-density-forecasting/discussion/395264,www.kaggle.com,,1
godaddy-microbusiness-density-forecasting,1,tabular,2023,Featured,3,description,https://www.kaggle.com/c/godaddy-microbusiness-density-forecasting/discussion/418287,www.kaggle.com,,1
godaddy-microbusiness-density-forecasting,1,tabular,2023,Featured,4,description,https://www.kaggle.com/c/godaddy-microbusiness-density-forecasting/discussion/394821,www.kaggle.com,,0
godaddy-microbusiness-density-forecasting,1,tabular,2023,Featured,6,description,https://www.kaggle.com/c/godaddy-microbusiness-density-forecasting/discussion/417821,www.kaggle.com,,1
godaddy-microbusiness-density-forecasting,1,tabular,2023,Featured,10,description,https://www.kaggle.com/c/godaddy-microbusiness-density-forecasting/discussion/418770,www.kaggle.com,,0
godaddy-microbusiness-density-forecasting,1,tabular,2023,Featured,11,description,https://www.kaggle.com/c/godaddy-microbusiness-density-forecasting/discussion/417803,www.kaggle.com,,0
godaddy-microbusiness-density-forecasting,1,tabular,2023,Featured,32,description,https://www.kaggle.com/c/godaddy-microbusiness-density-forecasting/discussion/395011,www.kaggle.com,,1
godaddy-microbusiness-density-forecasting,1,tabular,2023,Featured,35,description,https://www.kaggle.com/c/godaddy-microbusiness-density-forecasting/discussion/418657,www.kaggle.com,,0
godaddy-microbusiness-density-forecasting,1,tabular,2023,Featured,44,description,https://www.kaggle.com/c/godaddy-microbusiness-density-forecasting/discussion/418355,www.kaggle.com,,0
godaddy-microbusiness-density-forecasting,1,tabular,2023,Featured,48,description,https://www.kaggle.com/c/godaddy-microbusiness-density-forecasting/discussion/417946,www.kaggle.com,,0
h-and-m-personalized-fashion-recommendations,1,tabular,2022,Featured,1,description,https://www.kaggle.com/c/h-and-m-personalized-fashion-recommendations/discussion/324070,www.kaggle.com,,1
h-and-m-personalized-fashion-recommendations,1,tabular,2022,Featured,2,description,https://www.kaggle.com/c/h-and-m-personalized-fashion-recommendations/discussion/324197,www.kaggle.com,,1
h-and-m-personalized-fashion-recommendations,1,tabular,2022,Featured,3,description,https://www.kaggle.com/c/h-and-m-personalized-fashion-recommendations/discussion/324129,www.kaggle.com,,1
h-and-m-personalized-fashion-recommendations,1,tabular,2022,Featured,4,code,https://www.kaggle.com/c/h-and-m-personalized-fashion-recommendations/discussion/324094,www.kaggle.com,,1
h-and-m-personalized-fashion-recommendations,1,tabular,2022,Featured,5,description,https://www.kaggle.com/c/h-and-m-personalized-fashion-recommendations/discussion/324098,www.kaggle.com,,0
h-and-m-personalized-fashion-recommendations,1,tabular,2022,Featured,6,description,https://www.kaggle.com/c/h-and-m-personalized-fashion-recommendations/discussion/324075,www.kaggle.com,,1
h-and-m-personalized-fashion-recommendations,1,tabular,2022,Featured,6,description,https://www.kaggle.com/c/h-and-m-personalized-fashion-recommendations/discussion/324278,www.kaggle.com,,0
h-and-m-personalized-fashion-recommendations,1,tabular,2022,Featured,8,description,https://www.kaggle.com/c/h-and-m-personalized-fashion-recommendations/discussion/324185,www.kaggle.com,,0
h-and-m-personalized-fashion-recommendations,1,tabular,2022,Featured,9,description,https://www.kaggle.com/c/h-and-m-personalized-fashion-recommendations/discussion/324127,www.kaggle.com,,0
h-and-m-personalized-fashion-recommendations,1,tabular,2022,Featured,10,description,https://www.kaggle.com/c/h-and-m-personalized-fashion-recommendations/discussion/324223,www.kaggle.com,,0
h-and-m-personalized-fashion-recommendations,1,tabular,2022,Featured,11,code,https://www.kaggle.com/c/h-and-m-personalized-fashion-recommendations/discussion/324084,www.kaggle.com,,0
h-and-m-personalized-fashion-recommendations,1,tabular,2022,Featured,12,description,https://www.kaggle.com/c/h-and-m-personalized-fashion-recommendations/discussion/324310,www.kaggle.com,,0
h-and-m-personalized-fashion-recommendations,1,tabular,2022,Featured,13,description,https://www.kaggle.com/c/h-and-m-personalized-fashion-recommendations/discussion/324207,www.kaggle.com,,0
h-and-m-personalized-fashion-recommendations,1,tabular,2022,Featured,16,description,https://www.kaggle.com/c/h-and-m-personalized-fashion-recommendations/discussion/324158,www.kaggle.com,,0
h-and-m-personalized-fashion-recommendations,1,tabular,2022,Featured,17,description,https://www.kaggle.com/c/h-and-m-personalized-fashion-recommendations/discussion/324595,www.kaggle.com,,0
h-and-m-personalized-fashion-recommendations,1,tabular,2022,Featured,22,code,https://www.kaggle.com/c/h-and-m-personalized-fashion-recommendations/discussion/325407,www.kaggle.com,,0
h-and-m-personalized-fashion-recommendations,1,tabular,2022,Featured,22,description,https://www.kaggle.com/c/h-and-m-personalized-fashion-recommendations/discussion/324152,www.kaggle.com,,0
h-and-m-personalized-fashion-recommendations,1,tabular,2022,Featured,22,description,https://www.kaggle.com/c/h-and-m-personalized-fashion-recommendations/discussion/324224,www.kaggle.com,,0
h-and-m-personalized-fashion-recommendations,1,tabular,2022,Featured,23,description,https://www.kaggle.com/c/h-and-m-personalized-fashion-recommendations/discussion/324085,www.kaggle.com,,0
h-and-m-personalized-fashion-recommendations,1,tabular,2022,Featured,25,description,https://www.kaggle.com/c/h-and-m-personalized-fashion-recommendations/discussion/324293,www.kaggle.com,,0
h-and-m-personalized-fashion-recommendations,1,tabular,2022,Featured,26,description,https://www.kaggle.com/c/h-and-m-personalized-fashion-recommendations/discussion/324350,www.kaggle.com,,0
h-and-m-personalized-fashion-recommendations,1,tabular,2022,Featured,30,description,https://www.kaggle.com/c/h-and-m-personalized-fashion-recommendations/discussion/324411,www.kaggle.com,,0
h-and-m-personalized-fashion-recommendations,1,tabular,2022,Featured,46,description,https://www.kaggle.com/c/h-and-m-personalized-fashion-recommendations/discussion/324205,www.kaggle.com,,0
h-and-m-personalized-fashion-recommendations,1,tabular,2022,Featured,all solutions,kernel,https://www.kaggle.com/c/h-and-m-personalized-fashion-recommendations/discussion/324221,www.kaggle.com,,0
hms-harmful-brain-activity-classification,1,tabular,2024,Research,1,description,https://www.kaggle.com/c/hms-harmful-brain-activity-classification/discussion/492560,www.kaggle.com,,1
hms-harmful-brain-activity-classification,1,tabular,2024,Research,2,description,https://www.kaggle.com/c/hms-harmful-brain-activity-classification/discussion/492254,www.kaggle.com,,1
hms-harmful-brain-activity-classification,1,tabular,2024,Research,3,description,https://www.kaggle.com/c/hms-harmful-brain-activity-classification/discussion/492471,www.kaggle.com,,1
hms-harmful-brain-activity-classification,1,tabular,2024,Research,4,description,https://www.kaggle.com/c/hms-harmful-brain-activity-classification/discussion/492240,www.kaggle.com,,0
hms-harmful-brain-activity-classification,1,tabular,2024,Research,5,description,https://www.kaggle.com/c/hms-harmful-brain-activity-classification/discussion/492652,www.kaggle.com,,0
hms-harmful-brain-activity-classification,1,tabular,2024,Research,6,description,https://www.kaggle.com/c/hms-harmful-brain-activity-classification/discussion/492619,www.kaggle.com,,0
hms-harmful-brain-activity-classification,1,tabular,2024,Research,7,description,https://www.kaggle.com/c/hms-harmful-brain-activity-classification/discussion/492281,www.kaggle.com,,0
hms-harmful-brain-activity-classification,1,tabular,2024,Research,8,description,https://www.kaggle.com/c/hms-harmful-brain-activity-classification/discussion/492482,www.kaggle.com,,1
hms-harmful-brain-activity-classification,1,tabular,2024,Research,9,description,https://www.kaggle.com/c/hms-harmful-brain-activity-classification/discussion/492429,www.kaggle.com,,0
hms-harmful-brain-activity-classification,1,tabular,2024,Research,10,description,https://www.kaggle.com/c/hms-harmful-brain-activity-classification/discussion/492207,www.kaggle.com,,0
hms-harmful-brain-activity-classification,1,tabular,2024,Research,11,description,https://www.kaggle.com/c/hms-harmful-brain-activity-classification/discussion/492301,www.kaggle.com,,0
hms-harmful-brain-activity-classification,1,tabular,2024,Research,12,description,https://www.kaggle.com/c/hms-harmful-brain-activity-classification/discussion/492603,www.kaggle.com,,0
hms-harmful-brain-activity-classification,1,tabular,2024,Research,14,description,https://www.kaggle.com/c/hms-harmful-brain-activity-classification/discussion/493093,www.kaggle.com,,0
hms-harmful-brain-activity-classification,1,tabular,2024,Research,15,description,https://www.kaggle.com/c/hms-harmful-brain-activity-classification/discussion/492193,www.kaggle.com,,0
hms-harmful-brain-activity-classification,1,tabular,2024,Research,16,description,https://www.kaggle.com/c/hms-harmful-brain-activity-classification/discussion/492251,www.kaggle.com,,0
hms-harmful-brain-activity-classification,1,tabular,2024,Research,30,description,https://www.kaggle.com/c/hms-harmful-brain-activity-classification/discussion/492211,www.kaggle.com,,0
hms-harmful-brain-activity-classification,1,tabular,2024,Research,38,description,https://www.kaggle.com/c/hms-harmful-brain-activity-classification/discussion/492234,www.kaggle.com,,0
home-credit-credit-risk-model-stability,1,tabular,2024,Featured,1,description,https://www.kaggle.com/c/home-credit-credit-risk-model-stability/discussion/508337,www.kaggle.com,,1
home-credit-credit-risk-model-stability,1,tabular,2024,Featured,13,description,https://www.kaggle.com/c/home-credit-credit-risk-model-stability/discussion/508113,www.kaggle.com,,1
hull-tactical-market-prediction,1,tabular,2026,Featured,4,description,https://www.kaggle.com/c/hull-tactical-market-prediction/writeups/4th-place-technical-model-no-learning-short-te,www.kaggle.com,,0
icr-identify-age-related-conditions,1,tabular,2023,Featured,1,description,https://www.kaggle.com/c/icr-identify-age-related-conditions/discussion/430843,www.kaggle.com,,1
icr-identify-age-related-conditions,1,tabular,2023,Featured,2,description,https://www.kaggle.com/c/icr-identify-age-related-conditions/discussion/430860,www.kaggle.com,,1
icr-identify-age-related-conditions,1,tabular,2023,Featured,3,description,https://www.kaggle.com/c/icr-identify-age-related-conditions/discussion/430978,www.kaggle.com,,1
icr-identify-age-related-conditions,1,tabular,2023,Featured,4,description,https://www.kaggle.com/c/icr-identify-age-related-conditions/discussion/431173,www.kaggle.com,,1
icr-identify-age-related-conditions,1,tabular,2023,Featured,5,description,https://www.kaggle.com/c/icr-identify-age-related-conditions/discussion/430907,www.kaggle.com,,1
icr-identify-age-related-conditions,1,tabular,2023,Featured,6,description,https://www.kaggle.com/c/icr-identify-age-related-conditions/discussion/431048,www.kaggle.com,,1
icr-identify-age-related-conditions,1,tabular,2023,Featured,7,description,https://www.kaggle.com/c/icr-identify-age-related-conditions/discussion/431028,www.kaggle.com,,0
icr-identify-age-related-conditions,1,tabular,2023,Featured,8,description,https://www.kaggle.com/c/icr-identify-age-related-conditions/discussion/430897,www.kaggle.com,,0
icr-identify-age-related-conditions,1,tabular,2023,Featured,9,description,https://www.kaggle.com/c/icr-identify-age-related-conditions/discussion/430906,www.kaggle.com,,1
icr-identify-age-related-conditions,1,tabular,2023,Featured,13,description,https://www.kaggle.com/c/icr-identify-age-related-conditions/discussion/431312,www.kaggle.com,,0
icr-identify-age-related-conditions,1,tabular,2023,Featured,15,description,https://www.kaggle.com/c/icr-identify-age-related-conditions/discussion/431415,www.kaggle.com,,0
icr-identify-age-related-conditions,1,tabular,2023,Featured,17,description,https://www.kaggle.com/c/icr-identify-age-related-conditions/discussion/430937,www.kaggle.com,,0
icr-identify-age-related-conditions,1,tabular,2023,Featured,19,description,https://www.kaggle.com/c/icr-identify-age-related-conditions/discussion/431099,www.kaggle.com,,0
icr-identify-age-related-conditions,1,tabular,2023,Featured,28,description,https://www.kaggle.com/c/icr-identify-age-related-conditions/discussion/433013,www.kaggle.com,,0
icr-identify-age-related-conditions,1,tabular,2023,Featured,30,description,https://www.kaggle.com/c/icr-identify-age-related-conditions/discussion/432084,www.kaggle.com,,0
icr-identify-age-related-conditions,1,tabular,2023,Featured,40,description,https://www.kaggle.com/c/icr-identify-age-related-conditions/discussion/432726,www.kaggle.com,,0
jane-street-real-time-market-data-forecasting,1,tabular,2025,Featured,8,description,https://www.kaggle.com/c/jane-street-real-time-market-data-forecasting/writeups/evgeniia-grigoreva-private-lb-8th-solution,www.kaggle.com,,0
jpx-tokyo-stock-exchange-prediction,1,tabular,2022,Featured,2,code,https://www.kaggle.com/c/jpx-tokyo-stock-exchange-prediction/discussion/361482,www.kaggle.com,,0
jpx-tokyo-stock-exchange-prediction,1,tabular,2022,Featured,4,code,https://www.kaggle.com/c/jpx-tokyo-stock-exchange-prediction/discussion/359151,www.kaggle.com,,1
jpx-tokyo-stock-exchange-prediction,1,tabular,2022,Featured,7,description,https://www.kaggle.com/c/jpx-tokyo-stock-exchange-prediction/discussion/359227,www.kaggle.com,,1
jpx-tokyo-stock-exchange-prediction,1,tabular,2022,Featured,8,code,https://www.kaggle.com/c/jpx-tokyo-stock-exchange-prediction/discussion/361127,www.kaggle.com,,0
learning-equality-curriculum-recommendations,1,tabular,2023,Featured,1,description,https://www.kaggle.com/c/learning-equality-curriculum-recommendations/discussion/394812,www.kaggle.com,,1
learning-equality-curriculum-recommendations,1,tabular,2023,Featured,2,description,https://www.kaggle.com/c/learning-equality-curriculum-recommendations/discussion/395110,www.kaggle.com,,1
learning-equality-curriculum-recommendations,1,tabular,2023,Featured,3,description,https://www.kaggle.com/c/learning-equality-curriculum-recommendations/discussion/394838,www.kaggle.com,,1
learning-equality-curriculum-recommendations,1,tabular,2023,Featured,4,description,https://www.kaggle.com/c/learning-equality-curriculum-recommendations/discussion/394984,www.kaggle.com,,0
learning-equality-curriculum-recommendations,1,tabular,2023,Featured,5,description,https://www.kaggle.com/c/learning-equality-curriculum-recommendations/discussion/394827,www.kaggle.com,,0
learning-equality-curriculum-recommendations,1,tabular,2023,Featured,6,description,https://www.kaggle.com/c/learning-equality-curriculum-recommendations/discussion/394813,www.kaggle.com,,1
learning-equality-curriculum-recommendations,1,tabular,2023,Featured,10,description,https://www.kaggle.com/c/learning-equality-curriculum-recommendations/discussion/395190,www.kaggle.com,,0
learning-equality-curriculum-recommendations,1,tabular,2023,Featured,12,description,https://www.kaggle.com/c/learning-equality-curriculum-recommendations/discussion/394886,www.kaggle.com,,0
learning-equality-curriculum-recommendations,1,tabular,2023,Featured,17,description,https://www.kaggle.com/c/learning-equality-curriculum-recommendations/discussion/394910,www.kaggle.com,,0
learning-equality-curriculum-recommendations,1,tabular,2023,Featured,28,description,https://www.kaggle.com/c/learning-equality-curriculum-recommendations/discussion/394955,www.kaggle.com,,0
learning-equality-curriculum-recommendations,1,tabular,2023,Featured,31,description,https://www.kaggle.com/c/learning-equality-curriculum-recommendations/discussion/394807,www.kaggle.com,,0
learning-equality-curriculum-recommendations,1,tabular,2023,Featured,32,description,https://www.kaggle.com/c/learning-equality-curriculum-recommendations/discussion/395018,www.kaggle.com,,0
learning-equality-curriculum-recommendations,1,tabular,2023,Featured,39,description,https://www.kaggle.com/c/learning-equality-curriculum-recommendations/discussion/394896,www.kaggle.com,,0
march-machine-learning-mania-2023,1,tabular,2023,Featured,1,description,https://www.kaggle.com/c/march-machine-learning-mania-2023/discussion/399553,www.kaggle.com,,1
march-machine-learning-mania-2023,1,tabular,2023,Featured,2,description,https://www.kaggle.com/c/march-machine-learning-mania-2023/discussion/401578,www.kaggle.com,,1
march-machine-learning-mania-2023,1,tabular,2023,Featured,3,description,https://www.kaggle.com/c/march-machine-learning-mania-2023/discussion/401641,www.kaggle.com,,0
march-machine-learning-mania-2023,1,tabular,2023,Featured,4,description,https://www.kaggle.com/c/march-machine-learning-mania-2023/discussion/401588,www.kaggle.com,,0
march-machine-learning-mania-2023,1,tabular,2023,Featured,5,description,https://www.kaggle.com/c/march-machine-learning-mania-2023/discussion/401382,www.kaggle.com,,1
march-machine-learning-mania-2023,1,tabular,2023,Featured,6,description,https://www.kaggle.com/c/march-machine-learning-mania-2023/discussion/400709,www.kaggle.com,,0
march-machine-learning-mania-2023,1,tabular,2023,Featured,7,description,https://www.kaggle.com/c/march-machine-learning-mania-2023/discussion/400116,www.kaggle.com,,0
march-machine-learning-mania-2023,1,tabular,2023,Featured,8,description,https://www.kaggle.com/c/march-machine-learning-mania-2023/discussion/400834,www.kaggle.com,,0
march-machine-learning-mania-2023,1,tabular,2023,Featured,9,description,https://www.kaggle.com/c/march-machine-learning-mania-2023/discussion/400151,www.kaggle.com,,0
march-machine-learning-mania-2024,1,tabular,2024,Featured,1,description,https://www.kaggle.com/c/march-machine-learning-mania-2024/discussion/493793,www.kaggle.com,,1
march-machine-learning-mania-2024,1,tabular,2024,Featured,2,description,https://www.kaggle.com/c/march-machine-learning-mania-2024/discussion/492761,www.kaggle.com,,1
march-machine-learning-mania-2024,1,tabular,2024,Featured,3,description,https://www.kaggle.com/c/march-machine-learning-mania-2024/discussion/495101,www.kaggle.com,,0
march-machine-learning-mania-2024,1,tabular,2024,Featured,4,description,https://www.kaggle.com/c/march-machine-learning-mania-2024/discussion/494407,www.kaggle.com,,0
march-machine-learning-mania-2024,1,tabular,2024,Featured,5,description,https://www.kaggle.com/c/march-machine-learning-mania-2024/discussion/497162,www.kaggle.com,,0
march-machine-learning-mania-2024,1,tabular,2024,Featured,6,description,https://www.kaggle.com/c/march-machine-learning-mania-2024/discussion/497514,www.kaggle.com,,0
march-machine-learning-mania-2024,1,tabular,2024,Featured,7,description,https://www.kaggle.com/c/march-machine-learning-mania-2024/discussion/493841,www.kaggle.com,,0
march-machine-learning-mania-2024,1,tabular,2024,Featured,8,description,https://www.kaggle.com/c/march-machine-learning-mania-2024/discussion/493041,www.kaggle.com,,0
march-machine-learning-mania-2025,1,tabular,2025,Featured,1,description,https://www.kaggle.com/c/march-machine-learning-mania-2025/discussion/572717,www.kaggle.com,,1
march-machine-learning-mania-2025,1,tabular,2025,Featured,2,description,https://www.kaggle.com/c/march-machine-learning-mania-2025/discussion/572528,www.kaggle.com,,0
march-machine-learning-mania-2025,1,tabular,2025,Featured,3,description,https://www.kaggle.com/c/march-machine-learning-mania-2025/discussion/572553,www.kaggle.com,,0
march-machine-learning-mania-2025,1,tabular,2025,Featured,4,description,https://www.kaggle.com/c/march-machine-learning-mania-2025/discussion/572466,www.kaggle.com,,1
march-machine-learning-mania-2025,1,tabular,2025,Featured,5,description,https://www.kaggle.com/c/march-machine-learning-mania-2025/discussion/572909,www.kaggle.com,,0
march-machine-learning-mania-2025,1,tabular,2025,Featured,6,description,https://www.kaggle.com/c/march-machine-learning-mania-2025/discussion/572482,www.kaggle.com,,0
march-machine-learning-mania-2025,1,tabular,2025,Featured,7,description,https://www.kaggle.com/c/march-machine-learning-mania-2025/discussion/572540,www.kaggle.com,,0
march-machine-learning-mania-2025,1,tabular,2025,Featured,8,description,https://www.kaggle.com/c/march-machine-learning-mania-2025/discussion/572535,www.kaggle.com,,0
mens-march-mania-2022,1,tabular,2022,Featured,2,code,https://www.kaggle.com/c/mens-march-mania-2022/discussion/318779,www.kaggle.com,,0
mens-march-mania-2022,1,tabular,2022,Featured,3,code,https://www.kaggle.com/c/mens-march-mania-2022/discussion/318302,www.kaggle.com,,0
mens-march-mania-2022,1,tabular,2022,Featured,5,code,https://www.kaggle.com/c/mens-march-mania-2022/discussion/317566,www.kaggle.com,,1
mens-march-mania-2022,1,tabular,2022,Featured,6,description,https://www.kaggle.com/c/mens-march-mania-2022/discussion/317114,www.kaggle.com,,1
mens-march-mania-2022,1,tabular,2022,Featured,17,code,https://www.kaggle.com/c/mens-march-mania-2022/discussion/317903,www.kaggle.com,,0
mens-march-mania-2022,1,tabular,2022,Featured,54,description,https://www.kaggle.com/c/mens-march-mania-2022/discussion/317077,www.kaggle.com,,0
mitsui-commodity-prediction-challenge,1,tabular,2025,Featured,3,description,https://www.kaggle.com/c/mitsui-commodity-prediction-challenge/writeups/3-rd-place-solution-directional-trends-over-vola,www.kaggle.com,,0
mitsui-commodity-prediction-challenge,1,tabular,2025,Featured,5,description,https://www.kaggle.com/c/mitsui-commodity-prediction-challenge/writeups/zlf-solution-of-the-mitsui-commodity-predict,www.kaggle.com,,0
mitsui-commodity-prediction-challenge,1,tabular,2025,Featured,6,description,https://www.kaggle.com/c/mitsui-commodity-prediction-challenge/writeups/artem777-in-mitsui-6th-Place,www.kaggle.com,,0
mitsui-commodity-prediction-challenge,1,tabular,2025,Featured,7,description,https://www.kaggle.com/c/mitsui-commodity-prediction-challenge/writeups/tatru-in-mitsui-and-co-commodity-prediction,www.kaggle.com,,0
mitsui-commodity-prediction-challenge,1,tabular,2025,Featured,8,description,https://www.kaggle.com/c/mitsui-commodity-prediction-challenge/writeups/transformer-based-solution,www.kaggle.com,,0
mitsui-commodity-prediction-challenge,1,tabular,2025,Featured,14,description,https://www.kaggle.com/c/mitsui-commodity-prediction-challenge/writeups/mitsui-14th-place-submission,www.kaggle.com,,0
mitsui-commodity-prediction-challenge,1,tabular,2025,Featured,15,description,https://www.kaggle.com/c/mitsui-commodity-prediction-challenge/writeups/mitsui-and-co-commodity-prediction-challenge-15th,www.kaggle.com,,0
mitsui-commodity-prediction-challenge,1,tabular,2025,Featured,25,description,https://www.kaggle.com/c/mitsui-commodity-prediction-challenge/writeups/25th-place-silver-mitsui-commodity-prediction,www.kaggle.com,,0
mitsui-commodity-prediction-challenge,1,tabular,2025,Featured,26,description,https://www.kaggle.com/c/mitsui-commodity-prediction-challenge/writeups/26th-place-mitsui-and-co-commodity-prediction,www.kaggle.com,,0
mitsui-commodity-prediction-challenge,1,tabular,2025,Featured,37,description,https://www.kaggle.com/c/mitsui-commodity-prediction-challenge/writeups/andnov-37th-place-solution-for-MITSUI-CO-commodity,www.kaggle.com,,0
optiver-realized-volatility-prediction,1,tabular,2022,Featured,1,code,https://www.kaggle.com/c/optiver-realized-volatility-prediction/discussion/274970,www.kaggle.com,,1
optiver-realized-volatility-prediction,1,tabular,2022,Featured,1,code,https://www.kaggle.com/c/optiver-realized-volatility-prediction/discussion/302626,www.kaggle.com,,1
optiver-realized-volatility-prediction,1,tabular,2022,Featured,3,code,https://www.kaggle.com/c/optiver-realized-volatility-prediction/discussion/278588,www.kaggle.com,,0
optiver-realized-volatility-prediction,1,tabular,2022,Featured,4,description,https://www.kaggle.com/c/optiver-realized-volatility-prediction/discussion/278676,www.kaggle.com,,1
optiver-realized-volatility-prediction,1,tabular,2022,Featured,7,description,https://www.kaggle.com/c/optiver-realized-volatility-prediction/discussion/276506,www.kaggle.com,,0
optiver-realized-volatility-prediction,1,tabular,2022,Featured,18,description,https://www.kaggle.com/c/optiver-realized-volatility-prediction/discussion/275169,www.kaggle.com,,0
optiver-realized-volatility-prediction,1,tabular,2022,Featured,25,description,https://www.kaggle.com/c/optiver-realized-volatility-prediction/discussion/276137,www.kaggle.com,,1
optiver-trading-at-the-close,1,tabular,2024,Featured,1,description,https://www.kaggle.com/c/optiver-trading-at-the-close/discussion/487446,www.kaggle.com,,1
optiver-trading-at-the-close,1,tabular,2024,Featured,7,code,https://github.com/nimashahbazi/optiver-trading-close?tab=readme-ov-file,github.com,,0
optiver-trading-at-the-close,1,tabular,2024,Featured,9,description,https://www.kaggle.com/c/optiver-trading-at-the-close/discussion/486868,www.kaggle.com,,1
optiver-trading-at-the-close,1,tabular,2024,Featured,14,description,https://www.kaggle.com/c/optiver-trading-at-the-close/discussion/462653,www.kaggle.com,,0
optiver-trading-at-the-close,1,tabular,2024,Featured,15,description,https://www.kaggle.com/c/optiver-trading-at-the-close/discussion/486086,www.kaggle.com,,0
otto-recommender-system,1,tabular,2023,Featured,1,description,https://www.kaggle.com/c/otto-recommender-system/discussion/384022,www.kaggle.com,,0
otto-recommender-system,1,tabular,2023,Featured,2,description,https://www.kaggle.com/c/otto-recommender-system/discussion/382790,www.kaggle.com,,1
otto-recommender-system,1,tabular,2023,Featured,3,description,https://www.kaggle.com/c/otto-recommender-system/discussion/383013,www.kaggle.com,,1
otto-recommender-system,1,tabular,2023,Featured,4,description,https://www.kaggle.com/c/otto-recommender-system/discussion/382783,www.kaggle.com,,0
otto-recommender-system,1,tabular,2023,Featured,5,description,https://www.kaggle.com/c/otto-recommender-system/discussion/382802,www.kaggle.com,,1
otto-recommender-system,1,tabular,2023,Featured,6,description,https://www.kaggle.com/c/otto-recommender-system/discussion/384120,www.kaggle.com,,0
otto-recommender-system,1,tabular,2023,Featured,7,description,https://www.kaggle.com/c/otto-recommender-system/discussion/383769,www.kaggle.com,,0
otto-recommender-system,1,tabular,2023,Featured,8,description,https://www.kaggle.com/c/otto-recommender-system/discussion/383130,www.kaggle.com,,0
otto-recommender-system,1,tabular,2023,Featured,9,description,https://www.kaggle.com/c/otto-recommender-system/discussion/383792,www.kaggle.com,,0
otto-recommender-system,1,tabular,2023,Featured,10,description,https://www.kaggle.com/c/otto-recommender-system/discussion/382851,www.kaggle.com,,0
otto-recommender-system,1,tabular,2023,Featured,11,description,https://www.kaggle.com/c/otto-recommender-system/discussion/383374,www.kaggle.com,,0
otto-recommender-system,1,tabular,2023,Featured,12,description,https://www.kaggle.com/c/otto-recommender-system/discussion/382834,www.kaggle.com,,0
otto-recommender-system,1,tabular,2023,Featured,13,description,https://www.kaggle.com/c/otto-recommender-system/discussion/383229,www.kaggle.com,,0
otto-recommender-system,1,tabular,2023,Featured,14,description,https://www.kaggle.com/c/otto-recommender-system/discussion/383382,www.kaggle.com,,0
otto-recommender-system,1,tabular,2023,Featured,15,description,https://www.kaggle.com/c/otto-recommender-system/discussion/382905,www.kaggle.com,,0
otto-recommender-system,1,tabular,2023,Featured,17,description,https://www.kaggle.com/c/otto-recommender-system/discussion/383121,www.kaggle.com,,0
otto-recommender-system,1,tabular,2023,Featured,18,description,https://www.kaggle.com/c/otto-recommender-system/discussion/382924,www.kaggle.com,,0
otto-recommender-system,1,tabular,2023,Featured,20,description,https://www.kaggle.com/c/otto-recommender-system/discussion/382771,www.kaggle.com,,1
otto-recommender-system,1,tabular,2023,Featured,28,description,https://www.kaggle.com/c/otto-recommender-system/discussion/382812,www.kaggle.com,,0
otto-recommender-system,1,tabular,2023,Featured,32,description,https://www.kaggle.com/c/otto-recommender-system/discussion/383843,www.kaggle.com,,0
playground-series-s3e1,1,tabular,2023,Playground,1,description,https://www.kaggle.com/c/playground-series-s3e1/discussion/377137,www.kaggle.com,,1
playground-series-s3e1,1,tabular,2023,Playground,2,description,https://www.kaggle.com/c/playground-series-s3e1/discussion/377179,www.kaggle.com,,1
playground-series-s3e1,1,tabular,2023,Playground,24,description,https://www.kaggle.com/c/playground-series-s3e1/discussion/377993,www.kaggle.com,,1
playground-series-s3e10,1,tabular,2023,Playground,1,description,https://www.kaggle.com/c/playground-series-s3e10/discussion/396345,www.kaggle.com,,1
playground-series-s3e10,1,tabular,2023,Playground,3,description,https://www.kaggle.com/c/playground-series-s3e10/discussion/396346,www.kaggle.com,,0
playground-series-s3e10,1,tabular,2023,Playground,7,description,https://www.kaggle.com/c/playground-series-s3e10/discussion/396261,www.kaggle.com,,0
playground-series-s3e10,1,tabular,2023,Playground,8,description,https://www.kaggle.com/c/playground-series-s3e10/discussion/396425,www.kaggle.com,,0
playground-series-s3e10,1,tabular,2023,Playground,9,description,https://www.kaggle.com/c/playground-series-s3e10/discussion/396374,www.kaggle.com,,0
playground-series-s3e10,1,tabular,2023,Playground,10,description,https://www.kaggle.com/c/playground-series-s3e10/discussion/396263,www.kaggle.com,,0
playground-series-s3e10,1,tabular,2023,Playground,13,description,https://www.kaggle.com/c/playground-series-s3e10/discussion/396319,www.kaggle.com,,0
playground-series-s3e10,1,tabular,2023,Playground,19,description,https://www.kaggle.com/c/playground-series-s3e10/discussion/396471,www.kaggle.com,,0
playground-series-s3e11,1,tabular,2023,Playground,1,description,https://www.kaggle.com/c/playground-series-s3e11/discussion/399401,www.kaggle.com,,1
playground-series-s3e11,1,tabular,2023,Playground,4,description,https://www.kaggle.com/c/playground-series-s3e11/discussion/399489,www.kaggle.com,,1
playground-series-s3e11,1,tabular,2023,Playground,7,description,https://www.kaggle.com/c/playground-series-s3e11/discussion/399463,www.kaggle.com,,0
playground-series-s3e11,1,tabular,2023,Playground,17,description,https://www.kaggle.com/c/playground-series-s3e11/discussion/399393,www.kaggle.com,,1
playground-series-s3e12,1,tabular,2023,Playground,5,description,https://www.kaggle.com/c/playground-series-s3e12/discussion/402403,www.kaggle.com,,0
playground-series-s3e12,1,tabular,2023,Playground,8,description,https://www.kaggle.com/c/playground-series-s3e12/discussion/402416,www.kaggle.com,,1
playground-series-s3e12,1,tabular,2023,Playground,24,description,https://www.kaggle.com/c/playground-series-s3e12/discussion/402398,www.kaggle.com,,1
playground-series-s3e12,1,tabular,2023,Playground,28,description,https://www.kaggle.com/c/playground-series-s3e12/discussion/402347,www.kaggle.com,,1
playground-series-s3e13,1,tabular,2023,Playground,1,description,https://www.kaggle.com/c/playground-series-s3e13/discussion/406433,www.kaggle.com,,1
playground-series-s3e13,1,tabular,2023,Playground,2,description,https://www.kaggle.com/c/playground-series-s3e13/discussion/407829,www.kaggle.com,,1
playground-series-s3e13,1,tabular,2023,Playground,3,description,https://www.kaggle.com/c/playground-series-s3e13/discussion/406409,www.kaggle.com,,1
playground-series-s3e13,1,tabular,2023,Playground,4,description,https://www.kaggle.com/c/playground-series-s3e13/discussion/406812,www.kaggle.com,,1
playground-series-s3e13,1,tabular,2023,Playground,5,description,https://www.kaggle.com/c/playground-series-s3e13/discussion/406313,www.kaggle.com,,1
playground-series-s3e13,1,tabular,2023,Playground,15,description,https://www.kaggle.com/c/playground-series-s3e13/discussion/406395,www.kaggle.com,,0
playground-series-s3e13,1,tabular,2023,Playground,29,description,https://www.kaggle.com/c/playground-series-s3e13/discussion/406366,www.kaggle.com,,0
playground-series-s3e13,1,tabular,2023,Playground,31,description,https://www.kaggle.com/c/playground-series-s3e13/discussion/405616,www.kaggle.com,,0
playground-series-s3e13,1,tabular,2023,Playground,58,description,https://www.kaggle.com/c/playground-series-s3e13/discussion/406396,www.kaggle.com,,0
playground-series-s3e14,1,tabular,2023,Playground,1,description,https://www.kaggle.com/c/playground-series-s3e14/discussion/410627,www.kaggle.com,,1
playground-series-s3e14,1,tabular,2023,Playground,4,description,https://www.kaggle.com/c/playground-series-s3e14/discussion/410639,www.kaggle.com,,1
playground-series-s3e14,1,tabular,2023,Playground,7,description,https://www.kaggle.com/c/playground-series-s3e14/discussion/410666,www.kaggle.com,,1
playground-series-s3e15,1,tabular,2023,Playground,1,description,https://www.kaggle.com/c/playground-series-s3e15/discussion/414048,www.kaggle.com,,1
playground-series-s3e15,1,tabular,2023,Playground,2,description,https://www.kaggle.com/c/playground-series-s3e15/discussion/413826,www.kaggle.com,,1
playground-series-s3e15,1,tabular,2023,Playground,3,description,https://www.kaggle.com/c/playground-series-s3e15/discussion/414027,www.kaggle.com,,0
playground-series-s3e15,1,tabular,2023,Playground,5,description,https://www.kaggle.com/c/playground-series-s3e15/discussion/413742,www.kaggle.com,,1
playground-series-s3e15,1,tabular,2023,Playground,6,description,https://www.kaggle.com/c/playground-series-s3e15/discussion/413839,www.kaggle.com,,0
playground-series-s3e15,1,tabular,2023,Playground,9,description,https://www.kaggle.com/c/playground-series-s3e15/discussion/413808,www.kaggle.com,,0
playground-series-s3e15,1,tabular,2023,Playground,11,description,https://www.kaggle.com/c/playground-series-s3e15/discussion/413977,www.kaggle.com,,0
playground-series-s3e15,1,tabular,2023,Playground,14,description,https://www.kaggle.com/c/playground-series-s3e15/discussion/413749,www.kaggle.com,,1
playground-series-s3e16,1,tabular,2023,Playground,3,description,https://www.kaggle.com/c/playground-series-s3e16/discussion/416783,www.kaggle.com,,0
playground-series-s3e16,1,tabular,2023,Playground,5,description,https://www.kaggle.com/c/playground-series-s3e16/discussion/416769,www.kaggle.com,,1
playground-series-s3e16,1,tabular,2023,Playground,11,description,https://www.kaggle.com/c/playground-series-s3e16/discussion/416819,www.kaggle.com,,1
playground-series-s3e17,1,tabular,2023,Playground,3,description,https://www.kaggle.com/c/playground-series-s3e17/discussion/419730,www.kaggle.com,,1
playground-series-s3e17,1,tabular,2023,Playground,11,description,https://www.kaggle.com/c/playground-series-s3e17/discussion/419643,www.kaggle.com,,1
playground-series-s3e17,1,tabular,2023,Playground,17,description,https://www.kaggle.com/c/playground-series-s3e17/discussion/419648,www.kaggle.com,,1
playground-series-s3e17,1,tabular,2023,Playground,47,description,https://www.kaggle.com/c/playground-series-s3e17/discussion/419708,www.kaggle.com,,0
playground-series-s3e19,1,tabular,2023,Playground,1,description,https://www.kaggle.com/c/playground-series-s3e19/discussion/428311,www.kaggle.com,,0
playground-series-s3e19,1,tabular,2023,Playground,2,description,https://www.kaggle.com/c/playground-series-s3e19/discussion/428385,www.kaggle.com,,1
playground-series-s3e19,1,tabular,2023,Playground,3,description,https://www.kaggle.com/c/playground-series-s3e19/discussion/428682,www.kaggle.com,,1
playground-series-s3e19,1,tabular,2023,Playground,4,description,https://www.kaggle.com/c/playground-series-s3e19/discussion/428335,www.kaggle.com,,0
playground-series-s3e19,1,tabular,2023,Playground,5,description,https://www.kaggle.com/c/playground-series-s3e19/discussion/428347,www.kaggle.com,,0
playground-series-s3e19,1,tabular,2023,Playground,7,description,https://www.kaggle.com/c/playground-series-s3e19/discussion/428514,www.kaggle.com,,0
playground-series-s3e19,1,tabular,2023,Playground,8,description,https://www.kaggle.com/c/playground-series-s3e19/discussion/428368,www.kaggle.com,,0
playground-series-s3e19,1,tabular,2023,Playground,9,description,https://www.kaggle.com/c/playground-series-s3e19/discussion/428300,www.kaggle.com,,0
playground-series-s3e19,1,tabular,2023,Playground,16,description,https://www.kaggle.com/c/playground-series-s3e19/discussion/428438,www.kaggle.com,,0
playground-series-s3e19,1,tabular,2023,Playground,17,description,https://www.kaggle.com/c/playground-series-s3e19/discussion/428433,www.kaggle.com,,0
playground-series-s3e2,1,tabular,2023,Playground,5,description,https://www.kaggle.com/c/playground-series-s3e2/discussion/378780,www.kaggle.com,,1
playground-series-s3e2,1,tabular,2023,Playground,6,description,https://www.kaggle.com/c/playground-series-s3e2/discussion/378866,www.kaggle.com,,1
playground-series-s3e2,1,tabular,2023,Playground,8,description,https://www.kaggle.com/c/playground-series-s3e2/discussion/381377,www.kaggle.com,,1
playground-series-s3e20,1,tabular,2023,Playground,3,description,https://www.kaggle.com/c/playground-series-s3e20/discussion/433822,www.kaggle.com,,1
playground-series-s3e20,1,tabular,2023,Playground,4,description,https://www.kaggle.com/c/playground-series-s3e20/discussion/433567,www.kaggle.com,,1
playground-series-s3e21,1,tabular,2023,Playground,4,description,https://www.kaggle.com/c/playground-series-s3e21/discussion/439142,www.kaggle.com,,1
playground-series-s3e21,1,tabular,2023,Playground,33,description,https://www.kaggle.com/c/playground-series-s3e21/discussion/438745,www.kaggle.com,,0
playground-series-s3e22,1,tabular,2023,Playground,14,description,https://www.kaggle.com/c/playground-series-s3e22/discussion/444642,www.kaggle.com,,1
playground-series-s3e23,1,tabular,2023,Playground,2,description,https://www.kaggle.com/c/playground-series-s3e23/discussion/450315,www.kaggle.com,,1
playground-series-s3e24,1,tabular,2023,Playground,3,description,https://www.kaggle.com/c/playground-series-s3e24/discussion/455248,www.kaggle.com,,1
playground-series-s3e24,1,tabular,2023,Playground,4,description,https://www.kaggle.com/c/playground-series-s3e24/discussion/455296,www.kaggle.com,,1
playground-series-s3e24,1,tabular,2023,Playground,7,description,https://www.kaggle.com/c/playground-series-s3e24/discussion/455271,www.kaggle.com,,1
playground-series-s3e24,1,tabular,2023,Playground,8,description,https://www.kaggle.com/c/playground-series-s3e24/discussion/455268,www.kaggle.com,,1
playground-series-s3e26,1,tabular,2023,Playground,2,description,https://www.kaggle.com/c/playground-series-s3e26/discussion/464887,www.kaggle.com,,1
playground-series-s3e26,1,tabular,2023,Playground,4,description,https://www.kaggle.com/c/playground-series-s3e26/discussion/464863,www.kaggle.com,,1
playground-series-s3e26,1,tabular,2023,Playground,39,description,https://www.kaggle.com/c/playground-series-s3e26/discussion/464876,www.kaggle.com,,0
playground-series-s3e3,1,tabular,2023,Playground,1,description,https://www.kaggle.com/c/playground-series-s3e3/discussion/380920,www.kaggle.com,,1
playground-series-s3e3,1,tabular,2023,Playground,8,description,https://www.kaggle.com/c/playground-series-s3e3/discussion/381052,www.kaggle.com,,1
playground-series-s3e3,1,tabular,2023,Playground,12,description,https://www.kaggle.com/c/playground-series-s3e3/discussion/379347,www.kaggle.com,,0
playground-series-s3e3,1,tabular,2023,Playground,14,description,https://www.kaggle.com/c/playground-series-s3e3/discussion/380757,www.kaggle.com,,1
playground-series-s3e3,1,tabular,2023,Playground,38,description,https://www.kaggle.com/c/playground-series-s3e3/discussion/380748,www.kaggle.com,,0
playground-series-s3e3,1,tabular,2023,Playground,39,description,https://www.kaggle.com/c/playground-series-s3e3/discussion/380738,www.kaggle.com,,0
playground-series-s3e4,1,tabular,2023,Playground,10,description,https://www.kaggle.com/c/playground-series-s3e4/discussion/382539,www.kaggle.com,,1
playground-series-s3e4,1,tabular,2023,Playground,30,description,https://www.kaggle.com/c/playground-series-s3e4/discussion/382447,www.kaggle.com,,1
playground-series-s3e4,1,tabular,2023,Playground,36,description,https://www.kaggle.com/c/playground-series-s3e4/discussion/382493,www.kaggle.com,,0
playground-series-s3e5,1,tabular,2023,Playground,1,description,https://www.kaggle.com/c/playground-series-s3e5/discussion/387882,www.kaggle.com,,1
playground-series-s3e5,1,tabular,2023,Playground,2,description,https://www.kaggle.com/c/playground-series-s3e5/discussion/388011,www.kaggle.com,,0
playground-series-s3e5,1,tabular,2023,Playground,3,description,https://www.kaggle.com/c/playground-series-s3e5/discussion/386683,www.kaggle.com,,1
playground-series-s3e5,1,tabular,2023,Playground,4,description,https://www.kaggle.com/c/playground-series-s3e5/discussion/386645,www.kaggle.com,,1
playground-series-s3e5,1,tabular,2023,Playground,13,description,https://www.kaggle.com/c/playground-series-s3e5/discussion/386657,www.kaggle.com,,0
playground-series-s3e5,1,tabular,2023,Playground,14,description,https://www.kaggle.com/c/playground-series-s3e5/discussion/386627,www.kaggle.com,,1
playground-series-s3e5,1,tabular,2023,Playground,16,description,https://www.kaggle.com/c/playground-series-s3e5/discussion/386745,www.kaggle.com,,0
playground-series-s3e5,1,tabular,2023,Playground,24,description,https://www.kaggle.com/c/playground-series-s3e5/discussion/386789,www.kaggle.com,,0
playground-series-s3e6,1,tabular,2023,Playground,3,description,https://www.kaggle.com/c/playground-series-s3e6/discussion/389140,www.kaggle.com,,1
playground-series-s3e6,1,tabular,2023,Playground,5,description,https://www.kaggle.com/c/playground-series-s3e6/discussion/389145,www.kaggle.com,,1
playground-series-s3e6,1,tabular,2023,Playground,8,description,https://www.kaggle.com/c/playground-series-s3e6/discussion/389139,www.kaggle.com,,0
playground-series-s3e6,1,tabular,2023,Playground,9,description,https://www.kaggle.com/c/playground-series-s3e6/discussion/389151,www.kaggle.com,,1
playground-series-s3e6,1,tabular,2023,Playground,43,description,https://www.kaggle.com/c/playground-series-s3e6/discussion/389155,www.kaggle.com,,0
playground-series-s3e7,1,tabular,2023,Playground,1,description,https://www.kaggle.com/c/playground-series-s3e7/discussion/390976,www.kaggle.com,,1
playground-series-s3e7,1,tabular,2023,Playground,2,description,https://www.kaggle.com/c/playground-series-s3e7/discussion/390956,www.kaggle.com,,1
playground-series-s3e7,1,tabular,2023,Playground,3,description,https://www.kaggle.com/c/playground-series-s3e7/discussion/390979,www.kaggle.com,,1
playground-series-s3e7,1,tabular,2023,Playground,4,description,https://www.kaggle.com/c/playground-series-s3e7/discussion/390962,www.kaggle.com,,1
playground-series-s3e7,1,tabular,2023,Playground,9,description,https://www.kaggle.com/c/playground-series-s3e7/discussion/390961,www.kaggle.com,,1
playground-series-s3e7,1,tabular,2023,Playground,15,description,https://www.kaggle.com/c/playground-series-s3e7/discussion/390977,www.kaggle.com,,0
playground-series-s3e8,1,tabular,2023,Playground,2,description,https://www.kaggle.com/c/playground-series-s3e8/discussion/392828,www.kaggle.com,,1
playground-series-s3e8,1,tabular,2023,Playground,3,description,https://www.kaggle.com/c/playground-series-s3e8/discussion/392824,www.kaggle.com,,1
playground-series-s3e8,1,tabular,2023,Playground,6,description,https://www.kaggle.com/c/playground-series-s3e8/discussion/392820,www.kaggle.com,,1
playground-series-s3e8,1,tabular,2023,Playground,7,description,https://www.kaggle.com/c/playground-series-s3e8/discussion/392937,www.kaggle.com,,0
playground-series-s3e8,1,tabular,2023,Playground,8,description,https://www.kaggle.com/c/playground-series-s3e8/discussion/392860,www.kaggle.com,,1
playground-series-s3e9,1,tabular,2023,Playground,1,description,https://www.kaggle.com/c/playground-series-s3e9/discussion/394592,www.kaggle.com,,1
playground-series-s3e9,1,tabular,2023,Playground,23,description,https://www.kaggle.com/c/playground-series-s3e9/discussion/394600,www.kaggle.com,,1
playground-series-s4e1,1,tabular,2024,Playground,2,description,https://www.kaggle.com/c/playground-series-s4e1/discussion/472496,www.kaggle.com,,1
playground-series-s4e1,1,tabular,2024,Playground,3,description,https://www.kaggle.com/c/playground-series-s4e1/discussion/472413,www.kaggle.com,,1
playground-series-s4e1,1,tabular,2024,Playground,17,description,https://www.kaggle.com/c/playground-series-s4e1/discussion/472636,www.kaggle.com,,1
playground-series-s4e10,1,tabular,2024,Playground,1,description,https://www.kaggle.com/c/playground-series-s4e10/discussion/543725,www.kaggle.com,,1
playground-series-s4e10,1,tabular,2024,Playground,2,description,https://www.kaggle.com/c/playground-series-s4e10/discussion/543766,www.kaggle.com,,1
playground-series-s4e10,1,tabular,2024,Playground,4,description,https://www.kaggle.com/c/playground-series-s4e10/discussion/543672,www.kaggle.com,,1
playground-series-s4e10,1,tabular,2024,Playground,8,description,https://www.kaggle.com/c/playground-series-s4e10/discussion/543772,www.kaggle.com,,1
playground-series-s4e10,1,tabular,2024,Playground,10,description,https://www.kaggle.com/c/playground-series-s4e10/discussion/543735,www.kaggle.com,,1
playground-series-s4e11,1,tabular,2024,Playground,1,description,https://www.kaggle.com/c/playground-series-s4e11/discussion/549160,www.kaggle.com,,1
playground-series-s4e11,1,tabular,2024,Playground,4,description,https://www.kaggle.com/c/playground-series-s4e11/discussion/549197,www.kaggle.com,,1
playground-series-s4e11,1,tabular,2024,Playground,13,description,https://www.kaggle.com/c/playground-series-s4e11/discussion/549155,www.kaggle.com,,1
playground-series-s4e11,1,tabular,2024,Playground,25,description,https://www.kaggle.com/c/playground-series-s4e11/discussion/549194,www.kaggle.com,,1
playground-series-s4e12,1,tabular,2024,Playground,1,description,https://www.kaggle.com/c/playground-series-s4e12/discussion/554328,www.kaggle.com,,1
playground-series-s4e12,1,tabular,2024,Playground,2,description,https://www.kaggle.com/c/playground-series-s4e12/discussion/554505,www.kaggle.com,,1
playground-series-s4e12,1,tabular,2024,Playground,9,description,https://www.kaggle.com/c/playground-series-s4e12/discussion/554377,www.kaggle.com,,1
playground-series-s4e2,1,tabular,2024,Playground,4,description,https://www.kaggle.com/c/playground-series-s4e2/discussion/480939,www.kaggle.com,,1
playground-series-s4e2,1,tabular,2024,Playground,6,description,https://www.kaggle.com/c/playground-series-s4e2/discussion/480795,www.kaggle.com,,1
playground-series-s4e2,1,tabular,2024,Playground,19,description,https://www.kaggle.com/c/playground-series-s4e2/discussion/482075,www.kaggle.com,,0
playground-series-s4e2,1,tabular,2024,Playground,24,description,https://www.kaggle.com/c/playground-series-s4e2/discussion/480927,www.kaggle.com,,1
playground-series-s4e3,1,tabular,2024,Playground,2,description,https://www.kaggle.com/c/playground-series-s4e3/discussion/488106,www.kaggle.com,,1
playground-series-s4e3,1,tabular,2024,Playground,3,description,https://www.kaggle.com/c/playground-series-s4e3/discussion/488127,www.kaggle.com,,1
playground-series-s4e4,1,tabular,2024,Playground,1,description,https://www.kaggle.com/c/playground-series-s4e4/discussion/499174,www.kaggle.com,,1
playground-series-s4e4,1,tabular,2024,Playground,2,description,https://www.kaggle.com/c/playground-series-s4e4/discussion/499698,www.kaggle.com,,1
playground-series-s4e4,1,tabular,2024,Playground,3,description,https://www.kaggle.com/c/playground-series-s4e4/discussion/499747,www.kaggle.com,,1
playground-series-s4e4,1,tabular,2024,Playground,4,description,https://www.kaggle.com/c/playground-series-s4e4/discussion/499341,www.kaggle.com,,1
playground-series-s4e4,1,tabular,2024,Playground,5,description,https://www.kaggle.com/c/playground-series-s4e4/discussion/499204,www.kaggle.com,,1
playground-series-s4e4,1,tabular,2024,Playground,8,description,https://www.kaggle.com/c/playground-series-s4e4/discussion/499258,www.kaggle.com,,0
playground-series-s4e5,1,tabular,2024,Playground,1,description,https://www.kaggle.com/c/playground-series-s4e5/discussion/509043,www.kaggle.com,,1
playground-series-s4e5,1,tabular,2024,Playground,2,description,https://www.kaggle.com/c/playground-series-s4e5/discussion/509410,www.kaggle.com,,1
playground-series-s4e5,1,tabular,2024,Playground,4,description,https://www.kaggle.com/c/playground-series-s4e5/discussion/509044,www.kaggle.com,,0
playground-series-s4e6,1,tabular,2024,Playground,6,description,https://www.kaggle.com/c/playground-series-s4e6/discussion/515989,www.kaggle.com,,1
playground-series-s4e6,1,tabular,2024,Playground,10,description,https://www.kaggle.com/c/playground-series-s4e6/discussion/515980,www.kaggle.com,,0
playground-series-s4e7,1,tabular,2024,Playground,1,description,https://www.kaggle.com/c/playground-series-s4e7/discussion/523404,www.kaggle.com,,1
playground-series-s4e7,1,tabular,2024,Playground,2,description,https://www.kaggle.com/c/playground-series-s4e7/discussion/523489,www.kaggle.com,,1
playground-series-s4e7,1,tabular,2024,Playground,3,description,https://www.kaggle.com/c/playground-series-s4e7/discussion/523661,www.kaggle.com,,0
playground-series-s4e7,1,tabular,2024,Playground,6,description,https://www.kaggle.com/c/playground-series-s4e7/discussion/523484,www.kaggle.com,,0
playground-series-s4e7,1,tabular,2024,Playground,8,description,https://www.kaggle.com/c/playground-series-s4e7/discussion/523486,www.kaggle.com,,0
playground-series-s4e7,1,tabular,2024,Playground,9,description,https://www.kaggle.com/c/playground-series-s4e7/discussion/523403,www.kaggle.com,,0
playground-series-s4e8,1,tabular,2024,Playground,1,description,https://www.kaggle.com/c/playground-series-s4e8/discussion/531823,www.kaggle.com,,1
playground-series-s4e8,1,tabular,2024,Playground,3,description,https://www.kaggle.com/c/playground-series-s4e8/discussion/523656,www.kaggle.com,,1
playground-series-s4e8,1,tabular,2024,Playground,6,description,https://www.kaggle.com/c/playground-series-s4e8/discussion/531330,www.kaggle.com,,0
playground-series-s4e8,1,tabular,2024,Playground,8,description,https://www.kaggle.com/c/playground-series-s4e8/discussion/531374,www.kaggle.com,,0
playground-series-s4e8,1,tabular,2024,Playground,10,description,https://www.kaggle.com/c/playground-series-s4e8/discussion/531424,www.kaggle.com,,0
playground-series-s4e8,1,tabular,2024,Playground,19,description,https://www.kaggle.com/c/playground-series-s4e8/discussion/531347,www.kaggle.com,,0
playground-series-s4e9,1,tabular,2024,Playground,1,description,https://www.kaggle.com/c/playground-series-s4e9/discussion/537052,www.kaggle.com,,1
playground-series-s4e9,1,tabular,2024,Playground,2,description,https://www.kaggle.com/c/playground-series-s4e9/discussion/537349,www.kaggle.com,,0
playground-series-s4e9,1,tabular,2024,Playground,3,description,https://www.kaggle.com/c/playground-series-s4e9/discussion/537029,www.kaggle.com,,0
playground-series-s4e9,1,tabular,2024,Playground,4,description,https://www.kaggle.com/c/playground-series-s4e9/discussion/536973,www.kaggle.com,,1
playground-series-s4e9,1,tabular,2024,Playground,5,description,https://www.kaggle.com/c/playground-series-s4e9/discussion/537173,www.kaggle.com,,0
playground-series-s5e1,1,tabular,2025,Playground,1,description,https://www.kaggle.com/c/playground-series-s5e1/discussion/560629,www.kaggle.com,,1
playground-series-s5e1,1,tabular,2025,Playground,2,description,https://www.kaggle.com/c/playground-series-s5e1/discussion/560549,www.kaggle.com,,1
playground-series-s5e1,1,tabular,2025,Playground,3,description,https://www.kaggle.com/c/playground-series-s5e1/discussion/560535,www.kaggle.com,,0
playground-series-s5e1,1,tabular,2025,Playground,4,description,https://www.kaggle.com/c/playground-series-s5e1/discussion/560692,www.kaggle.com,,0
playground-series-s5e1,1,tabular,2025,Playground,5,description,https://www.kaggle.com/c/playground-series-s5e1/discussion/560554,www.kaggle.com,,1
playground-series-s5e1,1,tabular,2025,Playground,6,description,https://www.kaggle.com/c/playground-series-s5e1/discussion/560653,www.kaggle.com,,0
playground-series-s5e1,1,tabular,2025,Playground,11,description,https://www.kaggle.com/c/playground-series-s5e1/discussion/560569,www.kaggle.com,,0
playground-series-s5e10,1,tabular,2025,Playground,1,description,https://www.kaggle.com/c/playground-series-s5e10/writeups/1st-place-i-think-it-was-genetic-programming,www.kaggle.com,,0
playground-series-s5e10,1,tabular,2025,Playground,3,description,https://www.kaggle.com/c/playground-series-s5e10/writeups/3rd-place-from-base-to-stacking-a-multilevel-ens,www.kaggle.com,,0
playground-series-s5e10,1,tabular,2025,Playground,4,description,https://www.kaggle.com/c/playground-series-s5e10/writeups/4th-place-residual-xgboost-meta-nn-hill-clim,www.kaggle.com,,0
playground-series-s5e10,1,tabular,2025,Playground,5,description,https://www.kaggle.com/c/playground-series-s5e10/writeups/5th-place-one-hundred-folds,www.kaggle.com,,0
playground-series-s5e10,1,tabular,2025,Playground,7,description,https://www.kaggle.com/c/playground-series-s5e10/writeups/7th-place-ridge,www.kaggle.com,,0
playground-series-s5e10,1,tabular,2025,Playground,8,description,https://www.kaggle.com/c/playground-series-s5e10/writeups/8th-place-solution-for-s5e10-predict-road-acciden,www.kaggle.com,,0
playground-series-s5e10,1,tabular,2025,Playground,14,description,https://www.kaggle.com/c/playground-series-s5e10/writeups/s5e10-14th-place-solution,www.kaggle.com,,0
playground-series-s5e11,1,tabular,2025,Playground,1,description,https://www.kaggle.com/c/playground-series-s5e11/writeups/1st-place-a-lot-of-features-a-lot-of-models-an,www.kaggle.com,,0
playground-series-s5e11,1,tabular,2025,Playground,2,description,https://www.kaggle.com/c/playground-series-s5e11/writeups/2nd-place-solution-7-models-but-1-was-also-enou,www.kaggle.com,,0
playground-series-s5e11,1,tabular,2025,Playground,4,description,https://www.kaggle.com/c/playground-series-s5e11/writeups/4th-place-solution,www.kaggle.com,,0
playground-series-s5e11,1,tabular,2025,Playground,5,description,https://www.kaggle.com/c/playground-series-s5e11/writeups/5th-place-solution-xgb-lgbm-tabm5seeds-ag,www.kaggle.com,,0
playground-series-s5e11,1,tabular,2025,Playground,6,description,https://www.kaggle.com/c/playground-series-s5e11/writeups/6-solution-ensembling-was-the-key,www.kaggle.com,,0
playground-series-s5e11,1,tabular,2025,Playground,8,description,https://www.kaggle.com/c/playground-series-s5e11/writeups/rank8-approach-trust-the-cv-score,www.kaggle.com,,0
playground-series-s5e11,1,tabular,2025,Playground,10,description,https://www.kaggle.com/c/playground-series-s5e11/writeups/a-10th-place-experiment,www.kaggle.com,,0
playground-series-s5e12,1,tabular,2025,Playground,1,description,https://www.kaggle.com/c/playground-series-s5e12/writeups/1st-place-solution-hill-climbing-ridge-ensembl,www.kaggle.com,,0
playground-series-s5e12,1,tabular,2025,Playground,2,description,https://www.kaggle.com/c/playground-series-s5e12/writeups/2nd-place-solution-winning-based-on-id-shift-an,www.kaggle.com,,0
playground-series-s5e12,1,tabular,2025,Playground,4,description,https://www.kaggle.com/c/playground-series-s5e12/writeups/add-tabm-for-diversity,www.kaggle.com,,0
playground-series-s5e2,1,tabular,2025,Playground,1,description,https://www.kaggle.com/c/playground-series-s5e2/discussion/565539,www.kaggle.com,,1
playground-series-s5e2,1,tabular,2025,Playground,2,description,https://www.kaggle.com/c/playground-series-s5e2/discussion/565542,www.kaggle.com,,1
playground-series-s5e2,1,tabular,2025,Playground,3,description,https://www.kaggle.com/c/playground-series-s5e2/discussion/565653,www.kaggle.com,,1
playground-series-s5e3,1,tabular,2025,Playground,2,description,https://www.kaggle.com/c/playground-series-s5e3/discussion/571176,www.kaggle.com,,1
playground-series-s5e3,1,tabular,2025,Playground,6,description,https://www.kaggle.com/c/playground-series-s5e3/discussion/571216,www.kaggle.com,,0
playground-series-s5e3,1,tabular,2025,Playground,18,description,https://www.kaggle.com/c/playground-series-s5e3/discussion/571021,www.kaggle.com,,1
playground-series-s5e3,1,tabular,2025,Playground,37,description,https://www.kaggle.com/c/playground-series-s5e3/discussion/571139,www.kaggle.com,,1
playground-series-s5e4,1,tabular,2025,Playground,1,description,https://www.kaggle.com/c/playground-series-s5e4/discussion/575784,www.kaggle.com,,1
playground-series-s5e4,1,tabular,2025,Playground,2,description,https://www.kaggle.com/c/playground-series-s5e4/discussion/575840,www.kaggle.com,,1
playground-series-s5e4,1,tabular,2025,Playground,3,description,https://www.kaggle.com/c/playground-series-s5e4/discussion/575862,www.kaggle.com,,1
playground-series-s5e4,1,tabular,2025,Playground,4,description,https://www.kaggle.com/c/playground-series-s5e4/discussion/575782,www.kaggle.com,,0
playground-series-s5e4,1,tabular,2025,Playground,5,description,https://www.kaggle.com/c/playground-series-s5e4/discussion/575839,www.kaggle.com,,1
playground-series-s5e4,1,tabular,2025,Playground,6,description,https://www.kaggle.com/c/playground-series-s5e4/discussion/575783,www.kaggle.com,,1
playground-series-s5e5,1,tabular,2025,Playground,1,description,https://www.kaggle.com/c/playground-series-s5e5/discussion/582611,www.kaggle.com,,1
playground-series-s5e5,1,tabular,2025,Playground,2,description,https://www.kaggle.com/c/playground-series-s5e5/discussion/582700,www.kaggle.com,,1
playground-series-s5e5,1,tabular,2025,Playground,3,description,https://www.kaggle.com/c/playground-series-s5e5/discussion/582848,www.kaggle.com,,0
playground-series-s5e5,1,tabular,2025,Playground,4,description,https://www.kaggle.com/c/playground-series-s5e5/discussion/582594,www.kaggle.com,,0
playground-series-s5e5,1,tabular,2025,Playground,5,description,https://www.kaggle.com/c/playground-series-s5e5/discussion/582564,www.kaggle.com,,0
playground-series-s5e5,1,tabular,2025,Playground,6,description,https://www.kaggle.com/c/playground-series-s5e5/discussion/582518,www.kaggle.com,,1
playground-series-s5e5,1,tabular,2025,Playground,7,description,https://www.kaggle.com/c/playground-series-s5e5/discussion/582591,www.kaggle.com,,1
playground-series-s5e5,1,tabular,2025,Playground,8,description,https://www.kaggle.com/c/playground-series-s5e5/discussion/582631,www.kaggle.com,,0
playground-series-s5e5,1,tabular,2025,Playground,9,description,https://www.kaggle.com/c/playground-series-s5e5/discussion/582596,www.kaggle.com,,0
playground-series-s5e5,1,tabular,2025,Playground,17,description,https://www.kaggle.com/c/playground-series-s5e5/discussion/582546,www.kaggle.com,,0
playground-series-s5e5,1,tabular,2025,Playground,22,description,https://www.kaggle.com/c/playground-series-s5e5/discussion/582604,www.kaggle.com,,0
playground-series-s5e5,1,tabular,2025,Playground,38,description,https://www.kaggle.com/c/playground-series-s5e5/discussion/582892,www.kaggle.com,,0
playground-series-s5e5,1,tabular,2025,Playground,40,description,https://www.kaggle.com/c/playground-series-s5e5/discussion/582556,www.kaggle.com,,0
playground-series-s5e5,1,tabular,2025,Playground,43,description,https://www.kaggle.com/c/playground-series-s5e5/discussion/582806,www.kaggle.com,,0
playground-series-s5e6,1,tabular,2025,Playground,1,description,https://www.kaggle.com/c/playground-series-s5e6/discussion/587393,www.kaggle.com,,1
playground-series-s5e6,1,tabular,2025,Playground,2,description,https://www.kaggle.com/c/playground-series-s5e6/discussion/587398,www.kaggle.com,,1
playground-series-s5e6,1,tabular,2025,Playground,3,description,https://www.kaggle.com/c/playground-series-s5e6/discussion/587464,www.kaggle.com,,1
playground-series-s5e6,1,tabular,2025,Playground,4,description,https://www.kaggle.com/c/playground-series-s5e6/discussion/587405,www.kaggle.com,,0
playground-series-s5e6,1,tabular,2025,Playground,5,description,https://www.kaggle.com/c/playground-series-s5e6/discussion/587392,www.kaggle.com,,1
playground-series-s5e6,1,tabular,2025,Playground,6,description,https://www.kaggle.com/c/playground-series-s5e6/discussion/587414,www.kaggle.com,,0
playground-series-s5e6,1,tabular,2025,Playground,7,description,https://www.kaggle.com/c/playground-series-s5e6/discussion/587573,www.kaggle.com,,0
playground-series-s5e6,1,tabular,2025,Playground,10,description,https://www.kaggle.com/c/playground-series-s5e6/discussion/587739,www.kaggle.com,,0
playground-series-s5e6,1,tabular,2025,Playground,21,description,https://www.kaggle.com/c/playground-series-s5e6/discussion/587409,www.kaggle.com,,0
playground-series-s5e6,1,tabular,2025,Playground,22,description,https://www.kaggle.com/c/playground-series-s5e6/discussion/587476,www.kaggle.com,,0
playground-series-s5e6,1,tabular,2025,Playground,28,description,https://www.kaggle.com/c/playground-series-s5e6/discussion/587391,www.kaggle.com,,0
playground-series-s5e7,1,tabular,2025,Playground,42,description,https://www.kaggle.com/c/playground-series-s5e7/writeups/3rd-place-solution-predict-the-introverts-from-the,www.kaggle.com,,0
playground-series-s5e8,1,tabular,2025,Playground,2,description,https://www.kaggle.com/c/playground-series-s5e8/writeups/2nd-place-yet-another-ensemble,www.kaggle.com,,0
playground-series-s5e8,1,tabular,2025,Playground,3,description,https://www.kaggle.com/c/playground-series-s5e8/writeups/3rd-place-solution-oof-stacking-autogluon,www.kaggle.com,,0
playground-series-s5e8,1,tabular,2025,Playground,4,description,https://www.kaggle.com/c/playground-series-s5e8/writeups/4th-place-solution,www.kaggle.com,,0
playground-series-s5e8,1,tabular,2025,Playground,5,description,https://www.kaggle.com/c/playground-series-s5e8/writeups/rank-3-public-rank-5-private-approach,www.kaggle.com,,0
playground-series-s5e8,1,tabular,2025,Playground,6,description,https://www.kaggle.com/c/playground-series-s5e8/writeups/6th-place-solution-oof-stacking-with-lgbm,www.kaggle.com,,0
playground-series-s5e8,1,tabular,2025,Playground,8,description,https://www.kaggle.com/c/playground-series-s5e8/writeups/8th-place-hill-climb-selected-meta-learners,www.kaggle.com,,0
playground-series-s5e8,1,tabular,2025,Playground,10,description,https://www.kaggle.com/c/playground-series-s5e8/writeups/10th-place-node-neural-oblivious-decision-ensemble,www.kaggle.com,,0
playground-series-s5e8,1,tabular,2025,Playground,11,description,https://www.kaggle.com/c/playground-series-s5e8/writeups/11th-place-solution-autogluon-with-two-feature-set,www.kaggle.com,,0
playground-series-s5e8,1,tabular,2025,Playground,12,description,https://www.kaggle.com/c/playground-series-s5e8/writeups/12th-place-solution-stacking-with-xgb-and-nn,www.kaggle.com,,0
playground-series-s5e8,1,tabular,2025,Playground,15,description,https://www.kaggle.com/c/playground-series-s5e8/writeups/15-solution-try-genetic-programming-features,www.kaggle.com,,0
playground-series-s5e8,1,tabular,2025,Playground,17,description,https://www.kaggle.com/c/playground-series-s5e8/writeups/17-place-solution,www.kaggle.com,,0
playground-series-s5e8,1,tabular,2025,Playground,19,description,https://www.kaggle.com/c/playground-series-s5e8/writeups/19th-place-solution-108-oofs-blending-with-ridgecv,www.kaggle.com,,0
playground-series-s5e8,1,tabular,2025,Playground,21,description,https://www.kaggle.com/c/playground-series-s5e8/writeups/21st-place-solution,www.kaggle.com,,0
playground-series-s5e8,1,tabular,2025,Playground,25,description,https://www.kaggle.com/c/playground-series-s5e8/writeups/top25,www.kaggle.com,,0
playground-series-s5e9,1,tabular,2025,Playground,26,description,https://www.kaggle.com/c/playground-series-s5e9/writeups/26th-place-fe-pseudo-labels-residuals,www.kaggle.com,,0
playground-series-s6e1,1,tabular,2026,Playground,1,description,https://www.kaggle.com/c/playground-series-s6e1/writeups/1st-place-ive-ran-out-of-catchy-phrases-v,www.kaggle.com,,0
playground-series-s6e1,1,tabular,2026,Playground,2,description,https://www.kaggle.com/c/playground-series-s6e1/writeups/2nd-place-nns-sometimes-work-better-than-gbms,www.kaggle.com,,0
playground-series-s6e1,1,tabular,2026,Playground,3,description,https://www.kaggle.com/c/playground-series-s6e1/writeups/3rd-place-135-oofs,www.kaggle.com,,0
playground-series-s6e1,1,tabular,2026,Playground,4,description,https://www.kaggle.com/c/playground-series-s6e1/writeups/first-loser-aka-4th-place,www.kaggle.com,,0
playground-series-s6e1,1,tabular,2026,Playground,5,description,https://www.kaggle.com/c/playground-series-s6e1/writeups/5th-place-feature-driven-diversity-and-iterative-e,www.kaggle.com,,0
playground-series-s6e1,1,tabular,2026,Playground,6,description,https://www.kaggle.com/c/playground-series-s6e1/writeups/6th-place-a-lot-of-features-a-lot-of-ensembling,www.kaggle.com,,0
playground-series-s6e1,1,tabular,2026,Playground,7,description,https://www.kaggle.com/c/playground-series-s6e1/writeups/private-7-diversity-ensemble-and-cv-trust,www.kaggle.com,,0
playground-series-s6e1,1,tabular,2026,Playground,13,description,https://www.kaggle.com/c/playground-series-s6e1/writeups/13th-place-diversityslop,www.kaggle.com,,0
playground-series-s6e1,1,tabular,2026,Playground,14,description,https://www.kaggle.com/c/playground-series-s6e1/writeups/rank14-approach-grand-blend-of-diverse-models,www.kaggle.com,,0
playground-series-s6e1,1,tabular,2026,Playground,15,description,https://www.kaggle.com/c/playground-series-s6e1/writeups/1st-contest-15th-place,www.kaggle.com,,0
playground-series-s6e2,1,tabular,2026,Playground,1,description,https://www.kaggle.com/c/playground-series-s6e2/writeups/1st-place-solution-diversity-selection-and-t,www.kaggle.com,,0
playground-series-s6e2,1,tabular,2026,Playground,2,description,https://www.kaggle.com/c/playground-series-s6e2/writeups/2nd-place-solution-avoid-leaks-and-overfitting,www.kaggle.com,,0
playground-series-s6e2,1,tabular,2026,Playground,3,description,https://www.kaggle.com/c/playground-series-s6e2/writeups/3rd-place-solution,www.kaggle.com,,0
playground-series-s6e2,1,tabular,2026,Playground,4,description,https://www.kaggle.com/c/playground-series-s6e2/writeups/4th-place-solution,www.kaggle.com,,0
playground-series-s6e2,1,tabular,2026,Playground,8,description,https://www.kaggle.com/c/playground-series-s6e2/writeups/8th-place-ensemble-and-trustcv,www.kaggle.com,,0
playground-series-s6e2,1,tabular,2026,Playground,10,description,https://www.kaggle.com/c/playground-series-s6e2/writeups/10th-rank-solution-playground-series-s6e2,www.kaggle.com,,0
playground-series-s6e2,1,tabular,2026,Playground,12,description,https://www.kaggle.com/c/playground-series-s6e2/writeups/top-12-finish-2-score-wise,www.kaggle.com,,0
playground-series-s6e2,1,tabular,2026,Playground,15,description,https://www.kaggle.com/c/playground-series-s6e2/writeups/15th-place-solution,www.kaggle.com,,0
playground-series-s6e2,1,tabular,2026,Playground,16,description,https://www.kaggle.com/c/playground-series-s6e2/writeups/16th-place-solution-trust-your-cv,www.kaggle.com,,0
playground-series-s6e2,1,tabular,2026,Playground,20,description,https://www.kaggle.com/c/playground-series-s6e2/writeups/20th-place-solution-private-0-95533-ridge-stac,www.kaggle.com,,0
playground-series-s6e2,1,tabular,2026,Playground,22,description,https://www.kaggle.com/c/playground-series-s6e2/writeups/22nd-place-nns-again-better-than-gbms,www.kaggle.com,,0
playground-series-s6e2,1,tabular,2026,Playground,25,description,https://www.kaggle.com/c/playground-series-s6e2/writeups/25th-place-solution,www.kaggle.com,,0
playground-series-s6e2,1,tabular,2026,Playground,35,description,https://www.kaggle.com/c/playground-series-s6e2/writeups/35-place-time-for-a-write-up,www.kaggle.com,,0
playground-series-s6e2,1,tabular,2026,Playground,43,description,https://www.kaggle.com/c/playground-series-s6e2/writeups/43-solution-catboost-realmlp,www.kaggle.com,,0
playground-series-s6e2,1,tabular,2026,Playground,44,description,https://www.kaggle.com/c/playground-series-s6e2/writeups/44th-place-simple-as-slime,www.kaggle.com,,0
playground-series-s6e3,1,tabular,2026,Playground,1,description,https://www.kaggle.com/c/playground-series-s6e3/writeups/1st-place-gpt5-4-gemini3-1-claudeopus4-6-kgm,www.kaggle.com,,0
playground-series-s6e3,1,tabular,2026,Playground,3,description,https://www.kaggle.com/c/playground-series-s6e3/writeups/3rd-place-solution-an-ensemble-of-100-oofs,www.kaggle.com,,0
playground-series-s6e3,1,tabular,2026,Playground,5,description,https://www.kaggle.com/c/playground-series-s6e3/writeups/5th-place-solution-149-models-6-meta-models,www.kaggle.com,,0
playground-series-s6e3,1,tabular,2026,Playground,9,description,https://www.kaggle.com/c/playground-series-s6e3/writeups/9th-place-solution,www.kaggle.com,,0
playground-series-s6e3,1,tabular,2026,Playground,16,description,https://www.kaggle.com/c/playground-series-s6e3/writeups/16th-place-solution-ridge-ensembling,www.kaggle.com,,0
playground-series-s6e3,1,tabular,2026,Playground,17,description,https://www.kaggle.com/c/playground-series-s6e3/writeups/17th-place-solution,www.kaggle.com,,0
playground-series-s6e3,1,tabular,2026,Playground,18,description,https://www.kaggle.com/c/playground-series-s6e3/writeups/18th-place-many-oofs-neural-networks-over-gbdts,www.kaggle.com,,0
playground-series-s6e3,1,tabular,2026,Playground,21,description,https://www.kaggle.com/c/playground-series-s6e3/writeups/21st-place-solution-final-blend-selection-with-ri,www.kaggle.com,,0
playground-series-s6e3,1,tabular,2026,Playground,22,description,https://www.kaggle.com/c/playground-series-s6e3/writeups/22nd-place-solution,www.kaggle.com,,0
playground-series-s6e3,1,tabular,2026,Playground,34,description,https://www.kaggle.com/c/playground-series-s6e3/writeups/34th-place-solution-ridge-multi-view-ensemble,www.kaggle.com,,0
playground-series-s6e3,1,tabular,2026,Playground,38,description,https://www.kaggle.com/c/playground-series-s6e3/writeups/rank-38-approach,www.kaggle.com,,0
playground-series-s6e4,1,tabular,2026,Playground,1,description,https://www.kaggle.com/c/playground-series-s6e4/writeups/1st-place-one-vs-rest-approach,www.kaggle.com,,0
playground-series-s6e4,1,tabular,2026,Playground,2,description,https://www.kaggle.com/c/playground-series-s6e4/writeups/2nd-place-claude-code-and-codex-gpu-logreg,www.kaggle.com,,0
playground-series-s6e4,1,tabular,2026,Playground,3,description,https://www.kaggle.com/c/playground-series-s6e4/writeups/error-diversity-matters-200-model-stacking-soluti,www.kaggle.com,,0
playground-series-s6e4,1,tabular,2026,Playground,4,description,https://www.kaggle.com/c/playground-series-s6e4/writeups/4th-place-more-ensemblers-than-models,www.kaggle.com,,0
playground-series-s6e4,1,tabular,2026,Playground,5,description,https://www.kaggle.com/c/playground-series-s6e4/writeups/5th-place-solution-writeup-ai-for-large-scale-ex,www.kaggle.com,,0
playground-series-s6e4,1,tabular,2026,Playground,12,description,https://www.kaggle.com/c/playground-series-s6e4/writeups/12th-place-solution-stacked-ensemble-with-ordered,www.kaggle.com,,0
playground-series-s6e4,1,tabular,2026,Playground,19,description,https://www.kaggle.com/c/playground-series-s6e4/writeups/19nd-place-ensemble-of-29-models,www.kaggle.com,,0
playground-series-s6e4,1,tabular,2026,Playground,24,description,https://www.kaggle.com/c/playground-series-s6e4/writeups/24th-place-a-heavy-stacking-approach-with-166-oof,www.kaggle.com,,0
playground-series-s6e4,1,tabular,2026,Playground,30,description,https://www.kaggle.com/c/playground-series-s6e4/writeups/ps-s6e4-retrospective-42-rank-jump-to-top-0-7,www.kaggle.com,,0
playground-series-s6e5,1,tabular,2026,Playground,1,description,https://www.kaggle.com/c/playground-series-s6e5/writeups/1st-place-by-the-skin-of-my-teeth,www.kaggle.com,,0
playground-series-s6e5,1,tabular,2026,Playground,2,description,https://www.kaggle.com/c/playground-series-s6e5/writeups/2nd-place-autonomous-codex-yolo,www.kaggle.com,,0
playground-series-s6e5,1,tabular,2026,Playground,4,description,https://www.kaggle.com/c/playground-series-s6e5/writeups/4th-place-5-day-rush,www.kaggle.com,,0
playground-series-s6e5,1,tabular,2026,Playground,5,description,https://www.kaggle.com/c/playground-series-s6e5/writeups/5th-place-solution-a-99-model-logit-stack,www.kaggle.com,,0
playground-series-s6e5,1,tabular,2026,Playground,7,description,https://www.kaggle.com/c/playground-series-s6e5/writeups/7th-place-solution,www.kaggle.com,,0
playground-series-s6e5,1,tabular,2026,Playground,8,description,https://www.kaggle.com/c/playground-series-s6e5/writeups/l5-ensemble,www.kaggle.com,,0
playground-series-s6e5,1,tabular,2026,Playground,10,description,https://www.kaggle.com/c/playground-series-s6e5/writeups/stacking-stacked-predictions,www.kaggle.com,,0
playground-series-s6e5,1,tabular,2026,Playground,11,description,https://www.kaggle.com/c/playground-series-s6e5/writeups/11th-place-in-the-midst-of-entrance-exams,www.kaggle.com,,0
playground-series-s6e5,1,tabular,2026,Playground,17,description,https://www.kaggle.com/c/playground-series-s6e5/writeups/rank17-approach-diverse-models-and-blend,www.kaggle.com,,0
playground-series-s6e6,1,tabular,2026,Playground,1,description,https://www.kaggle.com/c/playground-series-s6e6/writeups/1st-place-mission-300-accomplished,www.kaggle.com,,0
playground-series-s6e6,1,tabular,2026,Playground,6,description,https://www.kaggle.com/c/playground-series-s6e6/writeups/6th-place-solution-trusting-the-oof-plateau,www.kaggle.com,,0
playground-series-s6e6,1,tabular,2026,Playground,8,description,https://www.kaggle.com/c/playground-series-s6e6/writeups/8th-place-solution,www.kaggle.com,,0
playground-series-s6e6,1,tabular,2026,Playground,9,description,https://www.kaggle.com/c/playground-series-s6e6/writeups/9th-place-solution,www.kaggle.com,,0
playground-series-s6e6,1,tabular,2026,Playground,12,description,https://www.kaggle.com/c/playground-series-s6e6/writeups/12th-place,www.kaggle.com,,0
playground-series-s6e6,1,tabular,2026,Playground,22,description,https://www.kaggle.com/c/playground-series-s6e6/writeups/22nd-place-solution,www.kaggle.com,,0
playground-series-s6e6,1,tabular,2026,Playground,23,description,https://www.kaggle.com/c/playground-series-s6e6/writeups/23rd-private-merci-chris-deotte,www.kaggle.com,,0
playground-series-s6e6,1,tabular,2026,Playground,24,description,https://www.kaggle.com/c/playground-series-s6e6/writeups/24th-place-solution,www.kaggle.com,,0
playground-series-s6e6,1,tabular,2026,Playground,25,description,https://www.kaggle.com/c/playground-series-s6e6/writeups/25th-place-my-public-starter-notebook,www.kaggle.com,,0
playground-series-s6e6,1,tabular,2026,Playground,26,description,https://www.kaggle.com/c/playground-series-s6e6/writeups/26th-place-writeup-predicting-stellar-class,www.kaggle.com,,0
playground-series-s6e6,1,tabular,2026,Playground,31,description,https://www.kaggle.com/c/playground-series-s6e6/writeups/31st-place-first-time-in-100,www.kaggle.com,,0
playground-series-s6e6,1,tabular,2026,Playground,33,description,https://www.kaggle.com/c/playground-series-s6e6/writeups/33rd-place-solution,www.kaggle.com,,0
playground-series-s6e6,1,tabular,2026,Playground,42,description,https://www.kaggle.com/c/playground-series-s6e6/writeups/blending-with-quasi-mc-and-tpe,www.kaggle.com,,0
playground-series-s6e6,1,tabular,2026,Playground,45,description,https://www.kaggle.com/c/playground-series-s6e6/writeups/45th-place-catboost-stacker-paired-with-mlp-embed,www.kaggle.com,,0
playground-series-s6e7,1,tabular,2026,Playground,2,description,https://www.kaggle.com/c/playground-series-s6e7/writeups/2nd-place-solution,www.kaggle.com,,0
playground-series-s6e7,1,tabular,2026,Playground,4,description,https://www.kaggle.com/c/playground-series-s6e7/writeups/4th-place-from-414-to-4-trusting-oof-when-the,www.kaggle.com,,0
playground-series-s6e7,1,tabular,2026,Playground,11,description,https://www.kaggle.com/c/playground-series-s6e7/writeups/rank11-approach,www.kaggle.com,,0
playground-series-s6e7,1,tabular,2026,Playground,29,description,https://www.kaggle.com/c/playground-series-s6e7/writeups/29th-place-ft-transformer-exact-value-target-en,www.kaggle.com,,0
playground-series-s6e7,1,tabular,2026,Playground,36,description,https://www.kaggle.com/c/playground-series-s6e7/writeups/pss6e7-cv-blending,www.kaggle.com,,0
playground-series-s6e8,1,tabular,2026,Playground,1,description,https://www.kaggle.com/c/playground-series-s6e8/writeups/1st-place-distributed-intelligence-nvidia-infe,www.kaggle.com,,0
playground-series-s6e8,1,tabular,2026,Playground,2,description,https://www.kaggle.com/c/playground-series-s6e8/writeups/2nd-place-solution,www.kaggle.com,,0
playground-series-s6e8,1,tabular,2026,Playground,7,description,https://www.kaggle.com/c/playground-series-s6e8/writeups/7th-place-many-models-one-simple-stack,www.kaggle.com,,0
playground-series-s6e8,1,tabular,2026,Playground,14,description,https://www.kaggle.com/c/playground-series-s6e8/writeups/14th-place-278-shared-oof-sets-36-own-models,www.kaggle.com,,0
playground-series-s6e8,1,tabular,2026,Playground,25,description,https://www.kaggle.com/c/playground-series-s6e8/writeups/public-18-private-25-approach,www.kaggle.com,,0
playground-series-s6e9,1,tabular,2026,Playground,1,description,https://www.kaggle.com/c/playground-series-s6e9/writeups/1st-place-the-ai-relay,www.kaggle.com,,0
playground-series-s6e9,1,tabular,2026,Playground,2,description,https://www.kaggle.com/c/playground-series-s6e9/writeups/2nd-place-solution,www.kaggle.com,,0
playground-series-s6e9,1,tabular,2026,Playground,3,description,https://www.kaggle.com/c/playground-series-s6e9/writeups/3rd-place-solution-feature-engineering-and-logis,www.kaggle.com,,0
playground-series-s6e9,1,tabular,2026,Playground,6,description,https://www.kaggle.com/c/playground-series-s6e9/writeups/6th-place-solution-ps6e9,www.kaggle.com,,0
playground-series-s6e9,1,tabular,2026,Playground,8,description,https://www.kaggle.com/c/playground-series-s6e9/writeups/8th-place-solution,www.kaggle.com,,0
playground-series-s6e9,1,tabular,2026,Playground,9,description,https://www.kaggle.com/c/playground-series-s6e9/writeups/9th-place-solution,www.kaggle.com,,0
playground-series-s6e9,1,tabular,2026,Playground,10,description,https://www.kaggle.com/c/playground-series-s6e9/writeups/10th-place-solution,www.kaggle.com,,0
playground-series-s6e9,1,tabular,2026,Playground,12,description,https://www.kaggle.com/c/playground-series-s6e9/writeups/rank12-approach,www.kaggle.com,,0
playground-series-s6e9,1,tabular,2026,Playground,13,description,https://www.kaggle.com/c/playground-series-s6e9/writeups/13th-place-solution,www.kaggle.com,,0
playground-series-s6e9,1,tabular,2026,Playground,20,description,https://www.kaggle.com/c/playground-series-s6e9/writeups/20th-place-solution-gpt2-income-tokens,www.kaggle.com,,0
predict-energy-behavior-of-prosumers,1,tabular,2024,Featured,1,description,https://www.kaggle.com/c/predict-energy-behavior-of-prosumers/discussion/472793,www.kaggle.com,,1
predict-energy-behavior-of-prosumers,1,tabular,2024,Featured,5,description,https://www.kaggle.com/c/predict-energy-behavior-of-prosumers/discussion/499938,www.kaggle.com,,1
predict-energy-behavior-of-prosumers,1,tabular,2024,Featured,6,description,https://www.kaggle.com/c/predict-energy-behavior-of-prosumers/discussion/499397,www.kaggle.com,,0
predict-energy-behavior-of-prosumers,1,tabular,2024,Featured,7,description,https://www.kaggle.com/c/predict-energy-behavior-of-prosumers/discussion/499649,www.kaggle.com,,0
predict-energy-behavior-of-prosumers,1,tabular,2024,Featured,11,description,https://www.kaggle.com/c/predict-energy-behavior-of-prosumers/discussion/472537,www.kaggle.com,,1
predict-energy-behavior-of-prosumers,1,tabular,2024,Featured,13,description,https://www.kaggle.com/c/predict-energy-behavior-of-prosumers/discussion/499364,www.kaggle.com,,1
predict-energy-behavior-of-prosumers,1,tabular,2024,Featured,26,description,https://www.kaggle.com/c/predict-energy-behavior-of-prosumers/discussion/499475,www.kaggle.com,,0
predict-energy-behavior-of-prosumers,1,tabular,2024,Featured,37,description,https://www.kaggle.com/c/predict-energy-behavior-of-prosumers/discussion/499358,www.kaggle.com,,0
predict-energy-behavior-of-prosumers,1,tabular,2024,Featured,39,description,https://www.kaggle.com/c/predict-energy-behavior-of-prosumers/discussion/472598,www.kaggle.com,,0
predict-student-performance-from-game-play,1,tabular,2023,Featured,1,description,https://www.kaggle.com/c/predict-student-performance-from-game-play/discussion/420217,www.kaggle.com,,1
predict-student-performance-from-game-play,1,tabular,2023,Featured,3,description,https://www.kaggle.com/c/predict-student-performance-from-game-play/discussion/420235,www.kaggle.com,,0
predict-student-performance-from-game-play,1,tabular,2023,Featured,4,description,https://www.kaggle.com/c/predict-student-performance-from-game-play/discussion/420349,www.kaggle.com,,1
predict-student-performance-from-game-play,1,tabular,2023,Featured,7,description,https://www.kaggle.com/c/predict-student-performance-from-game-play/discussion/420119,www.kaggle.com,,1
predict-student-performance-from-game-play,1,tabular,2023,Featured,8,description,https://www.kaggle.com/c/predict-student-performance-from-game-play/discussion/420528,www.kaggle.com,,0
predict-student-performance-from-game-play,1,tabular,2023,Featured,9,description,https://www.kaggle.com/c/predict-student-performance-from-game-play/discussion/420046,www.kaggle.com,,1
predict-student-performance-from-game-play,1,tabular,2023,Featured,10,description,https://www.kaggle.com/c/predict-student-performance-from-game-play/discussion/420132,www.kaggle.com,,0
predict-student-performance-from-game-play,1,tabular,2023,Featured,13,description,https://www.kaggle.com/c/predict-student-performance-from-game-play/discussion/420077,www.kaggle.com,,1
predict-student-performance-from-game-play,1,tabular,2023,Featured,14,description,https://www.kaggle.com/c/predict-student-performance-from-game-play/discussion/420041,www.kaggle.com,,0
predict-student-performance-from-game-play,1,tabular,2023,Featured,44,description,https://www.kaggle.com/c/predict-student-performance-from-game-play/discussion/420158,www.kaggle.com,,0
smartphone-decimeter-2022,1,tabular,2022,Research,1,description,https://www.kaggle.com/c/smartphone-decimeter-2022/discussion/341111,www.kaggle.com,,1
smartphone-decimeter-2022,1,tabular,2022,Research,3,description,https://www.kaggle.com/c/smartphone-decimeter-2022/discussion/341305,www.kaggle.com,,1
smartphone-decimeter-2022,1,tabular,2022,Research,5,description,https://www.kaggle.com/c/smartphone-decimeter-2022/discussion/340692,www.kaggle.com,,1
smartphone-decimeter-2022,1,tabular,2022,Research,6,description,https://www.kaggle.com/c/smartphone-decimeter-2022/discussion/341226,www.kaggle.com,,1
smartphone-decimeter-2022,1,tabular,2022,Research,11,description,https://www.kaggle.com/c/smartphone-decimeter-2022/discussion/340698,www.kaggle.com,,0
smartphone-decimeter-2022,1,tabular,2022,Research,11,description,https://www.kaggle.com/c/smartphone-decimeter-2022/discussion/341088,www.kaggle.com,,0
smartphone-decimeter-2022,1,tabular,2022,Research,15,description,https://www.kaggle.com/c/smartphone-decimeter-2022/discussion/341172,www.kaggle.com,,0
smartphone-decimeter-2022,1,tabular,2022,Research,16,description,https://www.kaggle.com/c/smartphone-decimeter-2022/discussion/340597,www.kaggle.com,,0
smartphone-decimeter-2022,1,tabular,2022,Research,27,description,https://www.kaggle.com/c/smartphone-decimeter-2022/discussion/340693,www.kaggle.com,,0
smartphone-decimeter-2022,1,tabular,2022,Research,36,code,https://www.kaggle.com/c/smartphone-decimeter-2022/discussion/340724,www.kaggle.com,,0
smartphone-decimeter-2022,1,tabular,2022,Research,39,description,https://www.kaggle.com/c/smartphone-decimeter-2022/discussion/340598,www.kaggle.com,,0
smartphone-decimeter-2022,1,tabular,2022,Research,43,description,https://www.kaggle.com/c/smartphone-decimeter-2022/discussion/340663,www.kaggle.com,,0
tabular-playground-series-apr-2022,1,tabular,2022,Playground,1,description,https://www.kaggle.com/c/tabular-playground-series-apr-2022/discussion/322259,www.kaggle.com,,1
tabular-playground-series-apr-2022,1,tabular,2022,Playground,2,description,https://www.kaggle.com/c/tabular-playground-series-apr-2022/discussion/322257,www.kaggle.com,,1
tabular-playground-series-apr-2022,1,tabular,2022,Playground,3,description,https://www.kaggle.com/c/tabular-playground-series-apr-2022/discussion/322269,www.kaggle.com,,1
tabular-playground-series-apr-2022,1,tabular,2022,Playground,4,description,https://www.kaggle.com/c/tabular-playground-series-apr-2022/discussion/322558,www.kaggle.com,,0
tabular-playground-series-apr-2022,1,tabular,2022,Playground,5,description,https://www.kaggle.com/c/tabular-playground-series-apr-2022/discussion/322277,www.kaggle.com,,1
tabular-playground-series-apr-2022,1,tabular,2022,Playground,6,description,https://www.kaggle.com/c/tabular-playground-series-apr-2022/discussion/322622,www.kaggle.com,,1
tabular-playground-series-aug-2022,1,tabular,2022,Playground,9,code,https://www.kaggle.com/c/tabular-playground-series-aug-2022/discussion/349297,www.kaggle.com,,0
tabular-playground-series-aug-2022,1,tabular,2022,Playground,14,description,https://www.kaggle.com/c/tabular-playground-series-aug-2022/discussion/349810,www.kaggle.com,,1
tabular-playground-series-aug-2022,1,tabular,2022,Playground,17,description,https://www.kaggle.com/c/tabular-playground-series-aug-2022/discussion/349541,www.kaggle.com,,1
tabular-playground-series-dec-2021,1,tabular,2021,Playground,2,description,https://www.kaggle.com/c/tabular-playground-series-dec-2021/discussion/298304,www.kaggle.com,,1
tabular-playground-series-feb-2022,1,tabular,2022,Playground,1,description,https://www.kaggle.com/c/tabular-playground-series-feb-2022/discussion/310359,www.kaggle.com,,1
tabular-playground-series-feb-2022,1,tabular,2022,Playground,2,description,https://www.kaggle.com/c/tabular-playground-series-feb-2022/discussion/310367,www.kaggle.com,,1
tabular-playground-series-jan-2022,1,tabular,2022,Playground,1,code,https://www.kaggle.com/c/tabular-playground-series-jan-2022/discussion/304355,www.kaggle.com,,1
tabular-playground-series-jan-2022,1,tabular,2022,Playground,5,code,https://www.kaggle.com/c/tabular-playground-series-jan-2022/discussion/304369,www.kaggle.com,,0
tabular-playground-series-jan-2022,1,tabular,2022,Playground,16,code,https://www.kaggle.com/c/tabular-playground-series-jan-2022/discussion/304413,www.kaggle.com,,1
tabular-playground-series-jan-2022,1,tabular,2022,Playground,40,description,https://www.kaggle.com/c/tabular-playground-series-jan-2022/discussion/304353,www.kaggle.com,,1
tabular-playground-series-jul-2022,1,tabular,2022,Playground,1,description,https://www.kaggle.com/c/tabular-playground-series-jul-2022/discussion/341023,www.kaggle.com,,1
tabular-playground-series-jun-2022,1,tabular,2022,Playground,1,description,https://www.kaggle.com/c/tabular-playground-series-jun-2022/discussion/334331,www.kaggle.com,,1
tabular-playground-series-jun-2022,1,tabular,2022,Playground,2,description,https://www.kaggle.com/c/tabular-playground-series-jun-2022/discussion/334319,www.kaggle.com,,1
tabular-playground-series-jun-2022,1,tabular,2022,Playground,4,description,https://www.kaggle.com/c/tabular-playground-series-jun-2022/discussion/334497,www.kaggle.com,,1
tabular-playground-series-jun-2022,1,tabular,2022,Playground,8,description,https://www.kaggle.com/c/tabular-playground-series-jun-2022/discussion/334567,www.kaggle.com,,0
tabular-playground-series-jun-2022,1,tabular,2022,Playground,16,description,https://www.kaggle.com/c/tabular-playground-series-jun-2022/discussion/334358,www.kaggle.com,,0
tabular-playground-series-jun-2022,1,tabular,2022,Playground,17,description,https://www.kaggle.com/c/tabular-playground-series-jun-2022/discussion/334343,www.kaggle.com,,0
tabular-playground-series-mar-2022,1,tabular,2022,Playground,1,description,https://www.kaggle.com/c/tabular-playground-series-mar-2022/discussion/316271,www.kaggle.com,,1
tabular-playground-series-mar-2022,1,tabular,2022,Playground,3,description,https://www.kaggle.com/c/tabular-playground-series-mar-2022/discussion/317661,www.kaggle.com,,1
tabular-playground-series-may-2022,1,tabular,2022,Playground,1,description,https://www.kaggle.com/c/tabular-playground-series-may-2022/discussion/328336,www.kaggle.com,,1
tabular-playground-series-may-2022,1,tabular,2022,Playground,4,description,https://www.kaggle.com/c/tabular-playground-series-may-2022/discussion/328441,www.kaggle.com,,1
tabular-playground-series-may-2022,1,tabular,2022,Playground,5,description,https://www.kaggle.com/c/tabular-playground-series-may-2022/discussion/328553,www.kaggle.com,,1
tabular-playground-series-nov-2021,1,tabular,2021,Playground,1,description,https://www.kaggle.com/c/tabular-playground-series-nov-2021/discussion/291883,www.kaggle.com,,1
tabular-playground-series-nov-2021,1,tabular,2021,Playground,2,description,https://www.kaggle.com/c/tabular-playground-series-nov-2021/discussion/291903,www.kaggle.com,,0
tabular-playground-series-nov-2021,1,tabular,2021,Playground,3,code,https://www.kaggle.com/c/tabular-playground-series-nov-2021/discussion/291766,www.kaggle.com,,1
tabular-playground-series-nov-2021,1,tabular,2021,Playground,5,description,https://www.kaggle.com/c/tabular-playground-series-nov-2021/discussion/291846,www.kaggle.com,,0
tabular-playground-series-nov-2022,1,tabular,2022,Playground,1,description,https://www.kaggle.com/c/tabular-playground-series-nov-2022/discussion/369674,www.kaggle.com,,1
tabular-playground-series-nov-2022,1,tabular,2022,Playground,3,description,https://www.kaggle.com/c/tabular-playground-series-nov-2022/discussion/370126,www.kaggle.com,,1
tabular-playground-series-nov-2022,1,tabular,2022,Playground,7,description,https://www.kaggle.com/c/tabular-playground-series-nov-2022/discussion/369731,www.kaggle.com,,1
tabular-playground-series-oct-2021,1,tabular,2021,Playground,1,description,https://www.kaggle.com/c/tabular-playground-series-oct-2021/discussion/284511,www.kaggle.com,,0
tabular-playground-series-oct-2021,1,tabular,2021,Playground,3,description,https://www.kaggle.com/c/tabular-playground-series-oct-2021/discussion/284594,www.kaggle.com,,1
tabular-playground-series-oct-2021,1,tabular,2021,Playground,4,code,https://www.kaggle.com/c/tabular-playground-series-oct-2021/discussion/284560,www.kaggle.com,,1
tabular-playground-series-oct-2021,1,tabular,2021,Playground,9,description,https://www.kaggle.com/c/tabular-playground-series-oct-2021/discussion/284492,www.kaggle.com,,1
tabular-playground-series-sep-2022,1,tabular,2022,Playground,2,description,https://www.kaggle.com/c/tabular-playground-series-sep-2022/discussion/356746,www.kaggle.com,,1
tabular-playground-series-sep-2022,1,tabular,2022,Playground,3,description,https://www.kaggle.com/c/tabular-playground-series-sep-2022/discussion/356643,www.kaggle.com,,1
tlvmc-parkinsons-freezing-gait-prediction,1,tabular,2023,Research,1,description,https://www.kaggle.com/c/tlvmc-parkinsons-freezing-gait-prediction/discussion/416026,www.kaggle.com,,1
tlvmc-parkinsons-freezing-gait-prediction,1,tabular,2023,Research,2,description,https://www.kaggle.com/c/tlvmc-parkinsons-freezing-gait-prediction/discussion/416057,www.kaggle.com,,1
tlvmc-parkinsons-freezing-gait-prediction,1,tabular,2023,Research,3,description,https://www.kaggle.com/c/tlvmc-parkinsons-freezing-gait-prediction/discussion/417717,www.kaggle.com,,0
tlvmc-parkinsons-freezing-gait-prediction,1,tabular,2023,Research,4,description,https://www.kaggle.com/c/tlvmc-parkinsons-freezing-gait-prediction/discussion/416410,www.kaggle.com,,1
tlvmc-parkinsons-freezing-gait-prediction,1,tabular,2023,Research,5,description,https://www.kaggle.com/c/tlvmc-parkinsons-freezing-gait-prediction/discussion/418275,www.kaggle.com,,0
tlvmc-parkinsons-freezing-gait-prediction,1,tabular,2023,Research,6,description,https://www.kaggle.com/c/tlvmc-parkinsons-freezing-gait-prediction/discussion/415992,www.kaggle.com,,1
tlvmc-parkinsons-freezing-gait-prediction,1,tabular,2023,Research,8,description,https://www.kaggle.com/c/tlvmc-parkinsons-freezing-gait-prediction/discussion/416021,www.kaggle.com,,0
tlvmc-parkinsons-freezing-gait-prediction,1,tabular,2023,Research,10,description,https://www.kaggle.com/c/tlvmc-parkinsons-freezing-gait-prediction/discussion/416513,www.kaggle.com,,0
tlvmc-parkinsons-freezing-gait-prediction,1,tabular,2023,Research,11,description,https://www.kaggle.com/c/tlvmc-parkinsons-freezing-gait-prediction/discussion/418008,www.kaggle.com,,0
tlvmc-parkinsons-freezing-gait-prediction,1,tabular,2023,Research,12,description,https://www.kaggle.com/c/tlvmc-parkinsons-freezing-gait-prediction/discussion/416248,www.kaggle.com,,0
tlvmc-parkinsons-freezing-gait-prediction,1,tabular,2023,Research,20,description,https://www.kaggle.com/c/tlvmc-parkinsons-freezing-gait-prediction/discussion/416106,www.kaggle.com,,0
tlvmc-parkinsons-freezing-gait-prediction,1,tabular,2023,Research,21,description,https://www.kaggle.com/c/tlvmc-parkinsons-freezing-gait-prediction/discussion/415975,www.kaggle.com,,0
ubiquant-market-prediction,1,tabular,2022,Featured,1,description,https://www.kaggle.com/c/ubiquant-market-prediction/discussion/338220,www.kaggle.com,,1
ubiquant-market-prediction,1,tabular,2022,Featured,2,description,https://www.kaggle.com/c/ubiquant-market-prediction/discussion/338615,www.kaggle.com,,1
ubiquant-market-prediction,1,tabular,2022,Featured,3,description,https://www.kaggle.com/c/ubiquant-market-prediction/discussion/338561,www.kaggle.com,,1
ubiquant-market-prediction,1,tabular,2022,Featured,5,description,https://www.kaggle.com/c/ubiquant-market-prediction/discussion/338400,www.kaggle.com,,1
ubiquant-market-prediction,1,tabular,2022,Featured,7,description,https://www.kaggle.com/c/ubiquant-market-prediction/discussion/338293,www.kaggle.com,,1
ubiquant-market-prediction,1,tabular,2022,Featured,8,description,https://www.kaggle.com/c/ubiquant-market-prediction/discussion/338236,www.kaggle.com,,0
ubiquant-market-prediction,1,tabular,2022,Featured,17,code,https://www.kaggle.com/c/ubiquant-market-prediction/discussion/338239,www.kaggle.com,,1
um-game-playing-strength-of-mcts-variants,1,tabular,2024,Research,1,description,https://www.kaggle.com/c/um-game-playing-strength-of-mcts-variants/discussion/549801,www.kaggle.com,,1
um-game-playing-strength-of-mcts-variants,1,tabular,2024,Research,2,description,https://www.kaggle.com/c/um-game-playing-strength-of-mcts-variants/discussion/549718,www.kaggle.com,,0
um-game-playing-strength-of-mcts-variants,1,tabular,2024,Research,3,description,https://www.kaggle.com/c/um-game-playing-strength-of-mcts-variants/discussion/549588,www.kaggle.com,,1
um-game-playing-strength-of-mcts-variants,1,tabular,2024,Research,4,description,https://www.kaggle.com/c/um-game-playing-strength-of-mcts-variants/discussion/549603,www.kaggle.com,,0
um-game-playing-strength-of-mcts-variants,1,tabular,2024,Research,5,description,https://www.kaggle.com/c/um-game-playing-strength-of-mcts-variants/discussion/549585,www.kaggle.com,,1
um-game-playing-strength-of-mcts-variants,1,tabular,2024,Research,6,description,https://www.kaggle.com/c/um-game-playing-strength-of-mcts-variants/discussion/549582,www.kaggle.com,,1
um-game-playing-strength-of-mcts-variants,1,tabular,2024,Research,7,description,https://www.kaggle.com/c/um-game-playing-strength-of-mcts-variants/discussion/549617,www.kaggle.com,,1
um-game-playing-strength-of-mcts-variants,1,tabular,2024,Research,8,description,https://www.kaggle.com/c/um-game-playing-strength-of-mcts-variants/discussion/549616,www.kaggle.com,,0
um-game-playing-strength-of-mcts-variants,1,tabular,2024,Research,9,description,https://www.kaggle.com/c/um-game-playing-strength-of-mcts-variants/discussion/549624,www.kaggle.com,,0
um-game-playing-strength-of-mcts-variants,1,tabular,2024,Research,10,description,https://www.kaggle.com/c/um-game-playing-strength-of-mcts-variants/discussion/549605,www.kaggle.com,,0
um-game-playing-strength-of-mcts-variants,1,tabular,2024,Research,11,description,https://www.kaggle.com/c/um-game-playing-strength-of-mcts-variants/discussion/549708,www.kaggle.com,,0
um-game-playing-strength-of-mcts-variants,1,tabular,2024,Research,13,description,https://www.kaggle.com/c/um-game-playing-strength-of-mcts-variants/discussion/549781,www.kaggle.com,,0
um-game-playing-strength-of-mcts-variants,1,tabular,2024,Research,30,description,https://www.kaggle.com/c/um-game-playing-strength-of-mcts-variants/discussion/549587,www.kaggle.com,,0
um-game-playing-strength-of-mcts-variants,1,tabular,2024,Research,32,description,https://www.kaggle.com/c/um-game-playing-strength-of-mcts-variants/discussion/549889,www.kaggle.com,,0
um-game-playing-strength-of-mcts-variants,1,tabular,2024,Research,37,description,https://www.kaggle.com/c/um-game-playing-strength-of-mcts-variants/discussion/550119,www.kaggle.com,,0
womens-march-mania-2022,1,tabular,2022,Featured,1,code,https://www.kaggle.com/c/womens-march-mania-2022/discussion/317817,www.kaggle.com,,1
womens-march-mania-2022,1,tabular,2022,Featured,2,code,https://www.kaggle.com/c/womens-march-mania-2022/discussion/316966,www.kaggle.com,,1
womens-march-mania-2022,1,tabular,2022,Featured,3,code,https://www.kaggle.com/c/womens-march-mania-2022/discussion/317787,www.kaggle.com,,0
womens-march-mania-2022,1,tabular,2022,Featured,4,code,https://www.kaggle.com/c/womens-march-mania-2022/discussion/317183,www.kaggle.com,,1
womens-march-mania-2022,1,tabular,2022,Featured,5,code,https://www.kaggle.com/c/womens-march-mania-2022/discussion/317961,www.kaggle.com,,0
womens-march-mania-2022,1,tabular,2022,Featured,6,description,https://www.kaggle.com/c/womens-march-mania-2022/discussion/317105,www.kaggle.com,,1
womens-march-mania-2022,1,tabular,2022,Featured,7,code,https://www.kaggle.com/c/womens-march-mania-2022/discussion/318532,www.kaggle.com,,0
womens-march-mania-2022,1,tabular,2022,Featured,40,description,https://www.kaggle.com/c/womens-march-mania-2022/discussion/316863,www.kaggle.com,,1
15-071x-the-analytics-edge-competition-spring-2015,0,,2015,Research,2,description,https://www.kaggle.com/c/15-071x-the-analytics-edge-competition-spring-2015/discussion/14024,www.kaggle.com,,0
15-071x-the-analytics-edge-competition-spring-2015,0,,2015,Research,14,description,https://www.kaggle.com/c/15-071x-the-analytics-edge-competition-spring-2015/discussion/14033,www.kaggle.com,,0
20-newsgroups-ciphertext-challenge,0,,2019,Playground,1,description,https://www.kaggle.com/c/20-newsgroups-ciphertext-challenge/discussion/77894,www.kaggle.com,,0
3d-object-detection-for-autonomous-vehicles,0,,2019,Featured,1,description,https://www.kaggle.com/c/3d-object-detection-for-autonomous-vehicles/discussion/122820,www.kaggle.com,,0
3d-object-detection-for-autonomous-vehicles,0,,2019,Featured,2,description,https://www.kaggle.com/c/3d-object-detection-for-autonomous-vehicles/discussion/123004,www.kaggle.com,,0
3d-object-detection-for-autonomous-vehicles,0,,2019,Featured,3,description,https://www.kaggle.com/c/3d-object-detection-for-autonomous-vehicles/discussion/117269,www.kaggle.com,,0
3d-object-detection-for-autonomous-vehicles,0,,2019,Featured,19,code,https://www.kaggle.com/c/3d-object-detection-for-autonomous-vehicles/discussion/117560,www.kaggle.com,,0
3d-object-detection-for-autonomous-vehicles,0,,2019,Featured,22,code,https://www.kaggle.com/c/3d-object-detection-for-autonomous-vehicles/discussion/119220,www.kaggle.com,,0
3d-object-detection-for-autonomous-vehicles,0,,2019,Featured,26,description,https://www.kaggle.com/c/3d-object-detection-for-autonomous-vehicles/discussion/117809,www.kaggle.com,,0
AlgorithmicTradingChallenge,0,,2012,Featured,4,description,https://www.kaggle.com/c/AlgorithmicTradingChallenge/discussion/1236#7778,www.kaggle.com,,0
ChessRatings2,0,,2011,Featured,1,description,http://blog.kaggle.com/2011/05/29/the-thrill-of-the-chase-tim-salisman-on-how-he-took-home-deloittefide-chess-comp/,blog.kaggle.com,legacy_blog,0
ClaimPredictionChallenge,0,,2011,Featured,2,description,http://blog.kaggle.com/2017/02/27/allstate-claims-severity-competition-2nd-place-winners-interview-alexey-noskov/,blog.kaggle.com,legacy_blog,0
DarkWorlds,0,,2012,Recruitment,2,code,http://homepages.inf.ed.ac.uk/imurray2/pub/12kaggle_dark/dw_murray_code-1.0.tar.gz,homepages.inf.ed.ac.uk,insecure_http,0
DarkWorlds,0,,2012,Recruitment,2,description,https://homepages.inf.ed.ac.uk/imurray2/pub/12kaggle_dark/,homepages.inf.ed.ac.uk,,0
Eurovision2010,0,,2010,Featured,1,description,http://blog.kaggle.com/2010/06/09/computer-scientist-jure-zbontars-method-for-winning-the-eurovision-challenge/,blog.kaggle.com,legacy_blog,0
FacebookRecruiting,0,,2012,Recruitment,5,code,https://www.kaggle.com/c/FacebookRecruiting/discussion/2301,www.kaggle.com,,0
FacebookRecruiting,0,,2012,Recruitment,8,description,https://www.kaggle.com/c/FacebookRecruiting/discussion/2162,www.kaggle.com,,0
FacebookRecruiting,0,,2012,Recruitment,17,description,https://www.kaggle.com/c/FacebookRecruiting/discussion/2173,www.kaggle.com,,0
GEF2012-wind-forecasting,0,,2012,Research,1,code,https://github.com/lucaseustaquio/gefcom-2012-wind-track,github.com,,0
GiveMeSomeCredit,0,,2011,Featured,1,description,http://blog.kaggle.com/2012/01/03/the-perfect-storm-meet-the-winners-of-give-me-some-credit/,blog.kaggle.com,legacy_blog,0
GiveMeSomeCredit,0,,2011,Featured,2,description,http://blog.kaggle.com/2011/12/21/score-xavier-conort-on-coming-second-in-give-me-some-credit/,blog.kaggle.com,legacy_blog,0
GiveMeSomeCredit,0,,2011,Featured,3,description,http://blog.kaggle.com/2011/12/20/credit-where-credits-due-joe-malicki-on-placing-third-in-give-me-some-credit-2/,blog.kaggle.com,legacy_blog,0
Kannada-MNIST,0,,2019,Playground,2,description,https://www.kaggle.com/c/Kannada-MNIST/discussion/122230,www.kaggle.com,,0
Kannada-MNIST,0,,2019,Playground,3,code,https://www.kaggle.com/c/Kannada-MNIST/discussion/122167,www.kaggle.com,,0
Kannada-MNIST,0,,2019,Playground,4,code,https://www.kaggle.com/c/Kannada-MNIST/discussion/122430,www.kaggle.com,,0
Kannada-MNIST,0,,2019,Playground,5,code,https://www.kaggle.com/c/Kannada-MNIST/discussion/122160,www.kaggle.com,,0
Kannada-MNIST,0,,2019,Playground,11,code,https://www.kaggle.com/c/Kannada-MNIST/discussion/122158,www.kaggle.com,,0
Kannada-MNIST,0,,2019,Playground,12,code,https://www.kaggle.com/c/Kannada-MNIST/discussion/122131,www.kaggle.com,,0
LANL-Earthquake-Prediction,0,,2019,Research,1,code,https://www.kaggle.com/c/LANL-Earthquake-Prediction/discussion/94390#latest-568449,www.kaggle.com,,0
LANL-Earthquake-Prediction,0,,2019,Research,2,description,https://www.kaggle.com/c/LANL-Earthquake-Prediction/discussion/94369#latest-564291,www.kaggle.com,,0
LANL-Earthquake-Prediction,0,,2019,Research,3,description,https://www.kaggle.com/c/LANL-Earthquake-Prediction/discussion/94459#latest-565843,www.kaggle.com,,0
LANL-Earthquake-Prediction,0,,2019,Research,5,description,https://www.kaggle.com/c/LANL-Earthquake-Prediction/discussion/94484#latest-544389,www.kaggle.com,,0
LANL-Earthquake-Prediction,0,,2019,Research,7,description,https://www.kaggle.com/c/LANL-Earthquake-Prediction/discussion/94407#latest-555528,www.kaggle.com,,0
LANL-Earthquake-Prediction,0,,2019,Research,8,description,https://www.kaggle.com/c/LANL-Earthquake-Prediction/discussion/94718#latest-546332,www.kaggle.com,,0
LANL-Earthquake-Prediction,0,,2019,Research,9,description,https://www.kaggle.com/c/LANL-Earthquake-Prediction/discussion/94609#latest-545993,www.kaggle.com,,0
LANL-Earthquake-Prediction,0,,2019,Research,10,description,https://www.kaggle.com/c/LANL-Earthquake-Prediction/discussion/94466#latest-552715,www.kaggle.com,,0
LANL-Earthquake-Prediction,0,,2019,Research,10,description,https://www.kaggle.com/c/LANL-Earthquake-Prediction/discussion/94467#latest-547452,www.kaggle.com,,0
LANL-Earthquake-Prediction,0,,2019,Research,11,description,https://www.kaggle.com/c/LANL-Earthquake-Prediction/discussion/94363#latest-548737,www.kaggle.com,,0
LANL-Earthquake-Prediction,0,,2019,Research,12,description,https://www.kaggle.com/c/LANL-Earthquake-Prediction/discussion/94500#latest-553545,www.kaggle.com,,0
LANL-Earthquake-Prediction,0,,2019,Research,15,description,https://www.kaggle.com/c/LANL-Earthquake-Prediction/discussion/94556#latest-553091,www.kaggle.com,,0
LANL-Earthquake-Prediction,0,,2019,Research,19,description,https://www.kaggle.com/c/LANL-Earthquake-Prediction/discussion/94594#latest-547714,www.kaggle.com,,0
LANL-Earthquake-Prediction,0,,2019,Research,19,description,https://www.kaggle.com/c/LANL-Earthquake-Prediction/discussion/94450#latest-544035,www.kaggle.com,,0
LANL-Earthquake-Prediction,0,,2019,Research,22,description,https://www.kaggle.com/c/LANL-Earthquake-Prediction/discussion/94903#latest-547809,www.kaggle.com,,0
MusicHackathon,0,,2012,Featured,4,description,https://www.kaggle.com/c/MusicHackathon/discussion/2242#12821,www.kaggle.com,,0
MusicHackathon,0,,2012,Featured,34,code,https://github.com/zenogantner/MyMediaLite,github.com,,0
PLAsTiCC-2018,0,,2018,Featured,1,code,https://www.kaggle.com/c/PLAsTiCC-2018/discussion/75033,www.kaggle.com,,0
PLAsTiCC-2018,0,,2018,Featured,2,description,https://www.kaggle.com/c/PLAsTiCC-2018/discussion/75059,www.kaggle.com,,0
PLAsTiCC-2018,0,,2018,Featured,3,code,https://github.com/takashioya/plasticc,github.com,,0
PLAsTiCC-2018,0,,2018,Featured,3,description,https://www.kaggle.com/c/PLAsTiCC-2018/discussion/75116,www.kaggle.com,,0
PLAsTiCC-2018,0,,2018,Featured,3,description,https://www.kaggle.com/c/PLAsTiCC-2018/discussion/75131,www.kaggle.com,,0
PLAsTiCC-2018,0,,2018,Featured,3,description,https://www.kaggle.com/c/PLAsTiCC-2018/discussion/75222,www.kaggle.com,,0
PLAsTiCC-2018,0,,2018,Featured,4,code,https://www.kaggle.com/c/PLAsTiCC-2018/discussion/75011,www.kaggle.com,,0
PLAsTiCC-2018,0,,2018,Featured,5,description,https://www.kaggle.com/c/PLAsTiCC-2018/discussion/75050,www.kaggle.com,,0
PLAsTiCC-2018,0,,2018,Featured,5,description,https://www.kaggle.com/c/PLAsTiCC-2018/discussion/75040,www.kaggle.com,,0
PLAsTiCC-2018,0,,2018,Featured,6,description,https://www.kaggle.com/c/PLAsTiCC-2018/discussion/75061,www.kaggle.com,,0
PLAsTiCC-2018,0,,2018,Featured,9,description,https://www.kaggle.com/c/PLAsTiCC-2018/discussion/75316,www.kaggle.com,,0
PLAsTiCC-2018,0,,2018,Featured,11,description,https://www.kaggle.com/c/PLAsTiCC-2018/discussion/75174,www.kaggle.com,,0
PLAsTiCC-2018,0,,2018,Featured,12,description,https://www.kaggle.com/c/PLAsTiCC-2018/discussion/75237,www.kaggle.com,,0
PLAsTiCC-2018,0,,2018,Featured,13,description,https://www.kaggle.com/c/PLAsTiCC-2018/discussion/75134,www.kaggle.com,,0
PLAsTiCC-2018,0,,2018,Featured,14,description,https://www.kaggle.com/c/PLAsTiCC-2018/discussion/75054,www.kaggle.com,,0
PLAsTiCC-2018,0,,2018,Featured,19,description,https://www.kaggle.com/c/PLAsTiCC-2018/discussion/75167,www.kaggle.com,,0
PLAsTiCC-2018,0,,2018,Featured,20,description,https://www.kaggle.com/c/PLAsTiCC-2018/discussion/75262,www.kaggle.com,,0
PLAsTiCC-2018,0,,2018,Featured,21,description,https://www.kaggle.com/c/PLAsTiCC-2018/discussion/75156,www.kaggle.com,,0
PLAsTiCC-2018,0,,2018,Featured,27,description,https://www.kaggle.com/c/PLAsTiCC-2018/discussion/71827,www.kaggle.com,,0
PhotoQualityPrediction,0,,2011,Featured,1,description,http://blog.kaggle.com/2011/11/23/picture-perfect-bo-yang-on-winning-the-photo-quality-prediction-competition/,blog.kaggle.com,legacy_blog,0
PhotoQualityPrediction,0,,2011,Featured,3,description,http://blog.kaggle.com/2011/11/27/smile-alexander-dyakonov-on-placing-third-in-the-photo-quality-prediction-competition/,blog.kaggle.com,legacy_blog,0
R,0,,2011,Featured,1,description,http://blog.kaggle.com/2011/02/15/dave-slate-on-winning-the-r-challenge/,blog.kaggle.com,legacy_blog,0
R,0,,2011,Featured,2,description,http://blog.kaggle.com/2011/02/21/max-lin-on-finishing-second-in-the-r-challenge/,blog.kaggle.com,legacy_blog,0
R,0,,2011,Featured,3,description,http://blog.kaggle.com/2011/02/11/how-i-did-it-ming-hen-tsai-on-finishing-third-in-the-r-competition/,blog.kaggle.com,legacy_blog,0
RTA,0,,2011,Featured,1,description,http://blog.kaggle.com/2011/03/25/jose-p-gonzalez-brenes-and-matias-cortes-on-winning-the-rta-challenge/,blog.kaggle.com,legacy_blog,0
Raising-Money-to-Fund-an-Organizational-Mission,0,,2012,Featured,9,description,https://www.kaggle.com/c/Raising-Money-to-Fund-an-Organizational-Mission/discussion/2712,www.kaggle.com,,0
SemiSupervisedFeatureLearning,0,,2011,Featured,1,description,https://www.kaggle.com/c/SemiSupervisedFeatureLearning/discussion/959,www.kaggle.com,,0
WIC2011,0,,2011,Featured,1,description,http://blog.kaggle.com/2011/05/04/andrew-newell-and-lewis-griffin-on-winning-the-icdar-2011-competition/,blog.kaggle.com,legacy_blog,0
abstraction-and-reasoning-challenge,0,,2020,Research,1,code,https://www.kaggle.com/c/abstraction-and-reasoning-challenge/discussion/154597,www.kaggle.com,,0
abstraction-and-reasoning-challenge,0,,2020,Research,2,description,https://www.kaggle.com/c/abstraction-and-reasoning-challenge/discussion/154391,www.kaggle.com,,0
abstraction-and-reasoning-challenge,0,,2020,Research,3,code,https://www.kaggle.com/c/abstraction-and-reasoning-challenge/discussion/154305,www.kaggle.com,,0
abstraction-and-reasoning-challenge,0,,2020,Research,3,code,https://www.kaggle.com/c/abstraction-and-reasoning-challenge/discussion/154409,www.kaggle.com,,0
abstraction-and-reasoning-challenge,0,,2020,Research,5,description,https://www.kaggle.com/c/abstraction-and-reasoning-challenge/discussion/154377,www.kaggle.com,,0
abstraction-and-reasoning-challenge,0,,2020,Research,6,description,https://www.kaggle.com/c/abstraction-and-reasoning-challenge/discussion/154323,www.kaggle.com,,0
abstraction-and-reasoning-challenge,0,,2020,Research,8,description,https://www.kaggle.com/c/abstraction-and-reasoning-challenge/discussion/154300,www.kaggle.com,,0
abstraction-and-reasoning-challenge,0,,2020,Research,8,description,https://www.kaggle.com/c/abstraction-and-reasoning-challenge/discussion/154384,www.kaggle.com,,0
abstraction-and-reasoning-challenge,0,,2020,Research,8,code,https://www.kaggle.com/c/abstraction-and-reasoning-challenge/discussion/154436,www.kaggle.com,,0
abstraction-and-reasoning-challenge,0,,2020,Research,9,code,https://www.kaggle.com/c/abstraction-and-reasoning-challenge/discussion/154319,www.kaggle.com,,0
abstraction-and-reasoning-challenge,0,,2020,Research,10,code,https://www.kaggle.com/c/abstraction-and-reasoning-challenge/discussion/154294,www.kaggle.com,,0
abstraction-and-reasoning-challenge,0,,2020,Research,19,code,https://www.kaggle.com/c/abstraction-and-reasoning-challenge/discussion/154308,www.kaggle.com,,0
abstraction-and-reasoning-challenge,0,,2020,Research,20,description,https://www.kaggle.com/c/abstraction-and-reasoning-challenge/discussion/154304,www.kaggle.com,,0
abstraction-and-reasoning-challenge,0,,2020,Research,all solutions,kernel,https://www.kaggle.com/c/abstraction-and-reasoning-challenge/discussion/154349,www.kaggle.com,,0
accelerometer-biometric-competition,0,,2013,Research,3,code,https://github.com/rouli/kaggle_accelerometer,github.com,,0
acm-sf-chapter-hackathon-big,0,,2012,Research,2,code,https://www.kaggle.com/c/acm-sf-chapter-hackathon-big/discussion/2861,www.kaggle.com,,0
acm-sf-chapter-hackathon-big,0,,2012,Research,6,description,https://www.kaggle.com/c/acm-sf-chapter-hackathon-big/discussion/2778,www.kaggle.com,,0
acquire-valued-shoppers-challenge,0,,2014,Featured,1,description,https://www.kaggle.com/c/acquire-valued-shoppers-challenge/discussion/9756,www.kaggle.com,,0
afsis-soil-properties,0,,2014,Research,1,code,https://www.kaggle.com/c/afsis-soil-properties/discussion/10825,www.kaggle.com,,0
afsis-soil-properties,0,,2014,Research,2,code,https://github.com/CharlyBi/Soil-Prediction,github.com,,0
afsis-soil-properties,0,,2014,Research,3,code,https://www.kaggle.com/c/afsis-soil-properties/discussion/10831,www.kaggle.com,,0
airbnb-recruiting-new-user-bookings,0,,2016,Recruitment,2,code,https://github.com/Keiku/kaggle-airbnb-recruiting-new-user-bookings,github.com,,0
airbnb-recruiting-new-user-bookings,0,,2016,Recruitment,3,code,https://github.com/svegapons/kaggle_airbnb,github.com,,0
airbnb-recruiting-new-user-bookings,0,,2016,Recruitment,5,code,https://github.com/brandenkmurray/kaggle/tree/master/airbnb,github.com,,0
airbnb-recruiting-new-user-bookings,0,,2016,Recruitment,5,description,https://www.kaggle.com/c/airbnb-recruiting-new-user-bookings/discussion/18918,www.kaggle.com,,0
airbnb-recruiting-new-user-bookings,0,,2016,Recruitment,9,code,https://github.com/paragkale/kaggle-airbnb,github.com,,0
airbus-ship-detection,0,,2018,Featured,1,description,https://www.kaggle.com/c/airbus-ship-detection/discussion/74443,www.kaggle.com,,0
airbus-ship-detection,0,,2018,Featured,6,description,https://www.kaggle.com/c/airbus-ship-detection/discussion/71782,www.kaggle.com,,0
airbus-ship-detection,0,,2018,Featured,8,code,https://github.com/SeuTao/Kaggle_Airbus2018_8th_code,github.com,,0
airbus-ship-detection,0,,2018,Featured,9,description,https://www.kaggle.com/c/airbus-ship-detection/discussion/71595,www.kaggle.com,,0
airbus-ship-detection,0,,2018,Featured,10,description,https://www.kaggle.com/c/airbus-ship-detection/discussion/71607,www.kaggle.com,,0
airbus-ship-detection,0,,2018,Featured,11,description,https://www.kaggle.com/c/airbus-ship-detection/discussion/71659,www.kaggle.com,,0
airbus-ship-detection,0,,2018,Featured,14,description,https://www.kaggle.com/c/airbus-ship-detection/discussion/71664,www.kaggle.com,,0
airbus-ship-detection,0,,2018,Featured,21,code,https://github.com/pascal1129/airbus_ship_detection,github.com,,0
airbus-ship-detection,0,,2018,Featured,?,code,https://github.com/neptune-ml/open-solution-ship-detection,github.com,,0
alaska2-image-steganalysis,0,,2020,Research,1,description,https://www.kaggle.com/c/alaska2-image-steganalysis/discussion/168548,www.kaggle.com,,0
alaska2-image-steganalysis,0,,2020,Research,2,description,https://www.kaggle.com/c/alaska2-image-steganalysis/discussion/168546,www.kaggle.com,,0
alaska2-image-steganalysis,0,,2020,Research,3,code,https://github.com/pfnet-research/kaggle-alaska2-3rd-place-solution,github.com,,0
alaska2-image-steganalysis,0,,2020,Research,3,description,https://www.kaggle.com/c/alaska2-image-steganalysis/discussion/168870,www.kaggle.com,,0
alaska2-image-steganalysis,0,,2020,Research,4,description,https://www.kaggle.com/c/alaska2-image-steganalysis/discussion/168537,www.kaggle.com,,0
alaska2-image-steganalysis,0,,2020,Research,8,description,https://www.kaggle.com/c/alaska2-image-steganalysis/discussion/168519,www.kaggle.com,,0
alaska2-image-steganalysis,0,,2020,Research,9,description,https://www.kaggle.com/c/alaska2-image-steganalysis/discussion/168608,www.kaggle.com,,0
alaska2-image-steganalysis,0,,2020,Research,12,description,https://www.kaggle.com/c/alaska2-image-steganalysis/discussion/168507,www.kaggle.com,,0
alaska2-image-steganalysis,0,,2020,Research,13,description,https://www.kaggle.com/c/alaska2-image-steganalysis/discussion/168510,www.kaggle.com,,0
alaska2-image-steganalysis,0,,2020,Research,13,description,https://www.kaggle.com/c/alaska2-image-steganalysis/discussion/168542,www.kaggle.com,,0
alaska2-image-steganalysis,0,,2020,Research,14,description,https://www.kaggle.com/c/alaska2-image-steganalysis/discussion/168611,www.kaggle.com,,0
alaska2-image-steganalysis,0,,2020,Research,18,description,https://www.kaggle.com/c/alaska2-image-steganalysis/discussion/168771,www.kaggle.com,,0
alaska2-image-steganalysis,0,,2020,Research,31,description,https://www.kaggle.com/c/alaska2-image-steganalysis/discussion/168509,www.kaggle.com,,0
alaska2-image-steganalysis,0,,2020,Research,34,description,https://www.kaggle.com/c/alaska2-image-steganalysis/discussion/168702,www.kaggle.com,,0
alaska2-image-steganalysis,0,,2020,Research,all solutions,kernel,https://www.kaggle.com/c/alaska2-image-steganalysis/discussion/168580,www.kaggle.com,,0
allstate-claims-severity,0,,2016,Recruitment,1,description,https://www.kaggle.com/c/allstate-claims-severity/discussion/26416,www.kaggle.com,,0
allstate-claims-severity,0,,2016,Recruitment,2,code,https://www.kaggle.com/c/allstate-claims-severity/discussion/26427,www.kaggle.com,,0
allstate-claims-severity,0,,2016,Recruitment,3,description,https://www.kaggle.com/c/allstate-claims-severity/discussion/26447,www.kaggle.com,,0
allstate-claims-severity,0,,2016,Recruitment,4,description,https://www.kaggle.com/c/allstate-claims-severity/discussion/26411,www.kaggle.com,,0
allstate-claims-severity,0,,2016,Recruitment,7,description,https://www.kaggle.com/c/allstate-claims-severity/discussion/26537,www.kaggle.com,,0
allstate-claims-severity,0,,2016,Recruitment,8,description,https://www.kaggle.com/c/allstate-claims-severity/discussion/26440,www.kaggle.com,,0
allstate-claims-severity,0,,2016,Recruitment,12,description,https://www.kaggle.com/c/allstate-claims-severity/discussion/26414,www.kaggle.com,,0
allstate-claims-severity,0,,2016,Recruitment,16,description,https://www.kaggle.com/c/allstate-claims-severity/discussion/26430,www.kaggle.com,,0
allstate-claims-severity,0,,2016,Recruitment,40,code,https://www.kaggle.com/c/allstate-claims-severity/discussion/26410,www.kaggle.com,,0
allstate-purchase-prediction-challenge,0,,2014,Featured,2,code,https://github.com/alzmcr/allstate,github.com,,0
allstate-purchase-prediction-challenge,0,,2014,Featured,10,code,https://github.com/B1aine/kaggle-allstate,github.com,,0
amazon-employee-access-challenge,0,,2013,Featured,1,code,https://github.com/bensolucky/Amazon,github.com,,0
amazon-employee-access-challenge,0,,2013,Featured,1,description,https://www.kaggle.com/c/amazon-employee-access-challenge/discussion/5283,www.kaggle.com,,0
amazon-employee-access-challenge,0,,2013,Featured,2,code,https://github.com/owenzhang/Kaggle-AmazonChallenge2013,github.com,,0
amazon-employee-access-challenge,0,,2013,Featured,3,code,https://github.com/diefimov/amazon_employee_access_2013,github.com,,0
ams-2014-solar-energy-prediction-contest,0,,2013,Research,1,code,https://github.com/lucaseustaquio/ams-2013-2014-solar-energy,github.com,,0
ams-2014-solar-energy-prediction-contest,0,,2013,Research,2,code,https://github.com/owenzhang/kaggle_AMS_2013_14_solar,github.com,,0
aptos2019-blindness-detection,0,,2019,Featured,1,description,https://www.kaggle.com/c/aptos2019-blindness-detection/discussion/108065,www.kaggle.com,,0
aptos2019-blindness-detection,0,,2019,Featured,2,description,https://www.kaggle.com/c/aptos2019-blindness-detection/discussion/107926,www.kaggle.com,,0
aptos2019-blindness-detection,0,,2019,Featured,4,description,https://www.kaggle.com/c/aptos2019-blindness-detection/discussion/107987,www.kaggle.com,,0
aptos2019-blindness-detection,0,,2019,Featured,5,description,https://www.kaggle.com/c/aptos2019-blindness-detection/discussion/107960,www.kaggle.com,,0
aptos2019-blindness-detection,0,,2019,Featured,7,code,https://www.kaggle.com/c/aptos2019-blindness-detection/discussion/108058,www.kaggle.com,,0
aptos2019-blindness-detection,0,,2019,Featured,8,description,https://www.kaggle.com/c/aptos2019-blindness-detection/discussion/108030,www.kaggle.com,,0
aptos2019-blindness-detection,0,,2019,Featured,9,description,https://www.kaggle.com/c/aptos2019-blindness-detection/discussion/107990,www.kaggle.com,,0
aptos2019-blindness-detection,0,,2019,Featured,9,description,https://www.kaggle.com/c/aptos2019-blindness-detection/discussion/108072,www.kaggle.com,,0
aptos2019-blindness-detection,0,,2019,Featured,10,description,https://www.kaggle.com/c/aptos2019-blindness-detection/discussion/107944,www.kaggle.com,,0
aptos2019-blindness-detection,0,,2019,Featured,11,code,https://www.kaggle.com/c/aptos2019-blindness-detection/discussion/107958,www.kaggle.com,,0
aptos2019-blindness-detection,0,,2019,Featured,12,description,https://www.kaggle.com/c/aptos2019-blindness-detection/discussion/107995,www.kaggle.com,,0
aptos2019-blindness-detection,0,,2019,Featured,16,description,https://www.kaggle.com/c/aptos2019-blindness-detection/discussion/108711,www.kaggle.com,,0
aptos2019-blindness-detection,0,,2019,Featured,17,description,https://www.kaggle.com/c/aptos2019-blindness-detection/discussion/107916,www.kaggle.com,,0
aptos2019-blindness-detection,0,,2019,Featured,37,description,https://www.kaggle.com/c/aptos2019-blindness-detection/discussion/108017,www.kaggle.com,,0
aptos2019-blindness-detection,0,,2019,Featured,41,description,https://www.kaggle.com/c/aptos2019-blindness-detection/discussion/107962,www.kaggle.com,,0
aptos2019-blindness-detection,0,,2019,Featured,46,description,https://www.kaggle.com/c/aptos2019-blindness-detection/discussion/108119,www.kaggle.com,,0
aptos2019-blindness-detection,0,,2019,Featured,54,description,https://www.kaggle.com/c/aptos2019-blindness-detection/discussion/108007,www.kaggle.com,,0
aptos2019-blindness-detection,0,,2019,Featured,all solutions,kernel,https://www.kaggle.com/c/aptos2019-blindness-detection/discussion/108307,www.kaggle.com,,0
ashrae-energy-prediction,0,,2019,Featured,1,description,https://www.kaggle.com/c/ashrae-energy-prediction/discussion/124709,www.kaggle.com,,0
ashrae-energy-prediction,0,,2019,Featured,2,description,https://www.kaggle.com/c/ashrae-energy-prediction/discussion/123481,www.kaggle.com,,0
ashrae-energy-prediction,0,,2019,Featured,3,description,https://www.kaggle.com/c/ashrae-energy-prediction/discussion/124984,www.kaggle.com,,0
ashrae-energy-prediction,0,,2019,Featured,5,description,https://www.kaggle.com/c/ashrae-energy-prediction/discussion/127086,www.kaggle.com,,0
ashrae-energy-prediction,0,,2019,Featured,9,description,https://www.kaggle.com/c/ashrae-energy-prediction/discussion/123525,www.kaggle.com,,0
ashrae-energy-prediction,0,,2019,Featured,13,description,https://www.kaggle.com/c/ashrae-energy-prediction/discussion/123496,www.kaggle.com,,0
ashrae-energy-prediction,0,,2019,Featured,20,description,https://www.kaggle.com/c/ashrae-energy-prediction/discussion/123654,www.kaggle.com,,0
ashrae-energy-prediction,0,,2019,Featured,25,description,https://www.kaggle.com/c/ashrae-energy-prediction/discussion/125307,www.kaggle.com,,0
ashrae-energy-prediction,0,,2019,Featured,40,description,https://www.kaggle.com/c/ashrae-energy-prediction/discussion/122863,www.kaggle.com,,0
ashrae-energy-prediction,0,,2019,Featured,all solutions,kernel,https://www.kaggle.com/c/ashrae-energy-prediction/discussion/123526,www.kaggle.com,,0
avazu-ctr-prediction,0,,2015,Featured,1,code,https://www.kaggle.com/c/avazu-ctr-prediction/discussion/12608,www.kaggle.com,,0
avazu-ctr-prediction,0,,2015,Featured,2,code,https://github.com/owenzhang/kaggle-avazu,github.com,,0
avito-context-ad-clicks,0,,2015,Featured,1,code,https://github.com/owenzhang/kaggle-avito,github.com,,0
avito-context-ad-clicks,0,,2015,Featured,1,description,http://blog.kaggle.com/2015/08/26/avito-winners-interview-1st-place-owen-zhang/,blog.kaggle.com,legacy_blog,0
avito-context-ad-clicks,0,,2015,Featured,2,code,https://github.com/Gzsiceberg/kaggle-avito,github.com,,0
avito-context-ad-clicks,0,,2015,Featured,2,description,http://blog.kaggle.com/2015/08/21/avito-winners-interview-2nd-place-changsheng-gu-aka-gzs_iceberg/,blog.kaggle.com,legacy_blog,0
avito-context-ad-clicks,0,,2015,Featured,3,code,https://github.com/diefimov/avito_context_click_2015,github.com,,0
avito-context-ad-clicks,0,,2015,Featured,5,description,https://www.kaggle.com/c/avito-context-ad-clicks/discussion/15606#87421,www.kaggle.com,,0
avito-demand-prediction,0,,2018,Featured,1,description,https://www.kaggle.com/c/avito-demand-prediction/discussion/59880,www.kaggle.com,,0
avito-demand-prediction,0,,2018,Featured,3,description,https://www.kaggle.com/c/avito-demand-prediction/discussion/59885,www.kaggle.com,,0
avito-demand-prediction,0,,2018,Featured,4,description,https://www.kaggle.com/c/avito-demand-prediction/discussion/59881,www.kaggle.com,,0
avito-demand-prediction,0,,2018,Featured,5,code,https://github.com/darraghdog/avito-demand,github.com,,0
avito-demand-prediction,0,,2018,Featured,5,description,https://www.kaggle.com/c/avito-demand-prediction/discussion/59914,www.kaggle.com,,0
avito-demand-prediction,0,,2018,Featured,7,description,https://www.kaggle.com/c/avito-demand-prediction/discussion/60026,www.kaggle.com,,0
avito-demand-prediction,0,,2018,Featured,11,description,https://www.kaggle.com/c/avito-demand-prediction/discussion/60154,www.kaggle.com,,0
avito-demand-prediction,0,,2018,Featured,13,description,https://www.kaggle.com/c/avito-demand-prediction/discussion/59886,www.kaggle.com,,0
avito-demand-prediction,0,,2018,Featured,14,description,https://www.kaggle.com/c/avito-demand-prediction/discussion/60059,www.kaggle.com,,0
avito-demand-prediction,0,,2018,Featured,18,code,https://github.com/khuangaf/Kaggle-Avito-NN,github.com,,0
avito-demand-prediction,0,,2018,Featured,20,description,https://www.kaggle.com/c/avito-demand-prediction/discussion/59936,www.kaggle.com,,0
avito-demand-prediction,0,,2018,Featured,22,description,https://www.kaggle.com/c/avito-demand-prediction/discussion/60102,www.kaggle.com,,0
avito-demand-prediction,0,,2018,Featured,24,code,https://github.com/khumbuai/kaggle_avito_demand,github.com,,0
avito-demand-prediction,0,,2018,Featured,30,description,https://www.kaggle.com/c/avito-demand-prediction/discussion/60006,www.kaggle.com,,0
avito-demand-prediction,0,,2018,Featured,?,code,https://github.com/neptune-ml/open-solution-avito-demand-prediction,github.com,,0
avito-duplicate-ads-detection,0,,2016,Featured,1,description,http://blog.kaggle.com/2016/08/24/avito-duplicate-ads-detection-winners-interview-1st-place-team-devil-team-stanislav-dmitrii/,blog.kaggle.com,legacy_blog,0
avito-duplicate-ads-detection,0,,2016,Featured,2,code,https://www.kaggle.com/c/avito-duplicate-ads-detection/discussion/22205,www.kaggle.com,,0
avito-duplicate-ads-detection,0,,2016,Featured,2,code,https://github.com/sonnylaskar/Competitions/tree/master/Kaggle/Avito%20Duplicate%20Ad%20Detection,github.com,,0
avito-duplicate-ads-detection,0,,2016,Featured,2,description,http://blog.kaggle.com/2016/08/31/avito-duplicate-ads-detection-winners-interview-2nd-place-team-the-quants-mikel-peter-marios-sonny/,blog.kaggle.com,legacy_blog,0
avito-duplicate-ads-detection,0,,2016,Featured,3,description,http://blog.kaggle.com/2016/07/27/avito-duplicate-ads-detection-winners-interview-3rd-place-mario-gerard-kele-praveen-gilberto/,blog.kaggle.com,legacy_blog,0
avito-duplicate-ads-detection,0,,2016,Featured,4,code,https://github.com/ZFTurbo/KAGGLE_AVITO_2016,github.com,,0
avito-duplicate-ads-detection,0,,2016,Featured,5,code,https://github.com/alexeygrigorev/avito-duplicates-kaggle,github.com,,0
avito-duplicate-ads-detection,0,,2016,Featured,8,code,https://github.com/XAMeLeOH/KAGGLE_AVITO_2016,github.com,,0
avito-prohibited-content,0,,2014,Featured,1,description,https://www.kaggle.com/c/avito-prohibited-content/discussion/10178,www.kaggle.com,,0
avito-prohibited-content,0,,2014,Featured,4,code,https://github.com/ChenglongChen/Kaggle_The_Hunt_for_Prohibited_Content,github.com,,0
axa-driver-telematics-analysis,0,,2015,Featured,2,code,https://github.com/PrincipalComponent/AXA_Telematics,github.com,,0
battlefin-s-big-data-combine-forecasting-challenge,0,,2013,Research,23,description,https://www.kaggle.com/c/battlefin-s-big-data-combine-forecasting-challenge/discussion/5966,www.kaggle.com,,0
bengaliai-cv19,0,,2020,Research,1,code,https://www.kaggle.com/c/bengaliai-cv19/discussion/135984,www.kaggle.com,,0
bengaliai-cv19,0,,2020,Research,2,description,https://www.kaggle.com/c/bengaliai-cv19/discussion/135966,www.kaggle.com,,0
bengaliai-cv19,0,,2020,Research,3,description,https://www.kaggle.com/c/bengaliai-cv19/discussion/135982,www.kaggle.com,,0
bengaliai-cv19,0,,2020,Research,4,description,https://www.kaggle.com/c/bengaliai-cv19/discussion/136982,www.kaggle.com,,0
bengaliai-cv19,0,,2020,Research,5,description,https://www.kaggle.com/c/bengaliai-cv19/discussion/136129,www.kaggle.com,,0
bengaliai-cv19,0,,2020,Research,6,description,https://www.kaggle.com/c/bengaliai-cv19/discussion/136011,www.kaggle.com,,0
bengaliai-cv19,0,,2020,Research,7,description,https://www.kaggle.com/c/bengaliai-cv19/discussion/135960,www.kaggle.com,,0
bengaliai-cv19,0,,2020,Research,8,code,https://www.kaggle.com/c/bengaliai-cv19/discussion/135990,www.kaggle.com,,0
bengaliai-cv19,0,,2020,Research,9,description,https://www.kaggle.com/c/bengaliai-cv19/discussion/135985,www.kaggle.com,,0
bengaliai-cv19,0,,2020,Research,10,code,https://www.kaggle.com/c/bengaliai-cv19/discussion/136815,www.kaggle.com,,0
bengaliai-cv19,0,,2020,Research,12,description,https://www.kaggle.com/c/bengaliai-cv19/discussion/135998,www.kaggle.com,,0
bengaliai-cv19,0,,2020,Research,13,description,https://www.kaggle.com/c/bengaliai-cv19/discussion/136116,www.kaggle.com,,0
bengaliai-cv19,0,,2020,Research,14,description,https://www.kaggle.com/c/bengaliai-cv19/discussion/136021,www.kaggle.com,,0
bengaliai-cv19,0,,2020,Research,21,description,https://www.kaggle.com/c/bengaliai-cv19/discussion/136056,www.kaggle.com,,0
bengaliai-cv19,0,,2020,Research,22,description,https://www.kaggle.com/c/bengaliai-cv19/discussion/136870,www.kaggle.com,,0
bengaliai-cv19,0,,2020,Research,24,description,https://www.kaggle.com/c/bengaliai-cv19/discussion/136064,www.kaggle.com,,0
bengaliai-cv19,0,,2020,Research,38,description,https://www.kaggle.com/c/bengaliai-cv19/discussion/136780,www.kaggle.com,,0
bengaliai-cv19,0,,2020,Research,38,description,https://www.kaggle.com/c/bengaliai-cv19/discussion/136075,www.kaggle.com,,0
bengaliai-cv19,0,,2020,Research,55,description,https://www.kaggle.com/c/bengaliai-cv19/discussion/136799,www.kaggle.com,,0
bengaliai-cv19,0,,2020,Research,all solutions,kernel,https://www.kaggle.com/c/bengaliai-cv19/discussion/136030,www.kaggle.com,,0
bigquery-geotab-intersection-congestion,0,,2019,Playground,1,code,https://github.com/peterhurford/kaggle-intersection,github.com,,0
bigquery-geotab-intersection-congestion,0,,2019,Playground,2,description,https://www.kaggle.com/c/bigquery-geotab-intersection-congestion/discussion/122314,www.kaggle.com,,0
bike-sharing-demand,0,,2015,Playground,5,code,https://github.com/adityashrm21/Bike-Sharing-Demand-Kaggle,github.com,,0
billion-word-imputation,0,,2015,Playground,1,description,https://www.kaggle.com/c/billion-word-imputation/discussion/14210,www.kaggle.com,,0
billion-word-imputation,0,,2015,Playground,2,description,https://www.kaggle.com/c/billion-word-imputation/discussion/13716,www.kaggle.com,,0
bioresponse,0,,2012,Featured,17,code,https://github.com/emanuele/kaggle_pbr,github.com,,0
birdsong-recognition,0,,2020,Research,1,code,https://www.kaggle.com/c/birdsong-recognition/discussion/183208,www.kaggle.com,,0
birdsong-recognition,0,,2020,Research,2,code,https://www.kaggle.com/c/birdsong-recognition/discussion/183269,www.kaggle.com,,0
birdsong-recognition,0,,2020,Research,3,code,https://www.kaggle.com/c/birdsong-recognition/discussion/183199,www.kaggle.com,,0
birdsong-recognition,0,,2020,Research,4,description,https://www.kaggle.com/c/birdsong-recognition/discussion/183339,www.kaggle.com,,0
birdsong-recognition,0,,2020,Research,5,description,https://www.kaggle.com/c/birdsong-recognition/discussion/183300,www.kaggle.com,,0
birdsong-recognition,0,,2020,Research,6,code,https://www.kaggle.com/c/birdsong-recognition/discussion/183204,www.kaggle.com,,0
birdsong-recognition,0,,2020,Research,8,description,https://www.kaggle.com/c/birdsong-recognition/discussion/183223,www.kaggle.com,,0
birdsong-recognition,0,,2020,Research,9,description,https://www.kaggle.com/c/birdsong-recognition/discussion/183315,www.kaggle.com,,0
birdsong-recognition,0,,2020,Research,10,description,https://www.kaggle.com/c/birdsong-recognition/discussion/183407,www.kaggle.com,,0
birdsong-recognition,0,,2020,Research,13,description,https://www.kaggle.com/c/birdsong-recognition/discussion/183436,www.kaggle.com,,0
birdsong-recognition,0,,2020,Research,17,code,https://www.kaggle.com/c/birdsong-recognition/discussion/183255,www.kaggle.com,,0
birdsong-recognition,0,,2020,Research,18,description,https://www.kaggle.com/c/birdsong-recognition/discussion/183219,www.kaggle.com,,0
birdsong-recognition,0,,2020,Research,21,description,https://www.kaggle.com/c/birdsong-recognition/discussion/183209,www.kaggle.com,,0
birdsong-recognition,0,,2020,Research,36,description,https://www.kaggle.com/c/birdsong-recognition/discussion/183222,www.kaggle.com,,0
birdsong-recognition,0,,2020,Research,39,description,https://www.kaggle.com/c/birdsong-recognition/discussion/183258,www.kaggle.com,,0
birdsong-recognition,0,,2020,Research,43,description,https://www.kaggle.com/c/birdsong-recognition/discussion/183240,www.kaggle.com,,0
birdsong-recognition,0,,2020,Research,all solutions,kernel,https://www.kaggle.com/c/birdsong-recognition/discussion/183265,www.kaggle.com,,0
bms-molecular-translation,0,,2021,Featured,3,description,https://www.kaggle.com/c/bms-molecular-translation/discussion/243932,www.kaggle.com,,0
bms-molecular-translation,0,,2021,Featured,4,description,https://www.kaggle.com/c/bms-molecular-translation/discussion/243787,www.kaggle.com,,0
bms-molecular-translation,0,,2021,Featured,5,description,https://www.kaggle.com/c/bms-molecular-translation/discussion/243943,www.kaggle.com,,0
bms-molecular-translation,0,,2021,Featured,6,description,https://www.kaggle.com/c/bms-molecular-translation/discussion/245704,www.kaggle.com,,0
bms-molecular-translation,0,,2021,Featured,7,description,https://www.kaggle.com/c/bms-molecular-translation/discussion/243779,www.kaggle.com,,0
bms-molecular-translation,0,,2021,Featured,8,description,https://www.kaggle.com/c/bms-molecular-translation/discussion/244078,www.kaggle.com,,0
bms-molecular-translation,0,,2021,Featured,9,code,https://www.kaggle.com/c/bms-molecular-translation/discussion/243761,www.kaggle.com,,0
bms-molecular-translation,0,,2021,Featured,9,description,https://www.kaggle.com/c/bms-molecular-translation/discussion/244031,www.kaggle.com,,0
bms-molecular-translation,0,,2021,Featured,10,description,https://www.kaggle.com/c/bms-molecular-translation/discussion/243766,www.kaggle.com,,0
bms-molecular-translation,0,,2021,Featured,10,description,https://www.kaggle.com/c/bms-molecular-translation/discussion/243809,www.kaggle.com,,0
bms-molecular-translation,0,,2021,Featured,12,description,https://www.kaggle.com/c/bms-molecular-translation/discussion/243824,www.kaggle.com,,0
bms-molecular-translation,0,,2021,Featured,13,description,https://www.kaggle.com/c/bms-molecular-translation/discussion/244166,www.kaggle.com,,0
bms-molecular-translation,0,,2021,Featured,15,description,https://www.kaggle.com/c/bms-molecular-translation/discussion/243951,www.kaggle.com,,0
bms-molecular-translation,0,,2021,Featured,18,description,https://www.kaggle.com/c/bms-molecular-translation/discussion/244266,www.kaggle.com,,0
bms-molecular-translation,0,,2021,Featured,24,description,https://www.kaggle.com/c/bms-molecular-translation/discussion/243917,www.kaggle.com,,0
bms-molecular-translation,0,,2021,Featured,27,description,https://www.kaggle.com/c/bms-molecular-translation/discussion/247661,www.kaggle.com,,0
bms-molecular-translation,0,,2021,Featured,47,code,https://www.kaggle.com/c/bms-molecular-translation/discussion/243845,www.kaggle.com,,0
bms-molecular-translation,0,,2021,Featured,50,code,https://www.kaggle.com/c/bms-molecular-translation/discussion/243820,www.kaggle.com,,0
bms-molecular-translation,0,,2021,Featured,all solutions,kernel,https://www.kaggle.com/c/bms-molecular-translation/discussion/243792,www.kaggle.com,,0
bnp-paribas-cardif-claims-management,0,,2016,Featured,1,description,https://www.kaggle.com/c/bnp-paribas-cardif-claims-management/discussion/20247,www.kaggle.com,,0
bnp-paribas-cardif-claims-management,0,,2016,Featured,2,code,https://github.com/bishwarup307/BNP_Paribas_Cardiff_Claim_Management,github.com,,0
bnp-paribas-cardif-claims-management,0,,2016,Featured,3,description,https://www.kaggle.com/c/bnp-paribas-cardif-claims-management/discussion/20258,www.kaggle.com,,0
bnp-paribas-cardif-claims-management,0,,2016,Featured,4,code,https://github.com/brandenkmurray/kaggle/tree/master/bnp,github.com,,0
bosch-production-line-performance,0,,2016,Featured,1,description,https://www.kaggle.com/c/bosch-production-line-performance/discussion/25434,www.kaggle.com,,0
bosch-production-line-performance,0,,2016,Featured,3,description,https://www.kaggle.com/c/bosch-production-line-performance/discussion/25359,www.kaggle.com,,0
bosch-production-line-performance,0,,2016,Featured,3,description,http://blog.kaggle.com/2016/12/15/bosch-production-line-performance-competition-winners-interview-3rd-place-team-data-property-avengers-darragh-marios-mathias-stanislav/,blog.kaggle.com,legacy_blog,0
bosch-production-line-performance,0,,2016,Featured,4,description,https://www.kaggle.com/c/bosch-production-line-performance/discussion/25370,www.kaggle.com,,0
bosch-production-line-performance,0,,2016,Featured,7,description,https://www.kaggle.com/c/bosch-production-line-performance/discussion/25348,www.kaggle.com,,0
bosch-production-line-performance,0,,2016,Featured,8,description,https://www.kaggle.com/c/bosch-production-line-performance/discussion/25382,www.kaggle.com,,0
bosch-production-line-performance,0,,2016,Featured,57,code,https://github.com/toshi-k/kaggle-bosch-production-line-performance,github.com,,0
bosch-production-line-performance,0,,2016,Featured,?,description,http://blog.kaggle.com/2016/12/30/bosch-production-line-performance-competition-symposium-for-advanced-manufacturing-grant-winners-ankita-nishant-abhinav-bohdan/,blog.kaggle.com,legacy_blog,0
career-con-2019,0,,2019,Recruitment,3,code,https://www.kaggle.com/c/career-con-2019/discussion/89181#latest-523612,www.kaggle.com,,0
career-con-2019,0,,2019,Recruitment,15,code,https://www.kaggle.com/c/career-con-2019/discussion/89176#latest-514963,www.kaggle.com,,0
career-con-2019,0,,2019,Recruitment,16,description,https://www.kaggle.com/c/career-con-2019/discussion/89172#latest-515819,www.kaggle.com,,0
career-con-2019,0,,2019,Recruitment,17,description,https://www.kaggle.com/c/career-con-2019/discussion/89259#latest-515629,www.kaggle.com,,0
career-con-2019,0,,2019,Recruitment,40,description,https://www.kaggle.com/c/career-con-2019/discussion/89194#latest-516220,www.kaggle.com,,0
carvana-image-masking-challenge,0,,2017,Featured,1,code,https://www.kaggle.com/c/carvana-image-masking-challenge/discussion/46176,www.kaggle.com,,0
carvana-image-masking-challenge,0,,2017,Featured,3,code,https://www.kaggle.com/c/carvana-image-masking-challenge/discussion/40199,www.kaggle.com,,0
carvana-image-masking-challenge,0,,2017,Featured,4,code,https://github.com/killthekitten/kaggle-carvana-2017,github.com,,0
carvana-image-masking-challenge,0,,2017,Featured,5,description,https://www.kaggle.com/c/carvana-image-masking-challenge/discussion/40144,www.kaggle.com,,0
carvana-image-masking-challenge,0,,2017,Featured,10,description,https://www.kaggle.com/c/carvana-image-masking-challenge/discussion/40133,www.kaggle.com,,0
carvana-image-masking-challenge,0,,2017,Featured,11,description,https://www.kaggle.com/c/carvana-image-masking-challenge/discussion/40126,www.kaggle.com,,0
cassava-leaf-disease-classification,0,,2021,Research,1,description,https://www.kaggle.com/c/cassava-leaf-disease-classification/discussion/221957,www.kaggle.com,,0
cassava-leaf-disease-classification,0,,2021,Research,2,description,https://www.kaggle.com/c/cassava-leaf-disease-classification/discussion/220898,www.kaggle.com,,0
cassava-leaf-disease-classification,0,,2021,Research,3,description,https://www.kaggle.com/c/cassava-leaf-disease-classification/discussion/221150,www.kaggle.com,,0
cassava-leaf-disease-classification,0,,2021,Research,5,description,https://www.kaggle.com/c/cassava-leaf-disease-classification/discussion/221249,www.kaggle.com,,0
cassava-leaf-disease-classification,0,,2021,Research,7,description,https://www.kaggle.com/c/cassava-leaf-disease-classification/discussion/220735,www.kaggle.com,,0
cassava-leaf-disease-classification,0,,2021,Research,8,description,https://www.kaggle.com/c/cassava-leaf-disease-classification/discussion/220994,www.kaggle.com,,0
cassava-leaf-disease-classification,0,,2021,Research,10,description,https://www.kaggle.com/c/cassava-leaf-disease-classification/discussion/220788,www.kaggle.com,,0
cassava-leaf-disease-classification,0,,2021,Research,13,description,https://www.kaggle.com/c/cassava-leaf-disease-classification/discussion/220682,www.kaggle.com,,0
cassava-leaf-disease-classification,0,,2021,Research,14,code,https://www.kaggle.com/c/cassava-leaf-disease-classification/discussion/220751,www.kaggle.com,,0
cassava-leaf-disease-classification,0,,2021,Research,16,description,https://www.kaggle.com/c/cassava-leaf-disease-classification/discussion/221113,www.kaggle.com,,0
cassava-leaf-disease-classification,0,,2021,Research,17,description,https://www.kaggle.com/c/cassava-leaf-disease-classification/discussion/220625,www.kaggle.com,,0
cassava-leaf-disease-classification,0,,2021,Research,18,description,https://www.kaggle.com/c/cassava-leaf-disease-classification/discussion/220889,www.kaggle.com,,0
cassava-leaf-disease-classification,0,,2021,Research,25,description,https://www.kaggle.com/c/cassava-leaf-disease-classification/discussion/221116,www.kaggle.com,,0
cassava-leaf-disease-classification,0,,2021,Research,28,description,https://www.kaggle.com/c/cassava-leaf-disease-classification/discussion/220599,www.kaggle.com,,0
cassava-leaf-disease-classification,0,,2021,Research,29,description,https://www.kaggle.com/c/cassava-leaf-disease-classification/discussion/220841,www.kaggle.com,,0
cassava-leaf-disease-classification,0,,2021,Research,30,description,https://www.kaggle.com/c/cassava-leaf-disease-classification/discussion/221739,www.kaggle.com,,0
cassava-leaf-disease-classification,0,,2021,Research,32,description,https://www.kaggle.com/c/cassava-leaf-disease-classification/discussion/220813,www.kaggle.com,,0
cassava-leaf-disease-classification,0,,2021,Research,34,description,https://www.kaggle.com/c/cassava-leaf-disease-classification/discussion/220749,www.kaggle.com,,0
cassava-leaf-disease-classification,0,,2021,Research,36,description,https://www.kaggle.com/c/cassava-leaf-disease-classification/discussion/220628,www.kaggle.com,,0
cassava-leaf-disease-classification,0,,2021,Research,37,description,https://www.kaggle.com/c/cassava-leaf-disease-classification/discussion/220969,www.kaggle.com,,0
cassava-leaf-disease-classification,0,,2021,Research,all solutions,kernel,https://www.kaggle.com/c/cassava-leaf-disease-classification/discussion/220869,www.kaggle.com,,0
cat-in-the-dat,0,,2019,Playground,1,description,https://www.kaggle.com/c/cat-in-the-dat/discussion/121356,www.kaggle.com,,0
cat-in-the-dat,0,,2019,Playground,2,code,https://www.kaggle.com/c/cat-in-the-dat/discussion/121063,www.kaggle.com,,0
cat-in-the-dat,0,,2019,Playground,3,description,https://www.kaggle.com/c/cat-in-the-dat/discussion/122649,www.kaggle.com,,0
cat-in-the-dat,0,,2019,Playground,4,description,https://www.kaggle.com/c/cat-in-the-dat/discussion/121584,www.kaggle.com,,0
cat-in-the-dat-ii,0,,2020,Playground,1,code,https://www.kaggle.com/c/cat-in-the-dat-ii/discussion/140465,www.kaggle.com,,0
cat-in-the-dat-ii,0,,2020,Playground,2,description,https://www.kaggle.com/c/cat-in-the-dat-ii/discussion/140383,www.kaggle.com,,0
cause-effect-pairs,0,,2013,Research,2,code,https://github.com/jarfo/cause-effect,github.com,,0
cdiscount-image-classification-challenge,0,,2017,Featured,1,description,https://www.kaggle.com/c/cdiscount-image-classification-challenge/discussion/45863,www.kaggle.com,,0
cdiscount-image-classification-challenge,0,,2017,Featured,2,code,https://github.com/miha-skalic/convolutedPredictions_Cdiscount,github.com,,0
cdiscount-image-classification-challenge,0,,2017,Featured,2,description,https://www.kaggle.com/c/cdiscount-image-classification-challenge/discussion/45709,www.kaggle.com,,0
cdiscount-image-classification-challenge,0,,2017,Featured,7,description,https://www.kaggle.com/c/cdiscount-image-classification-challenge/discussion/45737,www.kaggle.com,,0
cdiscount-image-classification-challenge,0,,2017,Featured,9,description,https://www.kaggle.com/c/cdiscount-image-classification-challenge/discussion/45721,www.kaggle.com,,0
cdiscount-image-classification-challenge,0,,2017,Featured,12,description,https://www.kaggle.com/c/cdiscount-image-classification-challenge/discussion/45798,www.kaggle.com,,0
cervical-cancer-screening,0,,2016,Featured,1,description,https://www.kaggle.com/c/cervical-cancer-screening/discussion/18691,www.kaggle.com,,0
cervical-cancer-screening,0,,2016,Featured,1,description,http://blog.kaggle.com/2016/02/26/genentech-cervical-cancer-screening-winners-interview-1st-place-michael-giulio/,blog.kaggle.com,legacy_blog,0
challenges-in-representation-learning-facial-expression-recognition-challenge,0,,2013,Research,1,code,https://www.kaggle.com/c/challenges-in-representation-learning-facial-expression-recognition-challenge/discussion/4676#25019,www.kaggle.com,,0
challenges-in-representation-learning-multi-modal-learning,0,,2013,Research,1,code,https://www.kaggle.com/c/challenges-in-representation-learning-multi-modal-learning/discussion/4727,www.kaggle.com,,0
challenges-in-representation-learning-the-black-box-learning-challenge,0,,2013,Research,1,description,https://www.kaggle.com/c/challenges-in-representation-learning-the-black-box-learning-challenge/discussion/4717,www.kaggle.com,,0
challenges-in-representation-learning-the-black-box-learning-challenge,0,,2013,Research,2,description,https://www.kaggle.com/c/challenges-in-representation-learning-the-black-box-learning-challenge/discussion/4726,www.kaggle.com,,0
champs-scalar-coupling,0,,2019,Featured,1,code,https://www.kaggle.com/c/champs-scalar-coupling/discussion/106575#latest-635305,www.kaggle.com,,0
champs-scalar-coupling,0,,2019,Featured,2,code,https://www.kaggle.com/c/champs-scalar-coupling/discussion/108845#latest-632839,www.kaggle.com,,0
champs-scalar-coupling,0,,2019,Featured,2,description,https://www.kaggle.com/c/champs-scalar-coupling/discussion/106468#latest-618474,www.kaggle.com,,0
champs-scalar-coupling,0,,2019,Featured,3,description,https://www.kaggle.com/c/champs-scalar-coupling/discussion/106572#latest-620382,www.kaggle.com,,0
champs-scalar-coupling,0,,2019,Featured,4,description,https://www.kaggle.com/c/champs-scalar-coupling/discussion/106534#latest-613848,www.kaggle.com,,0
champs-scalar-coupling,0,,2019,Featured,5,description,https://www.kaggle.com/c/champs-scalar-coupling/discussion/106864#latest-615484,www.kaggle.com,,0
champs-scalar-coupling,0,,2019,Featured,6,code,https://www.kaggle.com/c/champs-scalar-coupling/discussion/106407#latest-616839,www.kaggle.com,,0
champs-scalar-coupling,0,,2019,Featured,7,description,https://www.kaggle.com/c/champs-scalar-coupling/discussion/106421#latest-619300,www.kaggle.com,,0
champs-scalar-coupling,0,,2019,Featured,8,description,https://www.kaggle.com/c/champs-scalar-coupling/discussion/106347#latest-629355,www.kaggle.com,,0
champs-scalar-coupling,0,,2019,Featured,9,description,https://www.kaggle.com/c/champs-scalar-coupling/discussion/106649#latest-616956,www.kaggle.com,,0
champs-scalar-coupling,0,,2019,Featured,10,code,https://www.kaggle.com/c/champs-scalar-coupling/discussion/106271#latest-618034,www.kaggle.com,,0
champs-scalar-coupling,0,,2019,Featured,10,description,https://www.kaggle.com/c/champs-scalar-coupling/discussion/106293#latest-611400,www.kaggle.com,,0
champs-scalar-coupling,0,,2019,Featured,12,description,https://www.kaggle.com/c/champs-scalar-coupling/discussion/106275#latest-619893,www.kaggle.com,,0
champs-scalar-coupling,0,,2019,Featured,13,description,https://www.kaggle.com/c/champs-scalar-coupling/discussion/106377#latest-615686,www.kaggle.com,,0
champs-scalar-coupling,0,,2019,Featured,14,code,https://www.kaggle.com/c/champs-scalar-coupling/discussion/106298#latest-612917,www.kaggle.com,,0
champs-scalar-coupling,0,,2019,Featured,15,description,https://www.kaggle.com/c/champs-scalar-coupling/discussion/106288#latest-612721,www.kaggle.com,,0
champs-scalar-coupling,0,,2019,Featured,19,description,https://www.kaggle.com/c/champs-scalar-coupling/discussion/106905#latest-615483,www.kaggle.com,,0
champs-scalar-coupling,0,,2019,Featured,20,description,https://www.kaggle.com/c/champs-scalar-coupling/discussion/106379#latest-613495,www.kaggle.com,,0
champs-scalar-coupling,0,,2019,Featured,22,description,https://www.kaggle.com/c/champs-scalar-coupling/discussion/106424#latest-612689,www.kaggle.com,,0
champs-scalar-coupling,0,,2019,Featured,24,description,https://www.kaggle.com/c/champs-scalar-coupling/discussion/106404#latest-612274,www.kaggle.com,,0
champs-scalar-coupling,0,,2019,Featured,35,description,https://www.kaggle.com/c/champs-scalar-coupling/discussion/106718#latest-615475,www.kaggle.com,,0
champs-scalar-coupling,0,,2019,Featured,42,description,https://www.kaggle.com/c/champs-scalar-coupling/discussion/106263#latest-613897,www.kaggle.com,,0
champs-scalar-coupling,0,,2019,Featured,43,description,https://www.kaggle.com/c/champs-scalar-coupling/discussion/106280#latest-613069,www.kaggle.com,,0
champs-scalar-coupling,0,,2019,Featured,all solutions,kernel,https://www.kaggle.com/c/champs-scalar-coupling/discussion/106292#latest-612700,www.kaggle.com,,0
chess,0,,2010,Featured,1,description,http://blog.kaggle.com/2011/02/08/how-i-did-it-yannis-sismanis-on-winning-the-elo-chess-ratings-competition/,blog.kaggle.com,legacy_blog,0
chess,0,,2010,Featured,2,description,http://blog.kaggle.com/2010/11/19/how-i-did-it-jeremy-howard-on-finishing-second/,blog.kaggle.com,legacy_blog,0
chess,0,,2010,Featured,3,description,http://blog.kaggle.com/2010/11/20/how-i-did-it-martin-reichert-on-3rd-place-in-elo-comp/,blog.kaggle.com,legacy_blog,0
chess,0,,2010,Featured,4,description,http://blog.kaggle.com/2010/11/30/how-i-did-it-diogo-ferreira-on-4th-place-in-elo-chess-ratings-competition/,blog.kaggle.com,legacy_blog,0
chess,0,,2010,Featured,5,description,http://blog.kaggle.com/2010/11/27/philipp-weidmann-5th-in-the-elo-comp-on-chess-ratings-and-numerical-optimization/,blog.kaggle.com,legacy_blog,0
chess,0,,2010,Featured,9,description,http://blog.kaggle.com/2010/11/23/how-we-did-it-david-slate-and-peter-frey-on-9th-place-in-elo-comp/,blog.kaggle.com,legacy_blog,0
cifar-10,0,,2014,Playground,1,code,https://www.kaggle.com/c/cifar-10/discussion/10493,www.kaggle.com,,0
cifar-10,0,,2014,Playground,5,code,https://github.com/nagadomi/kaggle-cifar10-torch7,github.com,,0
ciphertext-challenge-iii,0,,2019,Playground,5,code,https://www.kaggle.com/c/ciphertext-challenge-iii/discussion/108200,www.kaggle.com,,0
coleridgeinitiative-show-us-the-data,0,,2021,Featured,1,code,https://www.kaggle.com/c/coleridgeinitiative-show-us-the-data/discussion/248251,www.kaggle.com,,0
coleridgeinitiative-show-us-the-data,0,,2021,Featured,1,description,https://www.kaggle.com/c/coleridgeinitiative-show-us-the-data/discussion/248253,www.kaggle.com,,0
coleridgeinitiative-show-us-the-data,0,,2021,Featured,2,code,https://www.kaggle.com/c/coleridgeinitiative-show-us-the-data/discussion/248296,www.kaggle.com,,0
coleridgeinitiative-show-us-the-data,0,,2021,Featured,4,code,https://www.kaggle.com/c/coleridgeinitiative-show-us-the-data/discussion/251457,www.kaggle.com,,0
coleridgeinitiative-show-us-the-data,0,,2021,Featured,5,code,https://www.kaggle.com/c/coleridgeinitiative-show-us-the-data/discussion/248300,www.kaggle.com,,0
coleridgeinitiative-show-us-the-data,0,,2021,Featured,6,description,https://www.kaggle.com/c/coleridgeinitiative-show-us-the-data/discussion/248496,www.kaggle.com,,0
coleridgeinitiative-show-us-the-data,0,,2021,Featured,13,code,https://www.kaggle.com/c/coleridgeinitiative-show-us-the-data/discussion/248541,www.kaggle.com,,0
coleridgeinitiative-show-us-the-data,0,,2021,Featured,14,code,https://www.kaggle.com/c/coleridgeinitiative-show-us-the-data/discussion/248511,www.kaggle.com,,0
coleridgeinitiative-show-us-the-data,0,,2021,Featured,17,description,https://www.kaggle.com/c/coleridgeinitiative-show-us-the-data/discussion/248657,www.kaggle.com,,0
coleridgeinitiative-show-us-the-data,0,,2021,Featured,21,description,https://www.kaggle.com/c/coleridgeinitiative-show-us-the-data/discussion/248360,www.kaggle.com,,0
coleridgeinitiative-show-us-the-data,0,,2021,Featured,23,code,https://www.kaggle.com/c/coleridgeinitiative-show-us-the-data/discussion/248680,www.kaggle.com,,0
coleridgeinitiative-show-us-the-data,0,,2021,Featured,33,description,https://www.kaggle.com/c/coleridgeinitiative-show-us-the-data/discussion/248463,www.kaggle.com,,0
coleridgeinitiative-show-us-the-data,0,,2021,Featured,34,description,https://www.kaggle.com/c/coleridgeinitiative-show-us-the-data/discussion/249607,www.kaggle.com,,0
coleridgeinitiative-show-us-the-data,0,,2021,Featured,36,description,https://www.kaggle.com/c/coleridgeinitiative-show-us-the-data/discussion/248320,www.kaggle.com,,0
coleridgeinitiative-show-us-the-data,0,,2021,Featured,38,description,https://www.kaggle.com/c/coleridgeinitiative-show-us-the-data/discussion/249027,www.kaggle.com,,0
coleridgeinitiative-show-us-the-data,0,,2021,Featured,41,description,https://www.kaggle.com/c/coleridgeinitiative-show-us-the-data/discussion/248737,www.kaggle.com,,0
coleridgeinitiative-show-us-the-data,0,,2021,Featured,44,code,https://www.kaggle.com/c/coleridgeinitiative-show-us-the-data/discussion/248386,www.kaggle.com,,0
coleridgeinitiative-show-us-the-data,0,,2021,Featured,47,code,https://www.kaggle.com/c/coleridgeinitiative-show-us-the-data/discussion/248254,www.kaggle.com,,0
coleridgeinitiative-show-us-the-data,0,,2021,Featured,all solutions,kernel,https://www.kaggle.com/c/coleridgeinitiative-show-us-the-data/discussion/248316,www.kaggle.com,,0
commonlitreadabilityprize,0,,2021,Featured,1,code,https://www.kaggle.com/c/commonlitreadabilityprize/discussion/257844,www.kaggle.com,,0
commonlitreadabilityprize,0,,2021,Featured,2,code,https://www.kaggle.com/c/commonlitreadabilityprize/discussion/258328,www.kaggle.com,,0
commonlitreadabilityprize,0,,2021,Featured,3,code,https://www.kaggle.com/c/commonlitreadabilityprize/discussion/258095,www.kaggle.com,,0
commonlitreadabilityprize,0,,2021,Featured,4,code,https://www.kaggle.com/c/commonlitreadabilityprize/discussion/258148,www.kaggle.com,,0
commonlitreadabilityprize,0,,2021,Featured,5,code,https://www.kaggle.com/c/commonlitreadabilityprize/discussion/259729,www.kaggle.com,,0
commonlitreadabilityprize,0,,2021,Featured,6,code,https://www.kaggle.com/c/commonlitreadabilityprize/discussion/258554,www.kaggle.com,,0
commonlitreadabilityprize,0,,2021,Featured,9,description,https://www.kaggle.com/c/commonlitreadabilityprize/discussion/259982,www.kaggle.com,,0
commonlitreadabilityprize,0,,2021,Featured,12,description,https://www.kaggle.com/c/commonlitreadabilityprize/discussion/260325,www.kaggle.com,,0
commonlitreadabilityprize,0,,2021,Featured,13,description,https://www.kaggle.com/c/commonlitreadabilityprize/discussion/257629,www.kaggle.com,,0
commonlitreadabilityprize,0,,2021,Featured,14,description,https://www.kaggle.com/c/commonlitreadabilityprize/discussion/258209,www.kaggle.com,,0
commonlitreadabilityprize,0,,2021,Featured,15,description,https://www.kaggle.com/c/commonlitreadabilityprize/discussion/260800,www.kaggle.com,,0
commonlitreadabilityprize,0,,2021,Featured,16,description,https://www.kaggle.com/c/commonlitreadabilityprize/discussion/258149,www.kaggle.com,,0
commonlitreadabilityprize,0,,2021,Featured,18,description,https://www.kaggle.com/c/commonlitreadabilityprize/discussion/258497,www.kaggle.com,,0
commonlitreadabilityprize,0,,2021,Featured,20,description,https://www.kaggle.com/c/commonlitreadabilityprize/discussion/257281,www.kaggle.com,,0
commonlitreadabilityprize,0,,2021,Featured,20,description,https://www.kaggle.com/c/commonlitreadabilityprize/discussion/257360,www.kaggle.com,,0
commonlitreadabilityprize,0,,2021,Featured,22,description,https://www.kaggle.com/c/commonlitreadabilityprize/discussion/257302,www.kaggle.com,,0
commonlitreadabilityprize,0,,2021,Featured,24,description,https://www.kaggle.com/c/commonlitreadabilityprize/discussion/257795,www.kaggle.com,,0
commonlitreadabilityprize,0,,2021,Featured,25,description,https://www.kaggle.com/c/commonlitreadabilityprize/discussion/258064,www.kaggle.com,,0
commonlitreadabilityprize,0,,2021,Featured,28,description,https://www.kaggle.com/c/commonlitreadabilityprize/discussion/258312,www.kaggle.com,,0
commonlitreadabilityprize,0,,2021,Featured,37,description,https://www.kaggle.com/c/commonlitreadabilityprize/discussion/260939,www.kaggle.com,,0
commonlitreadabilityprize,0,,2021,Featured,40,description,https://www.kaggle.com/c/commonlitreadabilityprize/discussion/258363,www.kaggle.com,,0
commonlitreadabilityprize,0,,2021,Featured,47,description,https://www.kaggle.com/c/commonlitreadabilityprize/discussion/258594,www.kaggle.com,,0
commonlitreadabilityprize,0,,2021,Featured,48,code,https://www.kaggle.com/c/commonlitreadabilityprize/discussion/257340,www.kaggle.com,,0
commonlitreadabilityprize,0,,2021,Featured,all solutions,kernel,https://www.kaggle.com/c/commonlitreadabilityprize/discussion/258368,www.kaggle.com,,0
connectomics,0,,2014,Research,1,code,https://github.com/asutera/kaggle-connectomics,github.com,,0
conway-s-reverse-game-of-life,0,,2014,Playground,1,description,https://www.kaggle.com/c/conway-s-reverse-game-of-life/discussion/7254,www.kaggle.com,,0
conways-reverse-game-of-life-2020,0,,2020,Playground,1,description,https://www.kaggle.com/c/conways-reverse-game-of-life-2020/discussion/200980,www.kaggle.com,,0
conways-reverse-game-of-life-2020,0,,2020,Playground,2,code,https://www.kaggle.com/c/conways-reverse-game-of-life-2020/discussion/200539,www.kaggle.com,,0
conways-reverse-game-of-life-2020,0,,2020,Playground,2,code,https://www.kaggle.com/c/conways-reverse-game-of-life-2020/discussion/200531,www.kaggle.com,,0
conways-reverse-game-of-life-2020,0,,2020,Playground,6,code,https://cjm715.github.io/data/2020/12/22/kaggle-reverse-game-of-life.html,cjm715.github.io,,0
conways-reverse-game-of-life-2020,0,,2020,Playground,16,code,https://www.kaggle.com/akashsuper2000/genetic-algorithm-submission-kernel,www.kaggle.com,,0
conways-reverse-game-of-life-2020,0,,2020,Playground,22,code,https://www.kaggle.com/c/conways-reverse-game-of-life-2020/discussion/200608,www.kaggle.com,,0
conways-reverse-game-of-life-2020,0,,2020,Playground,all solutions,kernel,https://www.kaggle.com/c/conways-reverse-game-of-life-2020/discussion/201483,www.kaggle.com,,0
coupon-purchase-prediction,0,,2015,Featured,1,description,https://www.kaggle.com/c/coupon-purchase-prediction/discussion/16736#93760,www.kaggle.com,,0
coupon-purchase-prediction,0,,2015,Featured,2,description,http://blog.kaggle.com/2015/10/21/recruit-coupon-purchase-winners-interview-2nd-place-halla-yang/,blog.kaggle.com,legacy_blog,0
coupon-purchase-prediction,0,,2015,Featured,3,code,https://github.com/threecourse/kaggle-coupon-purchase-prediction,github.com,,0
coupon-purchase-prediction,0,,2015,Featured,5,code,https://github.com/nagadomi/kaggle-coupon-purchase-prediction,github.com,,0
coupon-purchase-prediction,0,,2015,Featured,10,code,https://github.com/daxiongshu/Coupon-Purchase-Prediction,github.com,,0
coupon-purchase-prediction,0,,2015,Featured,11,code,https://github.com/mawicks/KaggleCouponContest,github.com,,0
covid19-global-forecasting-week-4,0,,2020,Research,2,description,https://www.kaggle.com/c/covid19-global-forecasting-week-4/discussion/146006,www.kaggle.com,,0
covid19-global-forecasting-week-4,0,,2020,Research,4,description,https://www.kaggle.com/c/covid19-global-forecasting-week-4/discussion/143893,www.kaggle.com,,0
covid19-global-forecasting-week-4,0,,2020,Research,9,description,https://www.kaggle.com/c/covid19-global-forecasting-week-4/discussion/151461,www.kaggle.com,,0
covid19-global-forecasting-week-4,0,,2020,Research,11,description,https://www.kaggle.com/c/covid19-global-forecasting-week-4/discussion/146754,www.kaggle.com,,0
covid19-global-forecasting-week-5,0,,2020,Research,1,code,https://www.kaggle.com/c/covid19-global-forecasting-week-5/discussion/155638,www.kaggle.com,,0
covid19-global-forecasting-week-5,0,,2020,Research,2,description,https://www.kaggle.com/c/covid19-global-forecasting-week-5/discussion/143893,www.kaggle.com,,0
covid19-global-forecasting-week-5,0,,2020,Research,2,description,https://www.kaggle.com/c/covid19-global-forecasting-week-5/discussion/146754,www.kaggle.com,,0
covid19-global-forecasting-week-5,0,,2020,Research,3,code,https://www.kaggle.com/c/covid19-global-forecasting-week-5/discussion/154804,www.kaggle.com,,0
covid19-global-forecasting-week-5,0,,2020,Research,4,description,https://www.kaggle.com/c/covid19-global-forecasting-week-5/discussion/154664,www.kaggle.com,,0
covid19-global-forecasting-week-5,0,,2020,Research,5,description,https://www.kaggle.com/c/covid19-global-forecasting-week-5/discussion/154773,www.kaggle.com,,0
covid19-global-forecasting-week-5,0,,2020,Research,9,description,https://www.kaggle.com/c/covid19-global-forecasting-week-5/discussion/154951,www.kaggle.com,,0
covid19-global-forecasting-week-5,0,,2020,Research,9,description,https://www.kaggle.com/c/covid19-global-forecasting-week-5/discussion/151461,www.kaggle.com,,0
covid19-local-us-ca-forecasting-week-1,0,,2020,Research,6,description,https://www.kaggle.com/c/covid19-local-us-ca-forecasting-week-1/discussion/144829,www.kaggle.com,,0
criteo-display-ad-challenge,0,,2014,Research,1,code,https://www.kaggle.com/c/criteo-display-ad-challenge/discussion/10555,www.kaggle.com,,0
criteo-display-ad-challenge,0,,2014,Research,3,code,https://www.kaggle.com/c/criteo-display-ad-challenge/discussion/10547,www.kaggle.com,,0
criteo-display-ad-challenge,0,,2014,Research,4,code,https://www.kaggle.com/c/criteo-display-ad-challenge/discussion/10534,www.kaggle.com,,0
crowdflower-search-relevance,0,,2015,Featured,1,code,https://github.com/ChenglongChen/Kaggle_CrowdFlower,github.com,,0
crowdflower-search-relevance,0,,2015,Featured,2,code,https://github.com/geffy/kaggle-crowdflower,github.com,,0
crowdflower-search-relevance,0,,2015,Featured,3,code,https://github.com/skrypka/crowdflower-search,github.com,,0
crowdflower-search-relevance,0,,2015,Featured,7,description,https://www.kaggle.com/c/crowdflower-search-relevance/discussion/15181,www.kaggle.com,,0
crowdflower-weather-twitter,0,,2013,Playground,1,description,https://www.kaggle.com/c/crowdflower-weather-twitter/discussion/6488,www.kaggle.com,,0
customer-retention,0,,2012,Masters,4,description,https://www.kaggle.com/c/customer-retention/discussion/3300,www.kaggle.com,,0
cvpr-2018-autonomous-driving,0,,2018,Research,2,code,https://github.com/Computational-Camera/Kaggle-CVPR-2018-WAD-Video-Segmentation-Challenge-Solution,github.com,,0
cvpr-2018-autonomous-driving,0,,2018,Research,3,code,https://github.com/stevenwudi/CVPR_2018_WAD,github.com,,0
cvpr-2018-autonomous-driving,0,,2018,Research,4,code,https://github.com/wwoody827/cvpr-2018-autonomous-driving-autopilot-solution,github.com,,0
data-science-bowl-2017,0,,2017,Featured,1,code,https://github.com/lfz/DSB2017,github.com,,0
data-science-bowl-2017,0,,2017,Featured,2,code,https://github.com/dhammack/DSB2017,github.com,,0
data-science-bowl-2017,0,,2017,Featured,2,code,https://github.com/juliandewit/kaggle_ndsb2017,github.com,,0
data-science-bowl-2017,0,,2017,Featured,2,description,http://juliandewit.github.io/kaggle-ndsb2017/,juliandewit.github.io,insecure_http,0
data-science-bowl-2017,0,,2017,Featured,6,code,https://github.com/mdai/kaggle-lung-cancer,github.com,,0
data-science-bowl-2017,0,,2017,Featured,7,description,https://www.kaggle.com/c/data-science-bowl-2017/discussion/31576,www.kaggle.com,,0
data-science-bowl-2017,0,,2017,Featured,9,code,https://github.com/EliasVansteenkiste/dsb3,github.com,,0
data-science-bowl-2017,0,,2017,Featured,10,code,https://github.com/owkin/DSB2017,github.com,,0
data-science-bowl-2018,0,,2018,Featured,1,code,https://github.com/selimsef/dsb2018_topcoders,github.com,,0
data-science-bowl-2018,0,,2018,Featured,2,code,https://github.com/jacobkie/2018DSB,github.com,,0
data-science-bowl-2018,0,,2018,Featured,3,code,https://www.kaggle.com/c/data-science-bowl-2018/discussion/56393,www.kaggle.com,,0
data-science-bowl-2018,0,,2018,Featured,4,code,https://www.kaggle.com/c/data-science-bowl-2018/discussion/55118,www.kaggle.com,,0
data-science-bowl-2018,0,,2018,Featured,5,code,https://www.kaggle.com/c/data-science-bowl-2018/discussion/56326,www.kaggle.com,,0
data-science-bowl-2018,0,,2018,Featured,7,code,https://www.kaggle.com/c/data-science-bowl-2018/discussion/56238,www.kaggle.com,,0
data-science-bowl-2018,0,,2018,Featured,8,description,https://www.kaggle.com/c/data-science-bowl-2018/discussion/54838,www.kaggle.com,,0
data-science-bowl-2019,0,,2020,Featured,1,description,https://www.kaggle.com/c/data-science-bowl-2019/discussion/127469,www.kaggle.com,,0
data-science-bowl-2019,0,,2020,Featured,2,description,https://www.kaggle.com/c/data-science-bowl-2019/discussion/127388,www.kaggle.com,,0
data-science-bowl-2019,0,,2020,Featured,3,code,https://www.kaggle.com/c/data-science-bowl-2019/discussion/127891,www.kaggle.com,,0
data-science-bowl-2019,0,,2020,Featured,4,description,https://www.kaggle.com/c/data-science-bowl-2019/discussion/127210,www.kaggle.com,,0
data-science-bowl-2019,0,,2020,Featured,4,description,https://www.kaggle.com/c/data-science-bowl-2019/discussion/127312,www.kaggle.com,,0
data-science-bowl-2019,0,,2020,Featured,7,description,https://www.kaggle.com/c/data-science-bowl-2019/discussion/127213,www.kaggle.com,,0
data-science-bowl-2019,0,,2020,Featured,8,code,https://www.kaggle.com/c/data-science-bowl-2019/discussion/127285,www.kaggle.com,,0
data-science-bowl-2019,0,,2020,Featured,9,description,https://www.kaggle.com/c/data-science-bowl-2019/discussion/127612,www.kaggle.com,,0
data-science-bowl-2019,0,,2020,Featured,10,description,https://www.kaggle.com/c/data-science-bowl-2019/discussion/127332,www.kaggle.com,,0
data-science-bowl-2019,0,,2020,Featured,14,code,https://www.kaggle.com/c/data-science-bowl-2019/discussion/127221,www.kaggle.com,,0
data-science-bowl-2019,0,,2020,Featured,15,code,https://www.kaggle.com/c/data-science-bowl-2019/discussion/127500,www.kaggle.com,,0
data-science-bowl-2019,0,,2020,Featured,16,description,https://www.kaggle.com/c/data-science-bowl-2019/discussion/127331,www.kaggle.com,,0
data-science-bowl-2019,0,,2020,Featured,19,description,https://www.kaggle.com/c/data-science-bowl-2019/discussion/127396,www.kaggle.com,,0
data-science-bowl-2019,0,,2020,Featured,20,description,https://www.kaggle.com/c/data-science-bowl-2019/discussion/127650,www.kaggle.com,,0
data-science-bowl-2019,0,,2020,Featured,21,code,https://www.kaggle.com/c/data-science-bowl-2019/discussion/127543,www.kaggle.com,,0
data-science-bowl-2019,0,,2020,Featured,30,description,https://www.kaggle.com/c/data-science-bowl-2019/discussion/128417,www.kaggle.com,,0
data-science-bowl-2019,0,,2020,Featured,31,description,https://www.kaggle.com/c/data-science-bowl-2019/discussion/127544,www.kaggle.com,,0
data-science-bowl-2019,0,,2020,Featured,37,code,https://www.kaggle.com/toshik/37th-place-solution,www.kaggle.com,,0
data-science-bowl-2019,0,,2020,Featured,40,description,https://www.kaggle.com/c/data-science-bowl-2019/discussion/127408,www.kaggle.com,,0
data-science-bowl-2019,0,,2020,Featured,42,description,https://www.kaggle.com/c/data-science-bowl-2019/discussion/127306,www.kaggle.com,,0
data-science-bowl-2019,0,,2020,Featured,44,description,https://www.kaggle.com/c/data-science-bowl-2019/discussion/127304,www.kaggle.com,,0
data-science-bowl-2019,0,,2020,Featured,all solutions,kernel,https://www.kaggle.com/c/data-science-bowl-2019/discussion/129119,www.kaggle.com,,0
data-science-bowl-2019,0,,2020,Featured,all solutions,kernel,https://www.kaggle.com/c/data-science-bowl-2019/discussion/129034,www.kaggle.com,,0
data-science-bowl-2019,0,,2020,Featured,all solutions,kernel,https://www.kaggle.com/c/data-science-bowl-2019/discussion/127397,www.kaggle.com,,0
data-science-for-good-careervillage,0,,2019,Analytics,?,code,https://github.com/dataroot/Kaggle-CV,github.com,,0
data-science-london-scikit-learn,0,,2014,Getting Started,7,code,https://github.com/elenacuoco/London-scikit,github.com,,0
datasciencebowl,0,,2015,Featured,1,code,https://www.kaggle.com/c/datasciencebowl/discussion/12844,www.kaggle.com,,0
dato-native,0,,2015,Featured,1,description,http://blog.kaggle.com/2015/12/03/dato-winners-interview-1st-place-mad-professors/,blog.kaggle.com,legacy_blog,0
dato-native,0,,2015,Featured,2,code,https://www.kaggle.com/c/dato-native/discussion/17009#96206,www.kaggle.com,,0
dato-native,0,,2015,Featured,2,description,http://blog.kaggle.com/2015/10/30/dato-winners-interview-2nd-place-mortehu/,blog.kaggle.com,legacy_blog,0
decoding-the-human-brain,0,,2014,Research,1,code,https://github.com/alexandrebarachant/DecMeg2014,github.com,,0
decoding-the-human-brain,0,,2014,Research,2,code,https://github.com/mahehu/decmeg,github.com,,0
decoding-the-human-brain,0,,2014,Research,3,code,https://www.kaggle.com/c/decoding-the-human-brain/discussion/9913,www.kaggle.com,,0
deepfake-detection-challenge,0,,2020,Featured,1,code,https://www.kaggle.com/c/deepfake-detection-challenge/discussion/145721,www.kaggle.com,,0
deepfake-detection-challenge,0,,2020,Featured,2,description,https://www.kaggle.com/c/deepfake-detection-challenge/discussion/140236,www.kaggle.com,,0
deepfake-detection-challenge,0,,2020,Featured,3,description,https://www.kaggle.com/c/deepfake-detection-challenge/discussion/158158,www.kaggle.com,,0
deepfake-detection-challenge,0,,2020,Featured,5,code,https://www.kaggle.com/c/deepfake-detection-challenge/discussion/140364,www.kaggle.com,,0
deepfake-detection-challenge,0,,2020,Featured,12,code,https://www.kaggle.com/c/deepfake-detection-challenge/discussion/145822,www.kaggle.com,,0
deepfake-detection-challenge,0,,2020,Featured,27,description,https://www.kaggle.com/c/deepfake-detection-challenge/discussion/145965,www.kaggle.com,,0
deepfake-detection-challenge,0,,2020,Featured,37,description,https://www.kaggle.com/c/deepfake-detection-challenge/discussion/145732,www.kaggle.com,,0
deepfake-detection-challenge,0,,2020,Featured,41,code,https://www.kaggle.com/c/deepfake-detection-challenge/discussion/145841,www.kaggle.com,,0
deepfake-detection-challenge,0,,2020,Featured,44,description,https://www.kaggle.com/c/deepfake-detection-challenge/discussion/145720,www.kaggle.com,,0
deepfake-detection-challenge,0,,2020,Featured,47,description,https://www.kaggle.com/c/deepfake-detection-challenge/discussion/140303,www.kaggle.com,,0
deepfake-detection-challenge,0,,2020,Featured,all solutions,kernel,https://www.kaggle.com/c/deepfake-detection-challenge/discussion/145740,www.kaggle.com,,0
denoising-dirty-documents,0,,2015,Playground,6,code,https://github.com/toshi-k/kaggle-denoising-dirty-documents,github.com,,0
denoising-dirty-documents,0,,2015,Playground,8,description,https://www.kaggle.com/c/denoising-dirty-documents/discussion/16792#95222,www.kaggle.com,,0
detecting-insults-in-social-commentary,0,,2012,Recruitment,1,description,https://www.kaggle.com/c/detecting-insults-in-social-commentary/discussion/2744#14755,www.kaggle.com,,0
detecting-insults-in-social-commentary,0,,2012,Recruitment,2,code,https://github.com/tuzzeg/detect_insults,github.com,,0
detecting-insults-in-social-commentary,0,,2012,Recruitment,3,description,http://webmining.olariu.org/my-first-kaggle-competition-and-how-i-ranked/,webmining.olariu.org,insecure_http,0
detecting-insults-in-social-commentary,0,,2012,Recruitment,4,code,https://github.com/cbrew/Insults,github.com,,0
detecting-insults-in-social-commentary,0,,2012,Recruitment,6,description,http://peekaboo-vision.blogspot.com/2012/09/recap-of-my-first-kaggle-competition.html,peekaboo-vision.blogspot.com,insecure_http,0
detecting-insults-in-social-commentary,0,,2012,Recruitment,8,description,http://steve-p0ulson.blogspot.com/2012/09/recently-i-entered-kaggle-detecting.html,steve-p0ulson.blogspot.com,insecure_http,0
diabetic-retinopathy-detection,0,,2015,Featured,1,code,https://github.com/btgraham/SparseConvNet/tree/kaggle_Diabetic_Retinopathy_competition,github.com,,0
diabetic-retinopathy-detection,0,,2015,Featured,1,description,http://blog.kaggle.com/2015/09/09/diabetic-retinopathy-winners-interview-1st-place-ben-graham/,blog.kaggle.com,legacy_blog,0
diabetic-retinopathy-detection,0,,2015,Featured,2,code,https://www.kaggle.com/c/diabetic-retinopathy-detection/discussion/15807,www.kaggle.com,,0
diabetic-retinopathy-detection,0,,2015,Featured,3,code,https://www.kaggle.com/c/diabetic-retinopathy-detection/discussion/15845,www.kaggle.com,,0
diabetic-retinopathy-detection,0,,2015,Featured,4,description,http://blog.kaggle.com/2015/08/14/diabetic-retinopathy-winners-interview-4th-place-julian-daniel/,blog.kaggle.com,legacy_blog,0
diabetic-retinopathy-detection,0,,2015,Featured,5,code,https://github.com/JeffreyDF/kaggle_diabetic_retinopathy,github.com,,0
dog-breed-identification,0,,2018,Playground,6,code,https://github.com/ypwhs/DogBreed_gluon,github.com,,0
dog-breed-identification,0,,2018,Playground,?,code,https://github.com/fierceX/Dog-Breed-Identification-Gluon,github.com,,0
dogs-vs-cats,0,,2014,Playground,1,code,https://github.com/mrgloom/kaggle-dogs-vs-cats-solution,github.com,,0
dogs-vs-cats-redux-kernels-edition,0,,2017,Playground,1,description,http://blog.kaggle.com/2016/08/05/predicting-shelter-animal-outcomes-team-kaggle-for-the-paws-andras-zsom/,blog.kaggle.com,legacy_blog,0
dogs-vs-cats-redux-kernels-edition,0,,2017,Playground,4,description,http://blog.kaggle.com/2017/04/03/dogs-vs-cats-redux-playground-competition-winners-interview-bojan-tunguz/,blog.kaggle.com,legacy_blog,0
donorschoose-application-screening,0,,2018,Playground,1,code,https://www.kaggle.com/shadowwarrior/1st-place-solution/notebook,www.kaggle.com,,0
donorschoose-application-screening,0,,2018,Playground,15,code,https://github.com/KrisNguyen135/DonorsChoose-App-Screening,github.com,,0
dont-call-me-turkey,0,,2018,Playground,2,code,https://github.com/yafeunteun/kaggle-dont-call-me-turkey,github.com,,0
dont-overfit-ii,0,,2019,Playground,1,description,https://www.kaggle.com/c/dont-overfit-ii/discussion/91766#latest-539866,www.kaggle.com,,0
dont-overfit-ii,0,,2019,Playground,2,description,https://www.kaggle.com/c/dont-overfit-ii/discussion/91683#latest-535361,www.kaggle.com,,0
dont-overfit-ii,0,,2019,Playground,4,description,https://www.kaggle.com/c/dont-overfit-ii/discussion/91801#latest-532859,www.kaggle.com,,0
draper-satellite-image-chronology,0,,2016,Featured,1,description,https://www.kaggle.com/c/draper-satellite-image-chronology/discussion/21936,www.kaggle.com,,0
draper-satellite-image-chronology,0,,2016,Featured,4,description,https://www.kaggle.com/c/draper-satellite-image-chronology/discussion/21822#125285,www.kaggle.com,,0
draper-satellite-image-chronology,0,,2016,Featured,16,code,https://github.com/mingtotti/kaggle/tree/master/draper,github.com,,0
draper-satellite-image-chronology,0,,2016,Featured,23,description,http://blog.kaggle.com/2016/09/15/draper-satellite-image-chronology-machine-learning-solution-vicens-gaitan/,blog.kaggle.com,legacy_blog,0
draper-satellite-image-chronology,0,,2016,Featured,32,code,https://github.com/Laurae2/Draper-Chronology,github.com,,0
draper-satellite-image-chronology,0,,2016,Featured,32,description,http://blog.kaggle.com/2016/09/08/draper-satellite-image-chronology-damien-soukhavong/,blog.kaggle.com,legacy_blog,0
ds4g-environmental-insights-explorer,0,,2020,Analytics,1,code,https://www.kaggle.com/katemelianova/ds4g-spatial-panel-data-modeling,www.kaggle.com,,0
ds4g-environmental-insights-explorer,0,,2020,Analytics,2,code,https://www.kaggle.com/niyamatalmass/1-introduction-to-the-solution-of-dsg-eie,www.kaggle.com,,0
ds4g-environmental-insights-explorer,0,,2020,Analytics,3,code,https://www.kaggle.com/chrisarderne/ds4g-an-analytical-approach-to-no2-emissions,www.kaggle.com,,0
ds4g-environmental-insights-explorer,0,,2020,Analytics,4,code,https://www.kaggle.com/vlarmet/an-r-notebook-for-no2-emission-factor,www.kaggle.com,,0
ds4g-environmental-insights-explorer,0,,2020,Analytics,all solutions,kernel,https://www.kaggle.com/c/ds4g-environmental-insights-explorer/discussion/141822,www.kaggle.com,,0
dstl-satellite-imagery-feature-detection,0,,2017,Featured,1,description,http://blog.kaggle.com/2017/04/26/dstl-satellite-imagery-competition-1st-place-winners-interview-kyle-lee/,blog.kaggle.com,legacy_blog,0
dstl-satellite-imagery-feature-detection,0,,2017,Featured,2,description,https://www.kaggle.com/c/dstl-satellite-imagery-feature-detection/discussion/29747,www.kaggle.com,,0
dstl-satellite-imagery-feature-detection,0,,2017,Featured,2,description,https://www.kaggle.com/c/dstl-satellite-imagery-feature-detection/discussion/29829,www.kaggle.com,,0
dstl-satellite-imagery-feature-detection,0,,2017,Featured,3,code,https://github.com/ternaus/kaggle_dstl_submission,github.com,,0
dstl-satellite-imagery-feature-detection,0,,2017,Featured,3,description,http://blog.kaggle.com/2017/05/09/dstl-satellite-imagery-competition-3rd-place-winners-interview-vladimir-sergey/,blog.kaggle.com,legacy_blog,0
dstl-satellite-imagery-feature-detection,0,,2017,Featured,4,description,https://deepsense.ai/deep-learning-for-satellite-imagery-via-image-segmentation/,deepsense.ai,,0
dstl-satellite-imagery-feature-detection,0,,2017,Featured,5,code,https://github.com/lopuhin/kaggle-dstl,github.com,,0
dstl-satellite-imagery-feature-detection,0,,2017,Featured,5,code,https://github.com/alno/kaggle-dstl-satellite-imagery-feature-detection,github.com,,0
dstl-satellite-imagery-feature-detection,0,,2017,Featured,6,code,https://github.com/u1234x1234/kaggle-dstl-satellite-imagery-feature-detection,github.com,,0
dstl-satellite-imagery-feature-detection,0,,2017,Featured,9,code,https://github.com/toshi-k/kaggle-satellite-imagery-feature-detection,github.com,,0
dstl-satellite-imagery-feature-detection,0,,2017,Featured,12,description,https://www.kaggle.com/c/dstl-satellite-imagery-feature-detection/discussion/29790,www.kaggle.com,,0
dstl-satellite-imagery-feature-detection,0,,2017,Featured,18,code,https://github.com/DeepVoltaire/Dstl-Satellite-Imagery-Feature-Detection,github.com,,0
dunnhumbychallenge,0,,2011,Featured,1,description,http://blog.kaggle.com/2011/10/16/kernel-density-at-the-checkout/,blog.kaggle.com,legacy_blog,0
dunnhumbychallenge,0,,2011,Featured,2,description,http://blog.kaggle.com/2011/10/20/creatures-of-habit-neil-schneider/,blog.kaggle.com,legacy_blog,0
dunnhumbychallenge,0,,2011,Featured,3,description,http://blog.kaggle.com/2011/11/17/words-of-wisdom-from-ben-hamner-our-newest-recruit/,blog.kaggle.com,legacy_blog,0
dunnhumbychallenge,0,,2011,Featured,4,description,http://blog.kaggle.com/2011/10/19/deceitful-beast-william-cukierski/,blog.kaggle.com,legacy_blog,0
elo-merchant-category-recommendation,0,,2019,Featured,1,description,https://www.kaggle.com/c/elo-merchant-category-recommendation/discussion/82036,www.kaggle.com,,0
elo-merchant-category-recommendation,0,,2019,Featured,5,description,https://www.kaggle.com/c/elo-merchant-category-recommendation/discussion/82314,www.kaggle.com,,0
elo-merchant-category-recommendation,0,,2019,Featured,7,description,https://www.kaggle.com/c/elo-merchant-category-recommendation/discussion/82055,www.kaggle.com,,0
elo-merchant-category-recommendation,0,,2019,Featured,10,description,https://www.kaggle.com/c/elo-merchant-category-recommendation/discussion/82093,www.kaggle.com,,0
elo-merchant-category-recommendation,0,,2019,Featured,11,description,https://www.kaggle.com/c/elo-merchant-category-recommendation/discussion/82127,www.kaggle.com,,0
elo-merchant-category-recommendation,0,,2019,Featured,13,description,https://www.kaggle.com/c/elo-merchant-category-recommendation/discussion/80132,www.kaggle.com,,0
elo-merchant-category-recommendation,0,,2019,Featured,16,description,https://www.kaggle.com/c/elo-merchant-category-recommendation/discussion/82166,www.kaggle.com,,0
elo-merchant-category-recommendation,0,,2019,Featured,18,description,https://www.kaggle.com/c/elo-merchant-category-recommendation/discussion/82107,www.kaggle.com,,0
elo-merchant-category-recommendation,0,,2019,Featured,19,description,https://www.kaggle.com/c/elo-merchant-category-recommendation/discussion/82178,www.kaggle.com,,0
elo-merchant-category-recommendation,0,,2019,Featured,21,code,https://www.kaggle.com/c/elo-merchant-category-recommendation/discussion/82235,www.kaggle.com,,0
elo-merchant-category-recommendation,0,,2019,Featured,22,description,https://www.kaggle.com/c/elo-merchant-category-recommendation/discussion/82057,www.kaggle.com,,0
elo-merchant-category-recommendation,0,,2019,Featured,24,description,https://www.kaggle.com/c/elo-merchant-category-recommendation/discussion/75935,www.kaggle.com,,0
elo-merchant-category-recommendation,0,,2019,Featured,31,description,https://www.kaggle.com/c/elo-merchant-category-recommendation/discussion/82126,www.kaggle.com,,0
elo-merchant-category-recommendation,0,,2019,Featured,31,description,https://www.kaggle.com/c/elo-merchant-category-recommendation/discussion/82084,www.kaggle.com,,0
emc-data-science,0,,2012,Research,3,code,https://www.kaggle.com/c/emc-data-science/discussion/2762,www.kaggle.com,,0
emc-data-science,0,,2012,Research,6,description,https://www.kaggle.com/c/emc-data-science/discussion/2543,www.kaggle.com,,0
event-recommendation-engine-challenge,0,,2013,Featured,7,description,https://www.kaggle.com/c/event-recommendation-engine-challenge/discussion/3894,www.kaggle.com,,0
expedia-hotel-recommendations,0,,2016,Featured,1,description,https://www.kaggle.com/c/expedia-hotel-recommendations/discussion/21607,www.kaggle.com,,0
expedia-hotel-recommendations,0,,2016,Featured,13,code,https://github.com/danielkorzekwa/expedia-hotel-predictor,github.com,,0
expedia-hotel-recommendations,0,,2016,Featured,?,code,https://github.com/mandalsubhajit/Kaggle--Expedia-Hotel-Recommendations,github.com,,0
expedia-hotel-recommendations,0,,2016,Featured,?,code,https://github.com/zzsza/Kaggle_Expedia-hotel-recommendations,github.com,,0
facebook-recruiting-iii-keyword-extraction,0,,2013,Recruitment,1,description,https://www.kaggle.com/c/facebook-recruiting-iii-keyword-extraction/discussion/6650,www.kaggle.com,,0
facebook-recruiting-iv-human-or-bot,0,,2015,Recruitment,1,description,https://www.kaggle.com/c/facebook-recruiting-iv-human-or-bot/discussion/14628#81331,www.kaggle.com,,0
facebook-v-predicting-check-ins,0,,2016,Recruitment,1,code,https://github.com/ttvand/Facebook-V,github.com,,0
facebook-v-predicting-check-ins,0,,2016,Recruitment,2,code,https://github.com/mkliegl/kaggle-Facebook-V,github.com,,0
facebook-v-predicting-check-ins,0,,2016,Recruitment,5,code,https://github.com/aikinogard/5th_place_solution_facebook_check_ins,github.com,,0
facebook-v-predicting-check-ins,0,,2016,Recruitment,6,code,https://www.kaggle.com/c/facebook-v-predicting-check-ins/discussion/22123,www.kaggle.com,,0
facebook-v-predicting-check-ins,0,,2016,Recruitment,7,description,https://www.kaggle.com/c/facebook-v-predicting-check-ins/discussion/22078#126195,www.kaggle.com,,0
facebook-v-predicting-check-ins,0,,2016,Recruitment,8,code,https://github.com/pershinmr/kaggle_facebook_v,github.com,,0
facebook-v-predicting-check-ins,0,,2016,Recruitment,12,code,https://github.com/tonyzhangrt/facebook-checkin,github.com,,0
facebook-v-predicting-check-ins,0,,2016,Recruitment,13,description,https://www.kaggle.com/c/facebook-v-predicting-check-ins/discussion/22189,www.kaggle.com,,0
facial-keypoints-detection,0,,2016,Getting Started,1,description,https://www.kaggle.com/c/facial-keypoints-detection/discussion/21766,www.kaggle.com,,0
facial-keypoints-detection,0,,2016,Getting Started,?,code,https://github.com/dnouri/kfkd-tutorial,github.com,,0
facial-keypoints-detection,0,,2016,Getting Started,?,code,https://github.com/saber1988/facial-keypoints-detection,github.com,,0
facial-keypoints-detection,0,,2016,Getting Started,?,code,https://github.com/udacity/P1_Facial_Keypoints,github.com,,0
favorita-grocery-sales-forecasting,0,,2018,Featured,1,description,https://www.kaggle.com/c/favorita-grocery-sales-forecasting/discussion/47582,www.kaggle.com,,0
favorita-grocery-sales-forecasting,0,,2018,Featured,2,description,https://www.kaggle.com/c/favorita-grocery-sales-forecasting/discussion/47568,www.kaggle.com,,0
favorita-grocery-sales-forecasting,0,,2018,Featured,3,code,https://www.kaggle.com/c/favorita-grocery-sales-forecasting/discussion/47560,www.kaggle.com,,0
favorita-grocery-sales-forecasting,0,,2018,Featured,4,code,https://www.kaggle.com/c/favorita-grocery-sales-forecasting/discussion/47529,www.kaggle.com,,0
favorita-grocery-sales-forecasting,0,,2018,Featured,5,code,https://www.kaggle.com/c/favorita-grocery-sales-forecasting/discussion/47556,www.kaggle.com,,0
favorita-grocery-sales-forecasting,0,,2018,Featured,6,description,https://www.kaggle.com/c/favorita-grocery-sales-forecasting/discussion/47575,www.kaggle.com,,0
favorita-grocery-sales-forecasting,0,,2018,Featured,8,description,https://www.kaggle.com/c/favorita-grocery-sales-forecasting/discussion/47564,www.kaggle.com,,0
favorita-grocery-sales-forecasting,0,,2018,Featured,12,code,https://github.com/antklen/kaggle_favorita-grocery-sales,github.com,,0
favorita-grocery-sales-forecasting,0,,2018,Featured,13,description,https://www.kaggle.com/c/favorita-grocery-sales-forecasting/discussion/47542,www.kaggle.com,,0
favorita-grocery-sales-forecasting,0,,2018,Featured,15,description,https://www.kaggle.com/c/favorita-grocery-sales-forecasting/discussion/47534,www.kaggle.com,,0
favorita-grocery-sales-forecasting,0,,2018,Featured,16,description,https://www.kaggle.com/c/favorita-grocery-sales-forecasting/discussion/47603,www.kaggle.com,,0
favorita-grocery-sales-forecasting,0,,2018,Featured,17,description,https://www.kaggle.com/c/favorita-grocery-sales-forecasting/discussion/47554,www.kaggle.com,,0
favorita-grocery-sales-forecasting,0,,2018,Featured,31,description,https://www.kaggle.com/c/favorita-grocery-sales-forecasting/discussion/47537,www.kaggle.com,,0
favorita-grocery-sales-forecasting,0,,2018,Featured,34,code,https://github.com/btrotta/kaggle-favorita,github.com,,0
favorita-grocery-sales-forecasting,0,,2018,Featured,all solutions,kernel,https://www.kaggle.com/c/favorita-grocery-sales-forecasting/discussion/47544,www.kaggle.com,,0
finding-elo,0,,2015,Playground,23,description,https://www.kaggle.com/c/finding-elo/discussion/13010,www.kaggle.com,,0
flavours-of-physics,0,,2015,Featured,1,code,https://github.com/yandexdataschool/flavours-of-physics-start,github.com,,0
flavours-of-physics,0,,2015,Featured,1,description,http://blog.kaggle.com/2015/11/30/flavour-of-physics-technical-write-up-1st-place-go-polar-bears/,blog.kaggle.com,legacy_blog,0
flavours-of-physics,0,,2015,Featured,2,code,https://www.kaggle.com/c/flavours-of-physics/discussion/17062,www.kaggle.com,,0
flavours-of-physics,0,,2015,Featured,3,code,https://www.kaggle.com/c/flavours-of-physics/discussion/17000,www.kaggle.com,,0
flavours-of-physics,0,,2015,Featured,3,description,http://blog.kaggle.com/2015/11/23/flavour-of-physics-winners-interview-3rd-place-josef-slavicek/,blog.kaggle.com,legacy_blog,0
flavours-of-physics,0,,2015,Featured,5,code,https://github.com/alexander-rakhlin/flavours-of-physics,github.com,,0
flavours-of-physics,0,,2015,Featured,9,code,https://github.com/AntonUBC/kaggle_flavours_of_physics,github.com,,0
flower-classification-with-tpus,0,,2020,Playground,1,description,https://www.kaggle.com/c/flower-classification-with-tpus/discussion/150454,www.kaggle.com,,0
forest-cover-type-kernels-only,0,,2018,Playground,4,code,https://www.kaggle.com/c/forest-cover-type-kernels-only/discussion/66792,www.kaggle.com,,0
freesound-audio-tagging,0,,2018,Research,4,code,https://www.kaggle.com/c/freesound-audio-tagging/discussion/62634,www.kaggle.com,,0
freesound-audio-tagging,0,,2018,Research,8,code,https://www.kaggle.com/c/freesound-audio-tagging/discussion/64262,www.kaggle.com,,0
freesound-audio-tagging,0,,2018,Research,9,code,https://github.com/winnerineast/Freesound-General-Purpose-Audio-Tagging-Challenge,github.com,,0
freesound-audio-tagging-2019,0,,2019,Research,1,code,https://www.kaggle.com/c/freesound-audio-tagging-2019/discussion/95924,www.kaggle.com,,0
freesound-audio-tagging-2019,0,,2019,Research,2,code,https://www.kaggle.com/c/freesound-audio-tagging-2019/discussion/97815#latest-582300,www.kaggle.com,,0
freesound-audio-tagging-2019,0,,2019,Research,3,code,https://www.kaggle.com/c/freesound-audio-tagging-2019/discussion/97926#latest-583269,www.kaggle.com,,0
freesound-audio-tagging-2019,0,,2019,Research,4,code,https://www.kaggle.com/c/freesound-audio-tagging-2019/discussion/96440,www.kaggle.com,,0
freesound-audio-tagging-2019,0,,2019,Research,6,code,https://www.kaggle.com/c/freesound-audio-tagging-2019/discussion/96680,www.kaggle.com,,0
freesound-audio-tagging-2019,0,,2019,Research,7,code,https://www.kaggle.com/c/freesound-audio-tagging-2019/discussion/97812,www.kaggle.com,,0
freesound-audio-tagging-2019,0,,2019,Research,8,code,https://github.com/ebouteillon/freesound-audio-tagging-2019,github.com,,0
freesound-audio-tagging-2019,0,,2019,Research,9,code,https://www.kaggle.com/c/freesound-audio-tagging-2019/discussion/95409,www.kaggle.com,,0
freesound-audio-tagging-2019,0,,2019,Research,11,code,https://www.kaggle.com/c/freesound-audio-tagging-2019/discussion/95344,www.kaggle.com,,0
freesound-audio-tagging-2019,0,,2019,Research,13,description,https://www.kaggle.com/c/freesound-audio-tagging-2019/discussion/95429#latest-555313,www.kaggle.com,,0
freesound-audio-tagging-2019,0,,2019,Research,19,description,https://www.kaggle.com/c/freesound-audio-tagging-2019/discussion/95785#latest-554808,www.kaggle.com,,0
freesound-audio-tagging-2019,0,,2019,Research,21,description,https://www.kaggle.com/c/freesound-audio-tagging-2019/discussion/95347#latest-555105,www.kaggle.com,,0
freesound-audio-tagging-2019,0,,2019,Research,all solutions,kernel,https://www.kaggle.com/c/freesound-audio-tagging-2019/discussion/97834#latest-569419,www.kaggle.com,,0
g2net-gravitational-wave-detection,0,,2021,Research,1,code,https://www.kaggle.com/c/g2net-gravitational-wave-detection/discussion/275507,www.kaggle.com,,0
g2net-gravitational-wave-detection,0,,2021,Research,1,description,https://www.kaggle.com/c/g2net-gravitational-wave-detection/discussion/275476,www.kaggle.com,,0
g2net-gravitational-wave-detection,0,,2021,Research,2,code,https://www.kaggle.com/c/g2net-gravitational-wave-detection/discussion/275341,www.kaggle.com,,0
g2net-gravitational-wave-detection,0,,2021,Research,3,code,https://www.kaggle.com/c/g2net-gravitational-wave-detection/discussion/275617,www.kaggle.com,,0
g2net-gravitational-wave-detection,0,,2021,Research,4,description,https://www.kaggle.com/c/g2net-gravitational-wave-detection/discussion/275331,www.kaggle.com,,0
g2net-gravitational-wave-detection,0,,2021,Research,5,description,https://www.kaggle.com/c/g2net-gravitational-wave-detection/discussion/275334,www.kaggle.com,,0
g2net-gravitational-wave-detection,0,,2021,Research,6,description,https://www.kaggle.com/c/g2net-gravitational-wave-detection/discussion/275343,www.kaggle.com,,0
g2net-gravitational-wave-detection,0,,2021,Research,7,description,https://www.kaggle.com/c/g2net-gravitational-wave-detection/discussion/275349,www.kaggle.com,,0
g2net-gravitational-wave-detection,0,,2021,Research,8,description,https://www.kaggle.com/c/g2net-gravitational-wave-detection/discussion/275335,www.kaggle.com,,0
g2net-gravitational-wave-detection,0,,2021,Research,8,description,https://www.kaggle.com/c/g2net-gravitational-wave-detection/discussion/275433,www.kaggle.com,,0
g2net-gravitational-wave-detection,0,,2021,Research,10,description,https://www.kaggle.com/c/g2net-gravitational-wave-detection/discussion/275353,www.kaggle.com,,0
g2net-gravitational-wave-detection,0,,2021,Research,11,description,https://www.kaggle.com/c/g2net-gravitational-wave-detection/discussion/275405,www.kaggle.com,,0
g2net-gravitational-wave-detection,0,,2021,Research,12,description,https://www.kaggle.com/c/g2net-gravitational-wave-detection/discussion/275356,www.kaggle.com,,0
g2net-gravitational-wave-detection,0,,2021,Research,13,description,https://www.kaggle.com/c/g2net-gravitational-wave-detection/discussion/275841,www.kaggle.com,,0
g2net-gravitational-wave-detection,0,,2021,Research,15,code,https://www.kaggle.com/c/g2net-gravitational-wave-detection/discussion/275431,www.kaggle.com,,0
g2net-gravitational-wave-detection,0,,2021,Research,18,description,https://www.kaggle.com/c/g2net-gravitational-wave-detection/discussion/275318,www.kaggle.com,,0
g2net-gravitational-wave-detection,0,,2021,Research,19,description,https://www.kaggle.com/c/g2net-gravitational-wave-detection/discussion/275440,www.kaggle.com,,0
g2net-gravitational-wave-detection,0,,2021,Research,23,description,https://www.kaggle.com/c/g2net-gravitational-wave-detection/discussion/275728,www.kaggle.com,,0
g2net-gravitational-wave-detection,0,,2021,Research,54,description,https://www.kaggle.com/c/g2net-gravitational-wave-detection/discussion/275360,www.kaggle.com,,0
g2net-gravitational-wave-detection,0,,2021,Research,all solutions,kernel,https://www.kaggle.com/c/g2net-gravitational-wave-detection/discussion/275426,www.kaggle.com,,0
ga-customer-revenue-prediction,0,,2019,Featured,1,code,https://www.kaggle.com/c/ga-customer-revenue-prediction/discussion/82614,www.kaggle.com,,0
ga-customer-revenue-prediction,0,,2019,Featured,23,description,https://www.kaggle.com/c/ga-customer-revenue-prediction/discussion/82263,www.kaggle.com,,0
ga-customer-revenue-prediction,0,,2019,Featured,26,code,https://www.kaggle.com/c/ga-customer-revenue-prediction/discussion/81639,www.kaggle.com,,0
ga-customer-revenue-prediction,0,,2019,Featured,36,code,https://www.kaggle.com/c/ga-customer-revenue-prediction/discussion/82746,www.kaggle.com,,0
galaxy-zoo-the-galaxy-challenge,0,,2014,Research,1,code,https://www.kaggle.com/c/galaxy-zoo-the-galaxy-challenge/discussion/7722,www.kaggle.com,,0
galaxy-zoo-the-galaxy-challenge,0,,2014,Research,3,code,https://www.kaggle.com/c/galaxy-zoo-the-galaxy-challenge/discussion/7599#42505,www.kaggle.com,,0
galaxy-zoo-the-galaxy-challenge,0,,2014,Research,9,code,https://github.com/soumith/galaxyzoo,github.com,,0
galaxy-zoo-the-galaxy-challenge,0,,2014,Research,13,code,https://github.com/zhangxiangxiao/GalaxyZoo,github.com,,0
gendered-pronoun-resolution,0,,2019,Research,1,description,https://www.kaggle.com/c/gendered-pronoun-resolution/discussion/90392#latest-544753,www.kaggle.com,,0
gendered-pronoun-resolution,0,,2019,Research,3,description,https://www.kaggle.com/c/gendered-pronoun-resolution/discussion/90424#latest-533098,www.kaggle.com,,0
gendered-pronoun-resolution,0,,2019,Research,4,code,https://www.kaggle.com/c/gendered-pronoun-resolution/discussion/90484#latest-540226,www.kaggle.com,,0
gendered-pronoun-resolution,0,,2019,Research,5,description,https://www.kaggle.com/c/gendered-pronoun-resolution/discussion/90668#latest-526599,www.kaggle.com,,0
gendered-pronoun-resolution,0,,2019,Research,7,code,https://www.kaggle.com/c/gendered-pronoun-resolution/discussion/90334#latest-530380,www.kaggle.com,,0
gendered-pronoun-resolution,0,,2019,Research,8,description,https://www.kaggle.com/c/gendered-pronoun-resolution/discussion/90344#latest-523450,www.kaggle.com,,0
gendered-pronoun-resolution,0,,2019,Research,9,description,https://www.kaggle.com/c/gendered-pronoun-resolution/discussion/90421#latest-525037,www.kaggle.com,,0
gendered-pronoun-resolution,0,,2019,Research,11,description,https://www.kaggle.com/c/gendered-pronoun-resolution/discussion/90483#latest-523417,www.kaggle.com,,0
gendered-pronoun-resolution,0,,2019,Research,12,description,https://www.kaggle.com/c/gendered-pronoun-resolution/discussion/90417#latest-523378,www.kaggle.com,,0
gendered-pronoun-resolution,0,,2019,Research,15,description,https://www.kaggle.com/c/gendered-pronoun-resolution/discussion/90366#latest-523380,www.kaggle.com,,0
gendered-pronoun-resolution,0,,2019,Research,22,code,https://www.kaggle.com/c/gendered-pronoun-resolution/discussion/90431#latest-523682,www.kaggle.com,,0
gendered-pronoun-resolution,0,,2019,Research,33,description,https://www.kaggle.com/c/gendered-pronoun-resolution/discussion/90338#latest-522335,www.kaggle.com,,0
generative-dog-images,0,,2019,Research,1,description,https://www.kaggle.com/c/generative-dog-images/discussion/106324#latest-633231,www.kaggle.com,,0
generative-dog-images,0,,2019,Research,2,code,https://www.kaggle.com/c/generative-dog-images/discussion/104211#latest-601531,www.kaggle.com,,0
generative-dog-images,0,,2019,Research,3,code,https://www.kaggle.com/c/generative-dog-images/discussion/106514#latest-639498,www.kaggle.com,,0
generative-dog-images,0,,2019,Research,4,code,https://www.kaggle.com/c/generative-dog-images/discussion/104281#latest-610546,www.kaggle.com,,0
generative-dog-images,0,,2019,Research,5,code,https://www.kaggle.com/c/generative-dog-images/discussion/104287#latest-600510,www.kaggle.com,,0
generative-dog-images,0,,2019,Research,6,code,https://www.kaggle.com/c/generative-dog-images/discussion/104215#latest-601889,www.kaggle.com,,0
generative-dog-images,0,,2019,Research,8,code,https://www.kaggle.com/c/generative-dog-images/discussion/106452#latest-612460,www.kaggle.com,,0
generative-dog-images,0,,2019,Research,10,code,https://www.kaggle.com/johannl/sn-dcgan?scriptVersionId=18544882,www.kaggle.com,,0
generative-dog-images,0,,2019,Research,11,code,https://www.kaggle.com/leonshangguan/dcgan-data-cleaning-sub-v1?scriptVersionId=18470145,www.kaggle.com,,0
generative-dog-images,0,,2019,Research,12,description,https://www.kaggle.com/c/generative-dog-images/discussion/104170#latest-610330,www.kaggle.com,,0
generative-dog-images,0,,2019,Research,14,code,https://www.kaggle.com/c/generative-dog-images/discussion/104302#latest-601386,www.kaggle.com,,0
generative-dog-images,0,,2019,Research,all solutions,kernel,https://www.kaggle.com/c/generative-dog-images/discussion/106305#latest-614947,www.kaggle.com,,0
global-wheat-detection,0,,2020,Research,1,description,https://www.kaggle.com/c/global-wheat-detection/discussion/172418,www.kaggle.com,,0
global-wheat-detection,0,,2020,Research,2,code,https://www.kaggle.com/c/global-wheat-detection/discussion/175961,www.kaggle.com,,0
global-wheat-detection,0,,2020,Research,3,description,https://www.kaggle.com/c/global-wheat-detection/discussion/179055,www.kaggle.com,,0
global-wheat-detection,0,,2020,Research,5,description,https://www.kaggle.com/c/global-wheat-detection/discussion/172458,www.kaggle.com,,0
global-wheat-detection,0,,2020,Research,9,code,https://www.kaggle.com/c/global-wheat-detection/discussion/172569,www.kaggle.com,,0
global-wheat-detection,0,,2020,Research,30,description,https://www.kaggle.com/c/global-wheat-detection/discussion/172827,www.kaggle.com,,0
global-wheat-detection,0,,2020,Research,34,description,https://www.kaggle.com/c/global-wheat-detection/discussion/175979,www.kaggle.com,,0
global-wheat-detection,0,,2020,Research,42,description,https://www.kaggle.com/c/global-wheat-detection/discussion/172409,www.kaggle.com,,0
google-ai-open-images-object-detection-track,0,,2018,Featured,2,description,https://www.kaggle.com/c/google-ai-open-images-object-detection-track/discussion/64986,www.kaggle.com,,0
google-ai-open-images-object-detection-track,0,,2018,Featured,8,description,https://www.kaggle.com/c/google-ai-open-images-object-detection-track/discussion/65120,www.kaggle.com,,0
google-ai-open-images-object-detection-track,0,,2018,Featured,15,code,https://www.kaggle.com/c/google-ai-open-images-object-detection-track/discussion/64633,www.kaggle.com,,0
google-ai-open-images-object-detection-track,0,,2018,Featured,17,description,https://www.kaggle.com/c/google-ai-open-images-object-detection-track/discussion/64747,www.kaggle.com,,0
google-ai-open-images-object-detection-track,0,,2018,Featured,19,description,https://www.kaggle.com/c/google-ai-open-images-object-detection-track/discussion/64734,www.kaggle.com,,0
google-ai-open-images-object-detection-track,0,,2018,Featured,26,code,https://www.kaggle.com/c/google-ai-open-images-object-detection-track/discussion/64901,www.kaggle.com,,0
google-ai-open-images-visual-relationship-track,0,,2018,Featured,2,description,https://www.kaggle.com/c/google-ai-open-images-visual-relationship-track/discussion/64651,www.kaggle.com,,0
google-ai-open-images-visual-relationship-track,0,,2018,Featured,4,description,https://www.kaggle.com/c/google-ai-open-images-visual-relationship-track/discussion/64642,www.kaggle.com,,0
google-ai-open-images-visual-relationship-track,0,,2018,Featured,5,description,https://www.kaggle.com/c/google-ai-open-images-visual-relationship-track/discussion/64826,www.kaggle.com,,0
google-ai-open-images-visual-relationship-track,0,,2018,Featured,7,description,https://www.kaggle.com/c/google-ai-open-images-visual-relationship-track/discussion/64630,www.kaggle.com,,0
google-ai-open-images-visual-relationship-track,0,,2018,Featured,8,description,https://www.kaggle.com/c/google-ai-open-images-visual-relationship-track/discussion/64631,www.kaggle.com,,0
google-football,0,,2020,Featured,1,description,https://www.kaggle.com/c/google-football/discussion/202232,www.kaggle.com,,0
google-football,0,,2020,Featured,2,description,https://www.kaggle.com/c/google-football/discussion/202977,www.kaggle.com,,0
google-football,0,,2020,Featured,3,description,https://www.kaggle.com/c/google-football/discussion/200709,www.kaggle.com,,0
google-football,0,,2020,Featured,5,code,https://www.kaggle.com/c/google-football/discussion/203412,www.kaggle.com,,0
google-football,0,,2020,Featured,6,description,https://www.kaggle.com/c/google-football/discussion/201376,www.kaggle.com,,0
google-football,0,,2020,Featured,7,code,https://www.kaggle.com/c/google-football/discussion/200912,www.kaggle.com,,0
google-football,0,,2020,Featured,8,description,https://www.kaggle.com/c/google-football/discussion/189115,www.kaggle.com,,0
google-football,0,,2020,Featured,12,description,https://www.kaggle.com/c/google-football/discussion/204742,www.kaggle.com,,0
google-football,0,,2020,Featured,16,code,https://www.kaggle.com/c/google-football/discussion/204666,www.kaggle.com,,0
google-football,0,,2020,Featured,18,description,https://www.kaggle.com/c/google-football/discussion/201153,www.kaggle.com,,0
google-football,0,,2020,Featured,25,code,https://www.kaggle.com/c/google-football/discussion/201161,www.kaggle.com,,0
google-quest-challenge,0,,2020,Featured,1,code,https://www.kaggle.com/c/google-quest-challenge/discussion/129840,www.kaggle.com,,0
google-quest-challenge,0,,2020,Featured,2,description,https://www.kaggle.com/c/google-quest-challenge/discussion/129978,www.kaggle.com,,0
google-quest-challenge,0,,2020,Featured,3,code,https://www.kaggle.com/c/google-quest-challenge/discussion/129927,www.kaggle.com,,0
google-quest-challenge,0,,2020,Featured,4,description,https://www.kaggle.com/c/google-quest-challenge/discussion/129896,www.kaggle.com,,0
google-quest-challenge,0,,2020,Featured,5,description,https://www.kaggle.com/c/google-quest-challenge/discussion/129875,www.kaggle.com,,0
google-quest-challenge,0,,2020,Featured,6,description,https://www.kaggle.com/c/google-quest-challenge/discussion/130243,www.kaggle.com,,0
google-quest-challenge,0,,2020,Featured,7,description,https://www.kaggle.com/c/google-quest-challenge/discussion/130083,www.kaggle.com,,0
google-quest-challenge,0,,2020,Featured,8,description,https://www.kaggle.com/c/google-quest-challenge/discussion/129857,www.kaggle.com,,0
google-quest-challenge,0,,2020,Featured,9,description,https://www.kaggle.com/c/google-quest-challenge/discussion/130167,www.kaggle.com,,0
google-quest-challenge,0,,2020,Featured,10,description,https://www.kaggle.com/c/google-quest-challenge/discussion/129901,www.kaggle.com,,0
google-quest-challenge,0,,2020,Featured,10,description,https://www.kaggle.com/c/google-quest-challenge/discussion/129915,www.kaggle.com,,0
google-quest-challenge,0,,2020,Featured,11,description,https://www.kaggle.com/c/google-quest-challenge/discussion/129839,www.kaggle.com,,0
google-quest-challenge,0,,2020,Featured,12,description,https://www.kaggle.com/c/google-quest-challenge/discussion/129914,www.kaggle.com,,0
google-quest-challenge,0,,2020,Featured,13,description,https://www.kaggle.com/c/google-quest-challenge/discussion/129926,www.kaggle.com,,0
google-quest-challenge,0,,2020,Featured,13,description,https://www.kaggle.com/c/google-quest-challenge/discussion/130036,www.kaggle.com,,0
google-quest-challenge,0,,2020,Featured,15,description,https://www.kaggle.com/c/google-quest-challenge/discussion/129859,www.kaggle.com,,0
google-quest-challenge,0,,2020,Featured,16,description,https://www.kaggle.com/c/google-quest-challenge/discussion/130112,www.kaggle.com,,0
google-quest-challenge,0,,2020,Featured,18,description,https://www.kaggle.com/c/google-quest-challenge/discussion/130010,www.kaggle.com,,0
google-quest-challenge,0,,2020,Featured,19,description,https://www.kaggle.com/c/google-quest-challenge/discussion/129895,www.kaggle.com,,0
google-quest-challenge,0,,2020,Featured,21,description,https://www.kaggle.com/c/google-quest-challenge/discussion/130320,www.kaggle.com,,0
google-quest-challenge,0,,2020,Featured,22,description,https://www.kaggle.com/c/google-quest-challenge/discussion/130158,www.kaggle.com,,0
google-quest-challenge,0,,2020,Featured,23,description,https://www.kaggle.com/c/google-quest-challenge/discussion/129904,www.kaggle.com,,0
google-quest-challenge,0,,2020,Featured,24,description,https://www.kaggle.com/c/google-quest-challenge/discussion/130043,www.kaggle.com,,0
google-quest-challenge,0,,2020,Featured,26,description,https://www.kaggle.com/c/google-quest-challenge/discussion/130076,www.kaggle.com,,0
google-quest-challenge,0,,2020,Featured,30,description,https://www.kaggle.com/c/google-quest-challenge/discussion/129931,www.kaggle.com,,0
google-quest-challenge,0,,2020,Featured,39,description,https://www.kaggle.com/c/google-quest-challenge/discussion/130050,www.kaggle.com,,0
google-quest-challenge,0,,2020,Featured,41,description,https://www.kaggle.com/c/google-quest-challenge/discussion/130056,www.kaggle.com,,0
google-quest-challenge,0,,2020,Featured,44,description,https://www.kaggle.com/c/google-quest-challenge/discussion/129835,www.kaggle.com,,0
google-quest-challenge,0,,2020,Featured,45,description,https://www.kaggle.com/c/google-quest-challenge/discussion/130077,www.kaggle.com,,0
google-quest-challenge,0,,2020,Featured,47,description,https://www.kaggle.com/c/google-quest-challenge/discussion/129885,www.kaggle.com,,0
google-quest-challenge,0,,2020,Featured,52,description,https://www.kaggle.com/c/google-quest-challenge/discussion/130195,www.kaggle.com,,0
google-quest-challenge,0,,2020,Featured,55,description,https://www.kaggle.com/c/google-quest-challenge/discussion/129893,www.kaggle.com,,0
google-quest-challenge,0,,2020,Featured,all solutions,kernel,https://www.kaggle.com/c/google-quest-challenge/discussion/129844,www.kaggle.com,,0
google-smartphone-decimeter-challenge,0,,2021,Research,1,description,https://www.kaggle.com/c/google-smartphone-decimeter-challenge/discussion/262406,www.kaggle.com,,0
google-smartphone-decimeter-challenge,0,,2021,Research,2,description,https://www.kaggle.com/c/google-smartphone-decimeter-challenge/discussion/261876,www.kaggle.com,,0
google-smartphone-decimeter-challenge,0,,2021,Research,3,description,https://www.kaggle.com/c/google-smartphone-decimeter-challenge/discussion/262355,www.kaggle.com,,0
google-smartphone-decimeter-challenge,0,,2021,Research,5,description,https://www.kaggle.com/c/google-smartphone-decimeter-challenge/discussion/261959,www.kaggle.com,,0
google-smartphone-decimeter-challenge,0,,2021,Research,5,description,https://www.kaggle.com/c/google-smartphone-decimeter-challenge/discussion/261739,www.kaggle.com,,0
google-smartphone-decimeter-challenge,0,,2021,Research,5,description,https://www.kaggle.com/c/google-smartphone-decimeter-challenge/discussion/261746,www.kaggle.com,,0
google-smartphone-decimeter-challenge,0,,2021,Research,6,description,https://www.kaggle.com/c/google-smartphone-decimeter-challenge/discussion/262195,www.kaggle.com,,0
google-smartphone-decimeter-challenge,0,,2021,Research,6,description,https://www.kaggle.com/c/google-smartphone-decimeter-challenge/discussion/261904,www.kaggle.com,,0
google-smartphone-decimeter-challenge,0,,2021,Research,7,code,https://www.kaggle.com/c/google-smartphone-decimeter-challenge/discussion/261732,www.kaggle.com,,0
google-smartphone-decimeter-challenge,0,,2021,Research,8,description,https://www.kaggle.com/c/google-smartphone-decimeter-challenge/discussion/262074,www.kaggle.com,,0
google-smartphone-decimeter-challenge,0,,2021,Research,9,description,https://www.kaggle.com/c/google-smartphone-decimeter-challenge/discussion/262588,www.kaggle.com,,0
google-smartphone-decimeter-challenge,0,,2021,Research,10,code,https://www.kaggle.com/c/google-smartphone-decimeter-challenge/discussion/262364,www.kaggle.com,,0
google-smartphone-decimeter-challenge,0,,2021,Research,18,description,https://www.kaggle.com/c/google-smartphone-decimeter-challenge/discussion/261774,www.kaggle.com,,0
google-smartphone-decimeter-challenge,0,,2021,Research,19,code,https://www.kaggle.com/c/google-smartphone-decimeter-challenge/discussion/262941,www.kaggle.com,,0
google-smartphone-decimeter-challenge,0,,2021,Research,all solutions,kernel,https://www.kaggle.com/c/google-smartphone-decimeter-challenge/discussion/262215,www.kaggle.com,,0
grasp-and-lift-eeg-detection,0,,2015,Research,1,code,https://github.com/alexandrebarachant/Grasp-and-lift-EEG-challenge,github.com,,0
grasp-and-lift-eeg-detection,0,,2015,Research,3,code,https://github.com/bitsofbits/kaggle_grasp_and_lift_eeg_detection,github.com,,0
grasp-and-lift-eeg-detection,0,,2015,Research,5,code,https://github.com/daxiongshu/Grasp-and-Lift,github.com,,0
grupo-bimbo-inventory-demand,0,,2016,Featured,1,description,https://www.kaggle.com/c/grupo-bimbo-inventory-demand/discussion/23863,www.kaggle.com,,0
grupo-bimbo-inventory-demand,0,,2016,Featured,2,description,http://blog.kaggle.com/2016/09/27/grupo-bimbo-inventory-demand-winners-interviewclustifier-alex-andrey/,blog.kaggle.com,legacy_blog,0
grupo-bimbo-inventory-demand,0,,2016,Featured,3,description,https://www.kaggle.com/c/grupo-bimbo-inventory-demand/discussion/23633,www.kaggle.com,,0
grupo-bimbo-inventory-demand,0,,2016,Featured,4,description,https://www.kaggle.com/c/grupo-bimbo-inventory-demand/discussion/23232,www.kaggle.com,,0
grupo-bimbo-inventory-demand,0,,2016,Featured,16,description,https://www.kaggle.com/c/grupo-bimbo-inventory-demand/discussion/23208,www.kaggle.com,,0
halite,0,,2020,Featured,1,code,https://www.kaggle.com/c/halite/discussion/183543,www.kaggle.com,,0
halite,0,,2020,Featured,2,code,https://www.kaggle.com/c/halite/discussion/186032,www.kaggle.com,,0
halite,0,,2020,Featured,4,code,https://www.kaggle.com/c/halite/discussion/183727,www.kaggle.com,,0
halite,0,,2020,Featured,5,code,https://www.kaggle.com/c/halite/discussion/183704,www.kaggle.com,,0
halite,0,,2020,Featured,6,code,https://www.kaggle.com/c/halite/discussion/185865,www.kaggle.com,,0
halite,0,,2020,Featured,8,code,https://www.kaggle.com/c/halite/discussion/183312,www.kaggle.com,,0
halite,0,,2020,Featured,9,code,https://www.kaggle.com/c/halite/discussion/183658,www.kaggle.com,,0
halite,0,,2020,Featured,11,description,https://www.kaggle.com/c/halite/discussion/185656,www.kaggle.com,,0
halite,0,,2020,Featured,16,description,https://www.kaggle.com/c/halite/discussion/183389,www.kaggle.com,,0
halite,0,,2020,Featured,17,code,https://www.kaggle.com/c/halite/discussion/186153,www.kaggle.com,,0
halite,0,,2020,Featured,23,code,https://www.kaggle.com/c/halite/discussion/185626,www.kaggle.com,,0
halite,0,,2020,Featured,26,code,https://www.kaggle.com/c/halite/discussion/186059,www.kaggle.com,,0
hashcode-drone-delivery,0,,2020,Playground,1,description,https://www.kaggle.com/c/hashcode-drone-delivery/discussion/204876,www.kaggle.com,,0
hashcode-drone-delivery,0,,2020,Playground,2,code,https://www.kaggle.com/c/hashcode-drone-delivery/discussion/203482,www.kaggle.com,,0
hashcode-drone-delivery,0,,2020,Playground,3,code,https://www.kaggle.com/c/hashcode-drone-delivery/discussion/204670,www.kaggle.com,,0
hashcode-photo-slideshow,0,,2020,Playground,1,code,https://www.kaggle.com/c/hashcode-photo-slideshow/discussion/170575,www.kaggle.com,,0
helping-santas-helpers,0,,2015,Featured,1,code,https://www.kaggle.com/c/helping-santas-helpers/discussion/12441,www.kaggle.com,,0
helping-santas-helpers,0,,2015,Featured,20,description,https://www.kaggle.com/c/helping-santas-helpers/discussion/11452,www.kaggle.com,,0
herbarium-2020-fgvc7,0,,2020,Research,1,description,https://www.kaggle.com/c/herbarium-2020-fgvc7/discussion/154351,www.kaggle.com,,0
herbarium-2020-fgvc7,0,,2020,Research,2,code,https://www.kaggle.com/c/herbarium-2020-fgvc7/discussion/154186,www.kaggle.com,,0
herbarium-2020-fgvc7,0,,2020,Research,3,description,https://www.kaggle.com/c/herbarium-2020-fgvc7/discussion/157812,www.kaggle.com,,0
herbarium-2020-fgvc7,0,,2020,Research,4,description,https://www.kaggle.com/c/herbarium-2020-fgvc7/discussion/154127,www.kaggle.com,,0
herbarium-2020-fgvc7,0,,2020,Research,5,description,https://www.kaggle.com/c/herbarium-2020-fgvc7/discussion/154416,www.kaggle.com,,0
herbarium-2020-fgvc7,0,,2020,Research,10,description,https://www.kaggle.com/c/herbarium-2020-fgvc7/discussion/155000,www.kaggle.com,,0
herbarium-2021-fgvc8,0,,2021,Research,2,description,https://www.kaggle.com/c/herbarium-2021-fgvc8/discussion/242233,www.kaggle.com,,0
higgs-boson,0,,2014,Featured,1,code,https://github.com/melisgl/higgsml,github.com,,0
higgs-boson,0,,2014,Featured,2,code,https://github.com/TimSalimans/HiggsML,github.com,,0
histopathologic-cancer-detection,0,,2019,Playground,17,description,https://www.kaggle.com/c/histopathologic-cancer-detection/discussion/87397#latest-515386,www.kaggle.com,,0
histopathologic-cancer-detection,0,,2019,Playground,24,description,https://www.kaggle.com/c/histopathologic-cancer-detection/discussion/87400#latest-512392,www.kaggle.com,,0
hivprogression,0,,2010,Featured,1,description,http://blog.kaggle.com/2010/08/09/how-i-won-the-hiv-progression-prediction-data-mining-competition/,blog.kaggle.com,legacy_blog,0
home-credit-default-risk,0,,2018,Featured,1,description,https://www.kaggle.com/c/home-credit-default-risk/discussion/64821,www.kaggle.com,,0
home-credit-default-risk,0,,2018,Featured,2,code,https://github.com/KazukiOnodera/Home-Credit-Default-Risk,github.com,,0
home-credit-default-risk,0,,2018,Featured,2,description,https://www.kaggle.com/c/home-credit-default-risk/discussion/64722,www.kaggle.com,,0
home-credit-default-risk,0,,2018,Featured,3,description,https://www.kaggle.com/c/home-credit-default-risk/discussion/64596,www.kaggle.com,,0
home-credit-default-risk,0,,2018,Featured,4,code,https://github.com/Cirice/4th-place-Home-Credit-Default-Risk,github.com,,0
home-credit-default-risk,0,,2018,Featured,4,description,https://www.kaggle.com/c/home-credit-default-risk/discussion/64487,www.kaggle.com,,0
home-credit-default-risk,0,,2018,Featured,5,description,https://www.kaggle.com/c/home-credit-default-risk/discussion/64625,www.kaggle.com,,0
home-credit-default-risk,0,,2018,Featured,7,code,https://github.com/js-aguiar/home-credit-default-competition,github.com,,0
home-credit-default-risk,0,,2018,Featured,8,description,https://www.kaggle.com/c/home-credit-default-risk/discussion/64474,www.kaggle.com,,0
home-credit-default-risk,0,,2018,Featured,9,description,https://www.kaggle.com/c/home-credit-default-risk/discussion/64536,www.kaggle.com,,0
home-credit-default-risk,0,,2018,Featured,10,code,https://github.com/kingychiu/Kaggle-Home-Credit-Default-Risk,github.com,,0
home-credit-default-risk,0,,2018,Featured,10,description,https://www.kaggle.com/c/home-credit-default-risk/discussion/64598,www.kaggle.com,,0
home-credit-default-risk,0,,2018,Featured,12,description,https://www.kaggle.com/c/home-credit-default-risk/discussion/64504,www.kaggle.com,,0
home-credit-default-risk,0,,2018,Featured,13,description,https://www.kaggle.com/c/home-credit-default-risk/discussion/64593,www.kaggle.com,,0
home-credit-default-risk,0,,2018,Featured,14,description,https://www.kaggle.com/c/home-credit-default-risk/discussion/64502,www.kaggle.com,,0
home-credit-default-risk,0,,2018,Featured,17,code,https://www.kaggle.com/c/home-credit-default-risk/discussion/64503,www.kaggle.com,,0
home-credit-default-risk,0,,2018,Featured,24,description,https://www.kaggle.com/c/home-credit-default-risk/discussion/64548,www.kaggle.com,,0
home-credit-default-risk,0,,2018,Featured,31,description,https://www.kaggle.com/c/home-credit-default-risk/discussion/66010,www.kaggle.com,,0
home-depot-product-search-relevance,0,,2016,Featured,1,description,https://www.kaggle.com/c/home-depot-product-search-relevance/discussion/20427#116960,www.kaggle.com,,0
home-depot-product-search-relevance,0,,2016,Featured,1,description,http://blog.kaggle.com/2016/05/18/home-depot-product-search-relevance-winners-interview-1st-place-alex-andreas-nurlan/,blog.kaggle.com,legacy_blog,0
home-depot-product-search-relevance,0,,2016,Featured,2,description,http://blog.kaggle.com/2016/06/15/home-depot-product-search-relevance-winners-interview-2nd-place-thomas-sean-qingchen-nima/,blog.kaggle.com,legacy_blog,0
home-depot-product-search-relevance,0,,2016,Featured,3,code,https://github.com/ChenglongChen/Kaggle_HomeDepot,github.com,,0
home-depot-product-search-relevance,0,,2016,Featured,3,description,http://blog.kaggle.com/2016/06/01/home-depot-product-search-relevance-winners-interview-3rd-place-team-turing-test-igor-kostia-chenglong/,blog.kaggle.com,legacy_blog,0
homesite-quote-conversion,0,,2016,Featured,1,code,https://github.com/Far0n/kaggle-homesite,github.com,,0
homesite-quote-conversion,0,,2016,Featured,1,description,http://blog.kaggle.com/2016/04/08/homesite-quote-conversion-winners-write-up-1st-place-kazanova-faron-clobber/,blog.kaggle.com,legacy_blog,0
homesite-quote-conversion,0,,2016,Featured,2,description,http://blog.kaggle.com/2016/05/02/homesite-quote-conversion-winners-interview-2nd-place-team-frenchies-nicolas-florian-pierre/,blog.kaggle.com,legacy_blog,0
homesite-quote-conversion,0,,2016,Featured,3,code,https://github.com/mpearmain/homesite,github.com,,0
homesite-quote-conversion,0,,2016,Featured,3,description,http://blog.kaggle.com/2016/02/29/homesite-quote-conversion-winners-interview-3rd-place-team-new-model-army-cad-quy/,blog.kaggle.com,legacy_blog,0
hotel-id-2021-fgvc8,0,,2021,Research,1,code,https://www.kaggle.com/c/hotel-id-2021-fgvc8/discussion/242087,www.kaggle.com,,0
hotel-id-2021-fgvc8,0,,2021,Research,8,description,https://www.kaggle.com/c/hotel-id-2021-fgvc8/discussion/242207,www.kaggle.com,,0
hotel-id-2021-fgvc8,0,,2021,Research,14,description,https://www.kaggle.com/c/hotel-id-2021-fgvc8/discussion/242030,www.kaggle.com,,0
how-much-did-it-rain,0,,2015,Research,1,code,https://github.com/danzelmo/how-much-did-it-rain,github.com,,0
how-much-did-it-rain,0,,2015,Research,2,description,https://www.kaggle.com/c/how-much-did-it-rain/discussion/14242,www.kaggle.com,,0
how-much-did-it-rain-ii,0,,2015,Research,1,code,https://github.com/simaaron/kaggle-Rain,github.com,,0
how-much-did-it-rain-ii,0,,2015,Research,2,code,https://github.com/luisandresilva/Kaggle,github.com,,0
how-much-did-it-rain-ii,0,,2015,Research,11,code,https://www.kaggle.com/c/how-much-did-it-rain-ii/discussion/17766#100517,www.kaggle.com,,0
hpa-single-cell-image-classification,0,,2021,Featured,1,description,https://www.kaggle.com/c/hpa-single-cell-image-classification/discussion/239001,www.kaggle.com,,0
hpa-single-cell-image-classification,0,,2021,Featured,2,code,https://www.kaggle.com/c/hpa-single-cell-image-classification/discussion/238645,www.kaggle.com,,0
hpa-single-cell-image-classification,0,,2021,Featured,3,code,https://www.kaggle.com/c/hpa-single-cell-image-classification/discussion/238862,www.kaggle.com,,0
hpa-single-cell-image-classification,0,,2021,Featured,3,description,https://www.kaggle.com/c/hpa-single-cell-image-classification/discussion/238898,www.kaggle.com,,0
hpa-single-cell-image-classification,0,,2021,Featured,3,description,https://www.kaggle.com/c/hpa-single-cell-image-classification/discussion/238910,www.kaggle.com,,0
hpa-single-cell-image-classification,0,,2021,Featured,4,description,https://www.kaggle.com/c/hpa-single-cell-image-classification/discussion/239071,www.kaggle.com,,0
hpa-single-cell-image-classification,0,,2021,Featured,5,description,https://www.kaggle.com/c/hpa-single-cell-image-classification/discussion/238527,www.kaggle.com,,0
hpa-single-cell-image-classification,0,,2021,Featured,5,description,https://www.kaggle.com/c/hpa-single-cell-image-classification/discussion/238487,www.kaggle.com,,0
hpa-single-cell-image-classification,0,,2021,Featured,6,description,https://www.kaggle.com/c/hpa-single-cell-image-classification/discussion/239166,www.kaggle.com,,0
hpa-single-cell-image-classification,0,,2021,Featured,6,description,https://www.kaggle.com/c/hpa-single-cell-image-classification/discussion/238365,www.kaggle.com,,0
hpa-single-cell-image-classification,0,,2021,Featured,7,code,https://www.kaggle.com/c/hpa-single-cell-image-classification/discussion/238507,www.kaggle.com,,0
hpa-single-cell-image-classification,0,,2021,Featured,8,description,https://www.kaggle.com/c/hpa-single-cell-image-classification/discussion/238361,www.kaggle.com,,0
hpa-single-cell-image-classification,0,,2021,Featured,9,description,https://www.kaggle.com/c/hpa-single-cell-image-classification/discussion/238678,www.kaggle.com,,0
hpa-single-cell-image-classification,0,,2021,Featured,10,code,https://www.kaggle.com/c/hpa-single-cell-image-classification/discussion/238364,www.kaggle.com,,0
hpa-single-cell-image-classification,0,,2021,Featured,11,description,https://www.kaggle.com/c/hpa-single-cell-image-classification/discussion/239211,www.kaggle.com,,0
hpa-single-cell-image-classification,0,,2021,Featured,12,description,https://www.kaggle.com/c/hpa-single-cell-image-classification/discussion/238343,www.kaggle.com,,0
hpa-single-cell-image-classification,0,,2021,Featured,13,description,https://www.kaggle.com/c/hpa-single-cell-image-classification/discussion/238333,www.kaggle.com,,0
hpa-single-cell-image-classification,0,,2021,Featured,15,code,https://www.kaggle.com/c/hpa-single-cell-image-classification/discussion/239035,www.kaggle.com,,0
hpa-single-cell-image-classification,0,,2021,Featured,16,description,https://www.kaggle.com/c/hpa-single-cell-image-classification/discussion/238552,www.kaggle.com,,0
hpa-single-cell-image-classification,0,,2021,Featured,18,description,https://www.kaggle.com/c/hpa-single-cell-image-classification/discussion/238385,www.kaggle.com,,0
hpa-single-cell-image-classification,0,,2021,Featured,20,description,https://www.kaggle.com/c/hpa-single-cell-image-classification/discussion/239641,www.kaggle.com,,0
hpa-single-cell-image-classification,0,,2021,Featured,21,description,https://www.kaggle.com/c/hpa-single-cell-image-classification/discussion/238474,www.kaggle.com,,0
hpa-single-cell-image-classification,0,,2021,Featured,22,description,https://www.kaggle.com/c/hpa-single-cell-image-classification/discussion/238387,www.kaggle.com,,0
hpa-single-cell-image-classification,0,,2021,Featured,23,code,https://www.kaggle.com/c/hpa-single-cell-image-classification/discussion/238512,www.kaggle.com,,0
hpa-single-cell-image-classification,0,,2021,Featured,24,description,https://www.kaggle.com/c/hpa-single-cell-image-classification/discussion/238401,www.kaggle.com,,0
hpa-single-cell-image-classification,0,,2021,Featured,27,description,https://www.kaggle.com/c/hpa-single-cell-image-classification/discussion/238439,www.kaggle.com,,0
hpa-single-cell-image-classification,0,,2021,Featured,28,code,https://www.kaggle.com/c/hpa-single-cell-image-classification/discussion/241355,www.kaggle.com,,0
hpa-single-cell-image-classification,0,,2021,Featured,31,description,https://www.kaggle.com/c/hpa-single-cell-image-classification/discussion/239048,www.kaggle.com,,0
hpa-single-cell-image-classification,0,,2021,Featured,32,code,https://www.kaggle.com/c/hpa-single-cell-image-classification/discussion/241637,www.kaggle.com,,0
hpa-single-cell-image-classification,0,,2021,Featured,36,description,https://www.kaggle.com/c/hpa-single-cell-image-classification/discussion/239861,www.kaggle.com,,0
hpa-single-cell-image-classification,0,,2021,Featured,37,description,https://www.kaggle.com/c/hpa-single-cell-image-classification/discussion/238380,www.kaggle.com,,0
hpa-single-cell-image-classification,0,,2021,Featured,41,description,https://www.kaggle.com/c/hpa-single-cell-image-classification/discussion/238624,www.kaggle.com,,0
hpa-single-cell-image-classification,0,,2021,Featured,43,description,https://www.kaggle.com/c/hpa-single-cell-image-classification/discussion/238504,www.kaggle.com,,0
hpa-single-cell-image-classification,0,,2021,Featured,46,description,https://www.kaggle.com/c/hpa-single-cell-image-classification/discussion/238373,www.kaggle.com,,0
hpa-single-cell-image-classification,0,,2021,Featured,all solutions,kernel,https://www.kaggle.com/c/hpa-single-cell-image-classification/discussion/238348,www.kaggle.com,,0
hubmap-kidney-segmentation,0,,2021,Research,1,code,https://www.kaggle.com/c/hubmap-kidney-segmentation/discussion/238198,www.kaggle.com,,0
hubmap-kidney-segmentation,0,,2021,Research,3,code,https://www.kaggle.com/c/hubmap-kidney-segmentation/discussion/238013,www.kaggle.com,,0
hubmap-kidney-segmentation,0,,2021,Research,4,code,https://www.kaggle.com/c/hubmap-kidney-segmentation/discussion/238024,www.kaggle.com,,0
hubmap-kidney-segmentation,0,,2021,Research,12,code,https://www.kaggle.com/c/hubmap-kidney-segmentation/discussion/238443,www.kaggle.com,,0
hubmap-kidney-segmentation,0,,2021,Research,17,description,https://www.kaggle.com/c/hubmap-kidney-segmentation/discussion/238027,www.kaggle.com,,0
hubmap-kidney-segmentation,0,,2021,Research,23,description,https://www.kaggle.com/c/hubmap-kidney-segmentation/discussion/238308,www.kaggle.com,,0
hubmap-kidney-segmentation,0,,2021,Research,28,code,https://www.kaggle.com/c/hubmap-kidney-segmentation/discussion/238090,www.kaggle.com,,0
hubmap-kidney-segmentation,0,,2021,Research,39,code,https://www.kaggle.com/c/hubmap-kidney-segmentation/discussion/238404,www.kaggle.com,,0
hubmap-kidney-segmentation,0,,2021,Research,44,code,https://www.kaggle.com/c/hubmap-kidney-segmentation/discussion/238120,www.kaggle.com,,0
hubmap-kidney-segmentation,0,,2021,Research,46,description,https://www.kaggle.com/c/hubmap-kidney-segmentation/discussion/238049,www.kaggle.com,,0
human-protein-atlas-image-classification,0,,2019,Featured,1,description,https://www.kaggle.com/c/human-protein-atlas-image-classification/discussion/78109,www.kaggle.com,,0
human-protein-atlas-image-classification,0,,2019,Featured,3,code,https://www.kaggle.com/c/human-protein-atlas-image-classification/discussion/77320,www.kaggle.com,,0
human-protein-atlas-image-classification,0,,2019,Featured,5,description,https://www.kaggle.com/c/human-protein-atlas-image-classification/discussion/77731,www.kaggle.com,,0
human-protein-atlas-image-classification,0,,2019,Featured,7,description,https://www.kaggle.com/c/human-protein-atlas-image-classification/discussion/77269,www.kaggle.com,,0
human-protein-atlas-image-classification,0,,2019,Featured,8,description,https://www.kaggle.com/c/human-protein-atlas-image-classification/discussion/77251,www.kaggle.com,,0
human-protein-atlas-image-classification,0,,2019,Featured,11,code,https://www.kaggle.com/c/human-protein-atlas-image-classification/discussion/77282,www.kaggle.com,,0
human-protein-atlas-image-classification,0,,2019,Featured,11,description,https://www.kaggle.com/c/human-protein-atlas-image-classification/discussion/77289,www.kaggle.com,,0
human-protein-atlas-image-classification,0,,2019,Featured,12,description,https://www.kaggle.com/c/human-protein-atlas-image-classification/discussion/77325,www.kaggle.com,,0
human-protein-atlas-image-classification,0,,2019,Featured,15,description,https://www.kaggle.com/c/human-protein-atlas-image-classification/discussion/77322,www.kaggle.com,,0
human-protein-atlas-image-classification,0,,2019,Featured,25,description,https://www.kaggle.com/c/human-protein-atlas-image-classification/discussion/77276,www.kaggle.com,,0
human-protein-atlas-image-classification,0,,2019,Featured,30,description,https://www.kaggle.com/c/human-protein-atlas-image-classification/discussion/77285,www.kaggle.com,,0
human-protein-atlas-image-classification,0,,2019,Featured,33,code,https://www.kaggle.com/c/human-protein-atlas-image-classification/discussion/77256,www.kaggle.com,,0
human-protein-atlas-image-classification,0,,2019,Featured,35,code,https://github.com/ildoonet/kaggle-human-protein-atlas-image-classification,github.com,,0
human-protein-atlas-image-classification,0,,2019,Featured,39,description,https://www.kaggle.com/c/human-protein-atlas-image-classification/discussion/77637,www.kaggle.com,,0
humpback-whale-identification,0,,2019,Featured,1,code,https://www.kaggle.com/c/humpback-whale-identification/discussion/82366#latest-523382,www.kaggle.com,,0
humpback-whale-identification,0,,2019,Featured,2,code,https://github.com/SeuTao/Humpback-Whale-Identification-Challenge-2019_2nd_palce_solution,github.com,,0
humpback-whale-identification,0,,2019,Featured,3,code,https://www.kaggle.com/c/humpback-whale-identification/discussion/82484#latest-502552,www.kaggle.com,,0
humpback-whale-identification,0,,2019,Featured,4,description,https://www.kaggle.com/c/humpback-whale-identification/discussion/82356#latest-496460,www.kaggle.com,,0
humpback-whale-identification,0,,2019,Featured,5,code,https://www.kaggle.com/c/humpback-whale-identification/discussion/82369#latest-485971,www.kaggle.com,,0
humpback-whale-identification,0,,2019,Featured,7,code,https://www.kaggle.com/c/humpback-whale-identification/discussion/82352#latest-519204,www.kaggle.com,,0
humpback-whale-identification,0,,2019,Featured,9,description,https://www.kaggle.com/c/humpback-whale-identification/discussion/82427#latest-505626,www.kaggle.com,,0
humpback-whale-identification,0,,2019,Featured,10,description,https://www.kaggle.com/c/humpback-whale-identification/discussion/82430#latest-482102,www.kaggle.com,,0
humpback-whale-identification,0,,2019,Featured,15,description,https://www.kaggle.com/c/humpback-whale-identification/discussion/82361#latest-482500,www.kaggle.com,,0
humpback-whale-identification,0,,2019,Featured,24,description,https://www.kaggle.com/c/humpback-whale-identification/discussion/82359#latest-481822,www.kaggle.com,,0
humpback-whale-identification,0,,2019,Featured,25,code,https://www.kaggle.com/c/humpback-whale-identification/discussion/82409#latest-488027,www.kaggle.com,,0
humpback-whale-identification,0,,2019,Featured,27,description,https://www.kaggle.com/c/humpback-whale-identification/discussion/82423#latest-487434,www.kaggle.com,,0
humpback-whale-identification,0,,2019,Featured,31,code,https://www.kaggle.com/c/humpback-whale-identification/discussion/82393#latest-482789,www.kaggle.com,,0
hungry-geese,0,,2021,Playground,1,description,https://www.kaggle.com/c/hungry-geese/discussion/263279,www.kaggle.com,,0
hungry-geese,0,,2021,Playground,2,description,https://www.kaggle.com/c/hungry-geese/discussion/263686,www.kaggle.com,,0
hungry-geese,0,,2021,Playground,3,description,https://www.kaggle.com/c/hungry-geese/discussion/263735,www.kaggle.com,,0
hungry-geese,0,,2021,Playground,4,description,https://www.kaggle.com/c/hungry-geese/discussion/263690,www.kaggle.com,,0
hungry-geese,0,,2021,Playground,5,description,https://www.kaggle.com/c/hungry-geese/discussion/263702,www.kaggle.com,,0
hungry-geese,0,,2021,Playground,6,description,https://www.kaggle.com/c/hungry-geese/discussion/263916,www.kaggle.com,,0
hungry-geese,0,,2021,Playground,7,description,https://www.kaggle.com/c/hungry-geese/discussion/263486,www.kaggle.com,,0
hungry-geese,0,,2021,Playground,8,code,https://www.kaggle.com/c/hungry-geese/discussion/264015,www.kaggle.com,,0
hungry-geese,0,,2021,Playground,9,description,https://www.kaggle.com/c/hungry-geese/discussion/255931,www.kaggle.com,,0
hungry-geese,0,,2021,Playground,10,code,https://www.kaggle.com/shoheiazuma/10th-place-solution,www.kaggle.com,,0
hungry-geese,0,,2021,Playground,11,description,https://www.kaggle.com/c/hungry-geese/discussion/263655,www.kaggle.com,,0
hungry-geese,0,,2021,Playground,12,code,https://www.kaggle.com/c/hungry-geese/discussion/255440,www.kaggle.com,,0
hungry-geese,0,,2021,Playground,28,code,https://www.kaggle.com/c/hungry-geese/discussion/263709,www.kaggle.com,,0
hungry-geese,0,,2021,Playground,58,description,https://www.kaggle.com/c/hungry-geese/discussion/263130,www.kaggle.com,,0
hungry-geese,0,,2021,Playground,all solutions,kernel,https://www.kaggle.com/c/hungry-geese/discussion/263954,www.kaggle.com,,0
icdm-2015-drawbridge-cross-device-connections,0,,2015,Featured,1,description,https://www.kaggle.com/c/icdm-2015-drawbridge-cross-device-connections/discussion/16122,www.kaggle.com,,0
icdm-2015-drawbridge-cross-device-connections,0,,2015,Featured,3,code,https://github.com/bikash/ICDM2015,github.com,,0
icdm-2015-drawbridge-cross-device-connections,0,,2015,Featured,10,code,https://github.com/mlandry22/icdm-2015,github.com,,0
ieee-fraud-detection,0,,2019,Research,1,description,https://www.kaggle.com/c/ieee-fraud-detection/discussion/111284,www.kaggle.com,,0
ieee-fraud-detection,0,,2019,Research,1,description,https://www.kaggle.com/c/ieee-fraud-detection/discussion/111308,www.kaggle.com,,0
ieee-fraud-detection,0,,2019,Research,2,description,https://www.kaggle.com/c/ieee-fraud-detection/discussion/111554,www.kaggle.com,,0
ieee-fraud-detection,0,,2019,Research,2,description,https://www.kaggle.com/c/ieee-fraud-detection/discussion/111321,www.kaggle.com,,0
ieee-fraud-detection,0,,2019,Research,5,description,https://www.kaggle.com/c/ieee-fraud-detection/discussion/111735,www.kaggle.com,,0
ieee-fraud-detection,0,,2019,Research,6,description,https://www.kaggle.com/c/ieee-fraud-detection/discussion/111247,www.kaggle.com,,0
ieee-fraud-detection,0,,2019,Research,9,description,https://www.kaggle.com/c/ieee-fraud-detection/discussion/111234,www.kaggle.com,,0
ieee-fraud-detection,0,,2019,Research,10,code,https://www.kaggle.com/c/ieee-fraud-detection/discussion/113159,www.kaggle.com,,0
ieee-fraud-detection,0,,2019,Research,11,description,https://www.kaggle.com/c/ieee-fraud-detection/discussion/111235,www.kaggle.com,,0
ieee-fraud-detection,0,,2019,Research,13,description,https://www.kaggle.com/c/ieee-fraud-detection/discussion/111485,www.kaggle.com,,0
ieee-fraud-detection,0,,2019,Research,15,description,https://www.kaggle.com/c/ieee-fraud-detection/discussion/111454,www.kaggle.com,,0
ieee-fraud-detection,0,,2019,Research,17,code,https://www.kaggle.com/c/ieee-fraud-detection/discussion/111696,www.kaggle.com,,0
ieee-fraud-detection,0,,2019,Research,19,description,https://www.kaggle.com/c/ieee-fraud-detection/discussion/111489,www.kaggle.com,,0
ieee-fraud-detection,0,,2019,Research,21,code,https://www.kaggle.com/c/ieee-fraud-detection/discussion/111197,www.kaggle.com,,0
ieee-fraud-detection,0,,2019,Research,25,description,https://www.kaggle.com/c/ieee-fraud-detection/discussion/111511,www.kaggle.com,,0
ieee-fraud-detection,0,,2019,Research,29,description,https://www.kaggle.com/c/ieee-fraud-detection/discussion/111306,www.kaggle.com,,0
ieee-fraud-detection,0,,2019,Research,40,description,https://www.kaggle.com/c/ieee-fraud-detection/discussion/111245,www.kaggle.com,,0
ieee-fraud-detection,0,,2019,Research,41,description,https://www.kaggle.com/c/ieee-fraud-detection/discussion/111341,www.kaggle.com,,0
ieee-fraud-detection,0,,2019,Research,all solutions,kernel,https://www.kaggle.com/c/ieee-fraud-detection/discussion/112174,www.kaggle.com,,0
imaterialist-challenge-fashion-2018,0,,2018,Research,1,description,https://www.kaggle.com/c/imaterialist-challenge-fashion-2018/discussion/57944,www.kaggle.com,,0
imaterialist-challenge-fashion-2018,0,,2018,Research,2,description,https://www.kaggle.com/c/imaterialist-challenge-fashion-2018/discussion/57934,www.kaggle.com,,0
imaterialist-challenge-fashion-2018,0,,2018,Research,3,description,https://www.kaggle.com/c/imaterialist-challenge-fashion-2018/discussion/57984,www.kaggle.com,,0
imaterialist-challenge-fashion-2018,0,,2018,Research,12,code,https://github.com/gombru/iMaterialistFashion,github.com,,0
imaterialist-challenge-furniture-2018,0,,2018,Research,1,code,https://www.kaggle.com/c/imaterialist-challenge-furniture-2018/discussion/57951,www.kaggle.com,,0
imaterialist-challenge-furniture-2018,0,,2018,Research,4,code,https://www.kaggle.com/c/imaterialist-challenge-furniture-2018/discussion/57939,www.kaggle.com,,0
imaterialist-challenge-furniture-2018,0,,2018,Research,8,code,https://github.com/haowang1992/imaterialist2018,github.com,,0
imaterialist-fashion-2019-FGVC6,0,,2019,Research,1,code,https://www.kaggle.com/c/imaterialist-fashion-2019-FGVC6/discussion/95247#latest-567841,www.kaggle.com,,0
imaterialist-fashion-2019-FGVC6,0,,2019,Research,2,description,https://www.kaggle.com/c/imaterialist-fashion-2019-FGVC6/discussion/95233#latest-551075,www.kaggle.com,,0
imaterialist-fashion-2019-FGVC6,0,,2019,Research,3,description,https://www.kaggle.com/c/imaterialist-fashion-2019-FGVC6/discussion/95234#latest-555537,www.kaggle.com,,0
imaterialist-fashion-2019-FGVC6,0,,2019,Research,3,description,https://www.kaggle.com/c/imaterialist-fashion-2019-FGVC6/discussion/91536#latest-547636,www.kaggle.com,,0
imaterialist-fashion-2019-FGVC6,0,,2019,Research,16,description,https://www.kaggle.com/c/imaterialist-fashion-2019-FGVC6/discussion/95249#latest-550784,www.kaggle.com,,0
imaterialist-fashion-2019-FGVC6,0,,2019,Research,18,description,https://www.kaggle.com/c/imaterialist-fashion-2019-FGVC6/discussion/95238#latest-566318,www.kaggle.com,,0
imaterialist-fashion-2019-FGVC6,0,,2019,Research,25,description,https://www.kaggle.com/c/imaterialist-fashion-2019-FGVC6/discussion/95281#latest-549999,www.kaggle.com,,0
imaterialist-fashion-2019-FGVC6,0,,2019,Research,33,description,https://www.kaggle.com/c/imaterialist-fashion-2019-FGVC6/discussion/95130#latest-549956,www.kaggle.com,,0
imaterialist-fashion-2020-fgvc7,0,,2020,Research,1,description,https://www.kaggle.com/c/imaterialist-fashion-2020-fgvc7/discussion/154306,www.kaggle.com,,0
imet-2019-fgvc6,0,,2019,Research,1,description,https://www.kaggle.com/c/imet-2019-fgvc6/discussion/94687#latest-570986,www.kaggle.com,,0
imet-2019-fgvc6,0,,2019,Research,4,description,https://www.kaggle.com/c/imet-2019-fgvc6/discussion/94817#latest-550074,www.kaggle.com,,0
imet-2019-fgvc6,0,,2019,Research,6,code,https://www.kaggle.com/c/imet-2019-fgvc6/discussion/95282#latest-550969,www.kaggle.com,,0
imet-2019-fgvc6,0,,2019,Research,9,description,https://www.kaggle.com/c/imet-2019-fgvc6/discussion/94837#latest-550728,www.kaggle.com,,0
imet-2019-fgvc6,0,,2019,Research,10,description,https://www.kaggle.com/c/imet-2019-fgvc6/discussion/95311#latest-568748,www.kaggle.com,,0
imet-2019-fgvc6,0,,2019,Research,22,description,https://www.kaggle.com/c/imet-2019-fgvc6/discussion/94783#latest-547886,www.kaggle.com,,0
inaturalist-2019-fgvc6,0,,2019,Research,?,code,https://github.com/praxitelisk/iNaturalist-2019,github.com,,0
inaturalist-challenge-at-fgvc-2017,0,,2017,Research,3,code,https://github.com/phunterlau/iNaturalist,github.com,,0
inclusive-images-challenge,0,,2018,Research,2,description,https://www.kaggle.com/c/inclusive-images-challenge/discussion/72450,www.kaggle.com,,0
inclusive-images-challenge,0,,2018,Research,4,description,https://www.kaggle.com/c/inclusive-images-challenge/discussion/71433,www.kaggle.com,,0
inclusive-images-challenge,0,,2018,Research,9,description,https://www.kaggle.com/c/inclusive-images-challenge/discussion/71525,www.kaggle.com,,0
inclusive-images-challenge,0,,2018,Research,11,description,https://www.kaggle.com/c/inclusive-images-challenge/discussion/71732,www.kaggle.com,,0
indoor-location-navigation,0,,2021,Research,1,code,https://www.kaggle.com/c/indoor-location-navigation/discussion/240176,www.kaggle.com,,0
indoor-location-navigation,0,,2021,Research,2,description,https://www.kaggle.com/c/indoor-location-navigation/discussion/240342,www.kaggle.com,,0
indoor-location-navigation,0,,2021,Research,2,code,https://www.kaggle.com/c/indoor-location-navigation/discussion/239880,www.kaggle.com,,0
indoor-location-navigation,0,,2021,Research,2,description,https://www.kaggle.com/c/indoor-location-navigation/discussion/240197,www.kaggle.com,,0
indoor-location-navigation,0,,2021,Research,2,description,https://www.kaggle.com/c/indoor-location-navigation/discussion/240025,www.kaggle.com,,0
indoor-location-navigation,0,,2021,Research,2,description,https://www.kaggle.com/c/indoor-location-navigation/discussion/240141,www.kaggle.com,,0
indoor-location-navigation,0,,2021,Research,3,description,https://www.kaggle.com/c/indoor-location-navigation/discussion/240161,www.kaggle.com,,0
indoor-location-navigation,0,,2021,Research,5,description,https://www.kaggle.com/c/indoor-location-navigation/discussion/239882,www.kaggle.com,,0
indoor-location-navigation,0,,2021,Research,5,description,https://www.kaggle.com/c/indoor-location-navigation/discussion/240852,www.kaggle.com,,0
indoor-location-navigation,0,,2021,Research,7,description,https://www.kaggle.com/c/indoor-location-navigation/discussion/240259,www.kaggle.com,,0
indoor-location-navigation,0,,2021,Research,8,description,https://www.kaggle.com/c/indoor-location-navigation/discussion/240151,www.kaggle.com,,0
indoor-location-navigation,0,,2021,Research,9,code,https://www.kaggle.com/c/indoor-location-navigation/discussion/239919,www.kaggle.com,,0
indoor-location-navigation,0,,2021,Research,9,description,https://www.kaggle.com/c/indoor-location-navigation/discussion/240087,www.kaggle.com,,0
indoor-location-navigation,0,,2021,Research,10,description,https://www.kaggle.com/c/indoor-location-navigation/discussion/239905,www.kaggle.com,,0
indoor-location-navigation,0,,2021,Research,11,code,https://www.kaggle.com/c/indoor-location-navigation/discussion/239981,www.kaggle.com,,0
indoor-location-navigation,0,,2021,Research,12,description,https://www.kaggle.com/c/indoor-location-navigation/discussion/240196,www.kaggle.com,,0
indoor-location-navigation,0,,2021,Research,13,description,https://www.kaggle.com/c/indoor-location-navigation/discussion/240319,www.kaggle.com,,0
indoor-location-navigation,0,,2021,Research,13,description,https://www.kaggle.com/c/indoor-location-navigation/discussion/239884,www.kaggle.com,,0
indoor-location-navigation,0,,2021,Research,14,code,https://www.kaggle.com/c/indoor-location-navigation/discussion/239998,www.kaggle.com,,0
indoor-location-navigation,0,,2021,Research,15,description,https://www.kaggle.com/c/indoor-location-navigation/discussion/240773,www.kaggle.com,,0
indoor-location-navigation,0,,2021,Research,16,description,https://www.kaggle.com/c/indoor-location-navigation/discussion/239909,www.kaggle.com,,0
indoor-location-navigation,0,,2021,Research,17,description,https://www.kaggle.com/c/indoor-location-navigation/discussion/240077,www.kaggle.com,,0
indoor-location-navigation,0,,2021,Research,18,description,https://www.kaggle.com/c/indoor-location-navigation/discussion/240116,www.kaggle.com,,0
indoor-location-navigation,0,,2021,Research,22,description,https://www.kaggle.com/c/indoor-location-navigation/discussion/240010,www.kaggle.com,,0
indoor-location-navigation,0,,2021,Research,25,code,https://www.kaggle.com/c/indoor-location-navigation/discussion/239893,www.kaggle.com,,0
indoor-location-navigation,0,,2021,Research,30,code,https://www.kaggle.com/c/indoor-location-navigation/discussion/240056,www.kaggle.com,,0
indoor-location-navigation,0,,2021,Research,34,description,https://www.kaggle.com/c/indoor-location-navigation/discussion/239888,www.kaggle.com,,0
indoor-location-navigation,0,,2021,Research,36,description,https://www.kaggle.com/c/indoor-location-navigation/discussion/240174,www.kaggle.com,,0
indoor-location-navigation,0,,2021,Research,all solutions,kernel,https://www.kaggle.com/c/indoor-location-navigation/discussion/241737,www.kaggle.com,,0
informs2010,0,,2010,Featured,1,description,http://blog.kaggle.com/2010/10/11/how-i-did-it-the-top-three-from-the-2010-informs-data-mining-contest/,blog.kaggle.com,legacy_blog,0
inria-bci-challenge,0,,2015,Research,1,code,https://github.com/alexandrebarachant/bci-challenge-ner-2015,github.com,,0
inria-bci-challenge,0,,2015,Research,4,code,https://www.kaggle.com/c/inria-bci-challenge/discussion/12697,www.kaggle.com,,0
instacart-market-basket-analysis,0,,2017,Featured,2,code,https://github.com/KazukiOnodera/Instacart,github.com,,0
instacart-market-basket-analysis,0,,2017,Featured,3,code,https://github.com/sjvasquez/instacart-basket-prediction,github.com,,0
instacart-market-basket-analysis,0,,2017,Featured,4,description,https://www.kaggle.com/c/instacart-market-basket-analysis/discussion/38102,www.kaggle.com,,0
instacart-market-basket-analysis,0,,2017,Featured,6,description,https://www.kaggle.com/c/instacart-market-basket-analysis/discussion/38112,www.kaggle.com,,0
instacart-market-basket-analysis,0,,2017,Featured,8,description,https://www.kaggle.com/c/instacart-market-basket-analysis/discussion/38161,www.kaggle.com,,0
instacart-market-basket-analysis,0,,2017,Featured,9,description,https://www.kaggle.com/c/instacart-market-basket-analysis/discussion/38100,www.kaggle.com,,0
instacart-market-basket-analysis,0,,2017,Featured,11,description,https://www.kaggle.com/c/instacart-market-basket-analysis/discussion/38126,www.kaggle.com,,0
instacart-market-basket-analysis,0,,2017,Featured,12,code,https://www.kaggle.com/c/instacart-market-basket-analysis/discussion/38110,www.kaggle.com,,0
instacart-market-basket-analysis,0,,2017,Featured,18,description,https://www.kaggle.com/c/instacart-market-basket-analysis/discussion/38120,www.kaggle.com,,0
instacart-market-basket-analysis,0,,2017,Featured,all solutions,kernel,https://www.kaggle.com/c/instacart-market-basket-analysis/discussion/38113,www.kaggle.com,,0
instant-gratification,0,,2019,Featured,1,code,https://www.kaggle.com/c/instant-gratification/discussion/96549#latest-564990,www.kaggle.com,,0
instant-gratification,0,,2019,Featured,2,code,https://www.kaggle.com/qiaoshiji/asdfghjkl?scriptVersionId=16011704,www.kaggle.com,,0
instant-gratification,0,,2019,Featured,3,description,https://www.kaggle.com/c/instant-gratification/discussion/96504#latest-564294,www.kaggle.com,,0
instant-gratification,0,,2019,Featured,4,code,https://www.kaggle.com/rsakata/gmm-with-target-perfect-pred-random-shuffle,www.kaggle.com,,0
instant-gratification,0,,2019,Featured,5,code,https://www.kaggle.com/c/instant-gratification/discussion/96510,www.kaggle.com,,0
instant-gratification,0,,2019,Featured,6,code,https://www.kaggle.com/c/instant-gratification/discussion/96496#latest-589419,www.kaggle.com,,0
instant-gratification,0,,2019,Featured,7,code,https://www.kaggle.com/cdeotte/3-clusters-per-class-0-975,www.kaggle.com,,0
instant-gratification,0,,2019,Featured,8,code,https://www.kaggle.com/c/instant-gratification/discussion/96568,www.kaggle.com,,0
instant-gratification,0,,2019,Featured,10,code,https://www.kaggle.com/c/instant-gratification/discussion/96556,www.kaggle.com,,0
instant-gratification,0,,2019,Featured,13,code,https://www.kaggle.com/c/instant-gratification/discussion/96531,www.kaggle.com,,0
instant-gratification,0,,2019,Featured,14,description,https://www.kaggle.com/c/instant-gratification/discussion/96533#latest-564293,www.kaggle.com,,0
instant-gratification,0,,2019,Featured,32,code,https://www.kaggle.com/c/instant-gratification/discussion/96525#latest-562649,www.kaggle.com,,0
instant-gratification,0,,2019,Featured,all solutions,kernel,https://www.kaggle.com/c/instant-gratification/discussion/96540#latest-564292,www.kaggle.com,,0
integer-sequence-learning,0,,2016,Playground,17,code,https://www.kaggle.com/c/integer-sequence-learning/discussion/24971,www.kaggle.com,,0
integer-sequence-learning,0,,2016,Playground,?,code,https://github.com/Kyubyong/integer_sequence_learning,github.com,,0
intel-mobileodt-cervical-cancer-screening,0,,2017,Featured,4,code,https://github.com/lRomul/intel-cancer,github.com,,0
intel-mobileodt-cervical-cancer-screening,0,,2017,Featured,6,description,https://www.kaggle.com/c/intel-mobileodt-cervical-cancer-screening/discussion/35089,www.kaggle.com,,0
intel-mobileodt-cervical-cancer-screening,0,,2017,Featured,7,code,https://github.com/smg478/Kaggle-CarvanaImageMaskingChallenge,github.com,,0
intel-mobileodt-cervical-cancer-screening,0,,2017,Featured,9,code,https://www.kaggle.com/c/intel-mobileodt-cervical-cancer-screening/discussion/35104,www.kaggle.com,,0
intel-mobileodt-cervical-cancer-screening,0,,2017,Featured,15,code,https://github.com/wangg12/intel-cervical-cancer,github.com,,0
intel-mobileodt-cervical-cancer-screening,0,,2017,Featured,20,description,https://www.kaggle.com/c/intel-mobileodt-cervical-cancer-screening/discussion/35168,www.kaggle.com,,0
intel-mobileodt-cervical-cancer-screening,0,,2017,Featured,26,description,https://www.kaggle.com/c/intel-mobileodt-cervical-cancer-screening/discussion/35111,www.kaggle.com,,0
intel-mobileodt-cervical-cancer-screening,0,,2017,Featured,27,description,https://www.kaggle.com/c/intel-mobileodt-cervical-cancer-screening/discussion/35269,www.kaggle.com,,0
invasive-species-monitoring,0,,2017,Playground,1,code,https://github.com/jamesrequa/Kaggle-Invasive-Species-Monitoring-Competition,github.com,,0
invasive-species-monitoring,0,,2017,Playground,3,description,https://medium.com/@alexandrecadrin/kaggle-invasive-species-monitor-competition-3rd-place-solution-overview-1ee42f4d7e29,medium.com,,0
invasive-species-monitoring,0,,2017,Playground,6,code,https://github.com/sainathadapa/kaggle-invasive-species-monitoring,github.com,,0
invasive-species-monitoring,0,,2017,Playground,7,code,https://github.com/chicm/kaggle-invasive-species,github.com,,0
iwildcam-2019-fgvc6,0,,2019,Playground,3,code,https://www.kaggle.com/c/iwildcam-2019-fgvc6/discussion/95406#latest-550812,www.kaggle.com,,0
iwildcam-2019-fgvc6,0,,2019,Playground,7,code,https://github.com/Walleclipse/iWildCam_2019_FGVC6,github.com,,0
iwildcam-2020-fgvc7,0,,2020,Research,1,description,https://www.kaggle.com/c/iwildcam-2020-fgvc7/discussion/158370,www.kaggle.com,,0
iwildcam-2020-fgvc7,0,,2020,Research,2,description,https://www.kaggle.com/c/iwildcam-2020-fgvc7/discussion/157946,www.kaggle.com,,0
iwildcam-2020-fgvc7,0,,2020,Research,3,description,https://www.kaggle.com/c/iwildcam-2020-fgvc7/discussion/157932,www.kaggle.com,,0
iwildcam-2020-fgvc7,0,,2020,Research,4,description,https://www.kaggle.com/c/iwildcam-2020-fgvc7/discussion/156420,www.kaggle.com,,0
iwildcam-2020-fgvc7,0,,2020,Research,10,description,https://www.kaggle.com/c/iwildcam-2020-fgvc7/discussion/154211,www.kaggle.com,,0
iwildcam2021-fgvc8,0,,2021,Research,1,code,https://www.kaggle.com/c/iwildcam2021-fgvc8/discussion/245460,www.kaggle.com,,0
iwildcam2021-fgvc8,0,,2021,Research,2,description,https://www.kaggle.com/c/iwildcam2021-fgvc8/discussion/245559,www.kaggle.com,,0
iwildcam2021-fgvc8,0,,2021,Research,3,description,https://www.kaggle.com/c/iwildcam2021-fgvc8/discussion/244950,www.kaggle.com,,0
iwildcam2021-fgvc8,0,,2021,Research,4,description,https://www.kaggle.com/c/iwildcam2021-fgvc8/discussion/243509,www.kaggle.com,,0
iwildcam2021-fgvc8,0,,2021,Research,7,code,https://www.kaggle.com/c/iwildcam2021-fgvc8/discussion/242978,www.kaggle.com,,0
jane-street-market-prediction,0,,2021,Featured,1,description,https://www.kaggle.com/c/jane-street-market-prediction/discussion/224348,www.kaggle.com,,0
jane-street-market-prediction,0,,2021,Featured,1,code,https://www.kaggle.com/c/jane-street-market-prediction/discussion/229623,www.kaggle.com,,0
jane-street-market-prediction,0,,2021,Featured,3,description,https://www.kaggle.com/c/jane-street-market-prediction/discussion/224713,www.kaggle.com,,0
jane-street-market-prediction,0,,2021,Featured,23,description,https://www.kaggle.com/c/jane-street-market-prediction/discussion/224079,www.kaggle.com,,0
jane-street-market-prediction,0,,2021,Featured,39,code,https://www.kaggle.com/c/jane-street-market-prediction/discussion/224029,www.kaggle.com,,0
jane-street-market-prediction,0,,2021,Featured,44,description,https://www.kaggle.com/c/jane-street-market-prediction/discussion/227167,www.kaggle.com,,0
jigsaw-multilingual-toxic-comment-classification,0,,2020,Featured,1,description,https://www.kaggle.com/c/jigsaw-multilingual-toxic-comment-classification/discussion/160862,www.kaggle.com,,0
jigsaw-multilingual-toxic-comment-classification,0,,2020,Featured,1,description,https://www.kaggle.com/c/jigsaw-multilingual-toxic-comment-classification/discussion/160986,www.kaggle.com,,0
jigsaw-multilingual-toxic-comment-classification,0,,2020,Featured,3,description,https://www.kaggle.com/c/jigsaw-multilingual-toxic-comment-classification/discussion/160964,www.kaggle.com,,0
jigsaw-multilingual-toxic-comment-classification,0,,2020,Featured,4,description,https://www.kaggle.com/c/jigsaw-multilingual-toxic-comment-classification/discussion/160980,www.kaggle.com,,0
jigsaw-multilingual-toxic-comment-classification,0,,2020,Featured,5,description,https://www.kaggle.com/c/jigsaw-multilingual-toxic-comment-classification/discussion/161997,www.kaggle.com,,0
jigsaw-multilingual-toxic-comment-classification,0,,2020,Featured,6,description,https://www.kaggle.com/c/jigsaw-multilingual-toxic-comment-classification/discussion/161095,www.kaggle.com,,0
jigsaw-multilingual-toxic-comment-classification,0,,2020,Featured,8,description,https://www.kaggle.com/c/jigsaw-multilingual-toxic-comment-classification/discussion/160937,www.kaggle.com,,0
jigsaw-multilingual-toxic-comment-classification,0,,2020,Featured,10,description,https://www.kaggle.com/c/jigsaw-multilingual-toxic-comment-classification/discussion/161100,www.kaggle.com,,0
jigsaw-multilingual-toxic-comment-classification,0,,2020,Featured,11,description,https://www.kaggle.com/c/jigsaw-multilingual-toxic-comment-classification/discussion/160961,www.kaggle.com,,0
jigsaw-multilingual-toxic-comment-classification,0,,2020,Featured,13,description,https://www.kaggle.com/c/jigsaw-multilingual-toxic-comment-classification/discussion/161974,www.kaggle.com,,0
jigsaw-multilingual-toxic-comment-classification,0,,2020,Featured,13,description,https://www.kaggle.com/c/jigsaw-multilingual-toxic-comment-classification/discussion/161998,www.kaggle.com,,0
jigsaw-multilingual-toxic-comment-classification,0,,2020,Featured,16,description,https://www.kaggle.com/c/jigsaw-multilingual-toxic-comment-classification/discussion/160892,www.kaggle.com,,0
jigsaw-multilingual-toxic-comment-classification,0,,2020,Featured,19,description,https://www.kaggle.com/c/jigsaw-multilingual-toxic-comment-classification/discussion/160927,www.kaggle.com,,0
jigsaw-multilingual-toxic-comment-classification,0,,2020,Featured,21,description,https://www.kaggle.com/c/jigsaw-multilingual-toxic-comment-classification/discussion/160876,www.kaggle.com,,0
jigsaw-multilingual-toxic-comment-classification,0,,2020,Featured,25,code,https://www.kaggle.com/c/jigsaw-multilingual-toxic-comment-classification/discussion/161014,www.kaggle.com,,0
jigsaw-multilingual-toxic-comment-classification,0,,2020,Featured,34,description,https://www.kaggle.com/c/jigsaw-multilingual-toxic-comment-classification/discussion/160896,www.kaggle.com,,0
jigsaw-multilingual-toxic-comment-classification,0,,2020,Featured,43,description,https://www.kaggle.com/c/jigsaw-multilingual-toxic-comment-classification/discussion/161103,www.kaggle.com,,0
jigsaw-multilingual-toxic-comment-classification,0,,2020,Featured,59,description,https://www.kaggle.com/c/jigsaw-multilingual-toxic-comment-classification/discussion/160903,www.kaggle.com,,0
jigsaw-multilingual-toxic-comment-classification,0,,2020,Featured,all solutions,kernel,https://www.kaggle.com/c/jigsaw-multilingual-toxic-comment-classification/discussion/161066,www.kaggle.com,,0
jigsaw-toxic-comment-classification-challenge,0,,2018,Featured,1,description,https://www.kaggle.com/c/jigsaw-toxic-comment-classification-challenge/discussion/52557,www.kaggle.com,,0
jigsaw-toxic-comment-classification-challenge,0,,2018,Featured,2,description,https://www.kaggle.com/c/jigsaw-toxic-comment-classification-challenge/discussion/52612,www.kaggle.com,,0
jigsaw-toxic-comment-classification-challenge,0,,2018,Featured,3,description,https://www.kaggle.com/c/jigsaw-toxic-comment-classification-challenge/discussion/52762,www.kaggle.com,,0
jigsaw-toxic-comment-classification-challenge,0,,2018,Featured,5,description,https://www.kaggle.com/c/jigsaw-toxic-comment-classification-challenge/discussion/52630,www.kaggle.com,,0
jigsaw-toxic-comment-classification-challenge,0,,2018,Featured,12,code,https://www.kaggle.com/c/jigsaw-toxic-comment-classification-challenge/discussion/52702,www.kaggle.com,,0
jigsaw-toxic-comment-classification-challenge,0,,2018,Featured,15,description,https://www.kaggle.com/c/jigsaw-toxic-comment-classification-challenge/discussion/52563,www.kaggle.com,,0
jigsaw-toxic-comment-classification-challenge,0,,2018,Featured,25,code,https://www.kaggle.com/c/jigsaw-toxic-comment-classification-challenge/discussion/52647,www.kaggle.com,,0
jigsaw-toxic-comment-classification-challenge,0,,2018,Featured,27,code,https://www.kaggle.com/c/jigsaw-toxic-comment-classification-challenge/discussion/52719,www.kaggle.com,,0
jigsaw-toxic-comment-classification-challenge,0,,2018,Featured,33,code,https://www.kaggle.com/c/jigsaw-toxic-comment-classification-challenge/discussion/52666,www.kaggle.com,,0
jigsaw-toxic-comment-classification-challenge,0,,2018,Featured,34,description,https://www.kaggle.com/c/jigsaw-toxic-comment-classification-challenge/discussion/52645,www.kaggle.com,,0
jigsaw-toxic-comment-classification-challenge,0,,2018,Featured,?,code,https://github.com/neptune-ml/open-solution-toxic-comments,github.com,,0
jigsaw-unintended-bias-in-toxicity-classification,0,,2019,Featured,1,description,https://www.kaggle.com/c/jigsaw-unintended-bias-in-toxicity-classification/discussion/103280#latest-619135,www.kaggle.com,,0
jigsaw-unintended-bias-in-toxicity-classification,0,,2019,Featured,2,description,https://www.kaggle.com/c/jigsaw-unintended-bias-in-toxicity-classification/discussion/100661#latest-597994,www.kaggle.com,,0
jigsaw-unintended-bias-in-toxicity-classification,0,,2019,Featured,3,description,https://www.kaggle.com/c/jigsaw-unintended-bias-in-toxicity-classification/discussion/97471#latest-599024,www.kaggle.com,,0
jigsaw-unintended-bias-in-toxicity-classification,0,,2019,Featured,4,code,https://www.kaggle.com/c/jigsaw-unintended-bias-in-toxicity-classification/discussion/101927#latest-628546,www.kaggle.com,,0
jigsaw-unintended-bias-in-toxicity-classification,0,,2019,Featured,5,description,https://www.kaggle.com/c/jigsaw-unintended-bias-in-toxicity-classification/discussion/100718#latest-582601,www.kaggle.com,,0
jigsaw-unintended-bias-in-toxicity-classification,0,,2019,Featured,7,description,https://www.kaggle.com/c/jigsaw-unintended-bias-in-toxicity-classification/discussion/100611#latest-584896,www.kaggle.com,,0
jigsaw-unintended-bias-in-toxicity-classification,0,,2019,Featured,8,description,https://www.kaggle.com/c/jigsaw-unintended-bias-in-toxicity-classification/discussion/100961#latest-593873,www.kaggle.com,,0
jigsaw-unintended-bias-in-toxicity-classification,0,,2019,Featured,9,description,https://www.kaggle.com/c/jigsaw-unintended-bias-in-toxicity-classification/discussion/100530#latest-621342,www.kaggle.com,,0
jigsaw-unintended-bias-in-toxicity-classification,0,,2019,Featured,10,code,https://www.kaggle.com/c/jigsaw-unintended-bias-in-toxicity-classification/discussion/101630,www.kaggle.com,,0
jigsaw-unintended-bias-in-toxicity-classification,0,,2019,Featured,11,description,https://www.kaggle.com/c/jigsaw-unintended-bias-in-toxicity-classification/discussion/100799,www.kaggle.com,,0
jigsaw-unintended-bias-in-toxicity-classification,0,,2019,Featured,14,description,https://www.kaggle.com/c/jigsaw-unintended-bias-in-toxicity-classification/discussion/100821#latest-600513,www.kaggle.com,,0
jigsaw-unintended-bias-in-toxicity-classification,0,,2019,Featured,15,code,https://www.kaggle.com/c/jigsaw-unintended-bias-in-toxicity-classification/discussion/97443,www.kaggle.com,,0
jigsaw-unintended-bias-in-toxicity-classification,0,,2019,Featured,16,description,https://www.kaggle.com/c/jigsaw-unintended-bias-in-toxicity-classification/discussion/100708#latest-582600,www.kaggle.com,,0
jigsaw-unintended-bias-in-toxicity-classification,0,,2019,Featured,18,description,https://www.kaggle.com/c/jigsaw-unintended-bias-in-toxicity-classification/discussion/97425#latest-568460,www.kaggle.com,,0
jigsaw-unintended-bias-in-toxicity-classification,0,,2019,Featured,23,description,https://www.kaggle.com/c/jigsaw-unintended-bias-in-toxicity-classification/discussion/97400,www.kaggle.com,,0
jigsaw-unintended-bias-in-toxicity-classification,0,,2019,Featured,26,description,https://www.kaggle.com/c/jigsaw-unintended-bias-in-toxicity-classification/discussion/97422#latest-592199,www.kaggle.com,,0
jigsaw-unintended-bias-in-toxicity-classification,0,,2019,Featured,27,description,https://www.kaggle.com/c/jigsaw-unintended-bias-in-toxicity-classification/discussion/97389,www.kaggle.com,,0
jigsaw-unintended-bias-in-toxicity-classification,0,,2019,Featured,32,description,https://www.kaggle.com/c/jigsaw-unintended-bias-in-toxicity-classification/discussion/100713#latest-581135,www.kaggle.com,,0
jigsaw-unintended-bias-in-toxicity-classification,0,,2019,Featured,33,description,https://www.kaggle.com/c/jigsaw-unintended-bias-in-toxicity-classification/discussion/97464#latest-568442,www.kaggle.com,,0
jigsaw-unintended-bias-in-toxicity-classification,0,,2019,Featured,53,description,https://www.kaggle.com/c/jigsaw-unintended-bias-in-toxicity-classification/discussion/97484#latest-580046,www.kaggle.com,,0
jigsaw-unintended-bias-in-toxicity-classification,0,,2019,Featured,all solutions,kernel,https://www.kaggle.com/c/jigsaw-unintended-bias-in-toxicity-classification/discussion/97435#latest-599026,www.kaggle.com,,0
kaggle-survey-2019,0,,2019,Analytics,1,code,https://www.kaggle.com/tkubacka/a-story-told-through-a-heatmap,www.kaggle.com,,0
kaggle-survey-2019,0,,2019,Analytics,2,code,https://www.kaggle.com/artvolgin/exploring-phd-community-with-network-analysis,www.kaggle.com,,0
kaggle-survey-2019,0,,2019,Analytics,3,code,https://www.kaggle.com/andresionek/is-there-any-job-out-there-kaggle-vs-glassdoor,www.kaggle.com,,0
kaggle-survey-2019,0,,2019,Analytics,4,code,https://www.kaggle.com/iamleonie/japan-country-of-the-rising-women,www.kaggle.com,,0
kaggle-survey-2019,0,,2019,Analytics,5,code,https://www.kaggle.com/shivamb/spending-for-ms-in-data-science-worth-it,www.kaggle.com,,0
kaggle-survey-2019,0,,2019,Analytics,all solutions,kernel,https://www.kaggle.com/c/kaggle-survey-2019/discussion/121041,www.kaggle.com,,0
kdd-cup-2013-author-disambiguation,0,,2013,Featured,1,description,https://www.csie.ntu.edu.tw/%7Ecjlin/papers/kddcup2013/,www.csie.ntu.edu.tw,,0
kdd-cup-2013-author-disambiguation,0,,2013,Featured,2,code,https://github.com/remenberl/KDDCup2013,github.com,,0
kdd-cup-2013-author-disambiguation,0,,2013,Featured,3,code,https://github.com/hustmonk/kddcup,github.com,,0
kdd-cup-2013-author-disambiguation,0,,2013,Featured,4,code,https://github.com/bensolucky/Authors,github.com,,0
kdd-cup-2013-author-paper-identification-challenge,0,,2013,Featured,1,description,https://www.csie.ntu.edu.tw/%7Ecjlin/papers/kddcup2013/,www.csie.ntu.edu.tw,,0
kdd-cup-2013-author-paper-identification-challenge,0,,2013,Featured,2,code,https://github.com/lucaseustaquio/kdd-cup-2013-track1,github.com,,0
kdd-cup-2013-author-paper-identification-challenge,0,,2013,Featured,4,code,https://github.com/naokazumizuta/KDD2013AuthorPaperIdentification,github.com,,0
kdd-cup-2014-predicting-excitement-at-donors-choose,0,,2014,Research,2,code,https://www.kaggle.com/c/kdd-cup-2014-predicting-excitement-at-donors-choose/discussion/9774,www.kaggle.com,,0
kkbox-churn-prediction-challenge,0,,2017,Research,17,description,https://www.kaggle.com/c/kkbox-churn-prediction-challenge/discussion/46078,www.kaggle.com,,0
kkbox-music-recommendation-challenge,0,,2017,Research,1,description,https://www.kaggle.com/c/kkbox-music-recommendation-challenge/discussion/45942,www.kaggle.com,,0
kkbox-music-recommendation-challenge,0,,2017,Research,3,code,https://www.kaggle.com/c/kkbox-music-recommendation-challenge/discussion/45971,www.kaggle.com,,0
kkbox-music-recommendation-challenge,0,,2017,Research,6,description,https://www.kaggle.com/c/kkbox-music-recommendation-challenge/discussion/45999,www.kaggle.com,,0
kkbox-music-recommendation-challenge,0,,2017,Research,7,code,https://www.kaggle.com/c/kkbox-music-recommendation-challenge/discussion/45614,www.kaggle.com,,0
kobe-bryant-shot-selection,0,,2016,Playground,15,code,https://github.com/shiba24/kaggle-Kobe-Bryant-Shot-Selection,github.com,,0
kuzushiji-recognition,0,,2019,Playground,1,code,https://www.kaggle.com/c/kuzushiji-recognition/discussion/112788,www.kaggle.com,,0
kuzushiji-recognition,0,,2019,Playground,2,code,https://www.kaggle.com/c/kuzushiji-recognition/discussion/112712,www.kaggle.com,,0
kuzushiji-recognition,0,,2019,Playground,3,code,https://www.kaggle.com/c/kuzushiji-recognition/discussion/113049,www.kaggle.com,,0
kuzushiji-recognition,0,,2019,Playground,4,code,https://www.kaggle.com/c/kuzushiji-recognition/discussion/114764,www.kaggle.com,,0
kuzushiji-recognition,0,,2019,Playground,5,code,https://www.kaggle.com/c/kuzushiji-recognition/discussion/112771,www.kaggle.com,,0
kuzushiji-recognition,0,,2019,Playground,7,code,https://www.kaggle.com/c/kuzushiji-recognition/discussion/112899,www.kaggle.com,,0
kuzushiji-recognition,0,,2019,Playground,8,code,https://www.kaggle.com/c/kuzushiji-recognition/discussion/113419,www.kaggle.com,,0
kuzushiji-recognition,0,,2019,Playground,9,code,https://www.kaggle.com/c/kuzushiji-recognition/discussion/112807,www.kaggle.com,,0
kuzushiji-recognition,0,,2019,Playground,13,code,https://www.kaggle.com/c/kuzushiji-recognition/discussion/113518,www.kaggle.com,,0
kuzushiji-recognition,0,,2019,Playground,15,code,https://www.kaggle.com/c/kuzushiji-recognition/discussion/114120,www.kaggle.com,,0
landmark-recognition-2019,0,,2019,Research,2,code,https://www.kaggle.com/c/landmark-recognition-2019/discussion/95176#latest-551734,www.kaggle.com,,0
landmark-recognition-2019,0,,2019,Research,8,description,https://www.kaggle.com/c/landmark-recognition-2019/discussion/94512#latest-549367,www.kaggle.com,,0
landmark-recognition-2019,0,,2019,Research,15,description,https://www.kaggle.com/c/landmark-recognition-2019/discussion/94308#latest-544734,www.kaggle.com,,0
landmark-recognition-2019,0,,2019,Research,20,description,https://www.kaggle.com/c/landmark-recognition-2019/discussion/94645#latest-549974,www.kaggle.com,,0
landmark-recognition-2019,0,,2019,Research,27,description,https://www.kaggle.com/c/landmark-recognition-2019/discussion/94486#latest-543792,www.kaggle.com,,0
landmark-recognition-2019,0,,2019,Research,31,code,https://www.kaggle.com/c/landmark-recognition-2019/discussion/95077#latest-551166,www.kaggle.com,,0
landmark-recognition-2020,0,,2020,Research,1,code,https://www.kaggle.com/c/landmark-recognition-2020/discussion/187821,www.kaggle.com,,0
landmark-recognition-2020,0,,2020,Research,2,code,https://www.kaggle.com/c/landmark-recognition-2020/discussion/188299,www.kaggle.com,,0
landmark-recognition-2020,0,,2020,Research,3,code,https://www.kaggle.com/c/landmark-recognition-2020/discussion/187757,www.kaggle.com,,0
landmark-recognition-2020,0,,2020,Research,6,description,https://www.kaggle.com/c/landmark-recognition-2020/discussion/187961,www.kaggle.com,,0
landmark-recognition-2020,0,,2020,Research,7,code,https://www.kaggle.com/c/landmark-recognition-2020/discussion/187894,www.kaggle.com,,0
landmark-recognition-2020,0,,2020,Research,21,description,https://www.kaggle.com/c/landmark-recognition-2020/discussion/187864,www.kaggle.com,,0
landmark-recognition-2020,0,,2020,Research,22,description,https://www.kaggle.com/c/landmark-recognition-2020/discussion/187731,www.kaggle.com,,0
landmark-recognition-2020,0,,2020,Research,31,description,https://www.kaggle.com/c/landmark-recognition-2020/discussion/188268,www.kaggle.com,,0
landmark-recognition-2020,0,,2020,Research,35,description,https://www.kaggle.com/c/landmark-recognition-2020/discussion/187714,www.kaggle.com,,0
landmark-recognition-2021,0,,2021,Research,1,code,https://www.kaggle.com/c/landmark-recognition-2021/discussion/277098,www.kaggle.com,,0
landmark-recognition-2021,0,,2021,Research,3,description,https://www.kaggle.com/c/landmark-recognition-2021/discussion/275870,www.kaggle.com,,0
landmark-recognition-2021,0,,2021,Research,4,description,https://www.kaggle.com/c/landmark-recognition-2021/discussion/277386,www.kaggle.com,,0
landmark-recognition-2021,0,,2021,Research,5,description,https://www.kaggle.com/c/landmark-recognition-2021/discussion/275876,www.kaggle.com,,0
landmark-recognition-2021,0,,2021,Research,8,description,https://www.kaggle.com/c/landmark-recognition-2021/discussion/276636,www.kaggle.com,,0
landmark-recognition-2021,0,,2021,Research,all solutions,kernel,https://www.kaggle.com/c/landmark-recognition-2021/discussion/275940,www.kaggle.com,,0
landmark-recognition-challenge,0,,2018,Research,4,description,https://www.kaggle.com/c/landmark-recognition-challenge/discussion/57896,www.kaggle.com,,0
landmark-recognition-challenge,0,,2018,Research,9,description,https://www.kaggle.com/c/landmark-recognition-challenge/discussion/57152,www.kaggle.com,,0
landmark-recognition-challenge,0,,2018,Research,10,description,https://www.kaggle.com/c/landmark-recognition-challenge/discussion/58050,www.kaggle.com,,0
landmark-recognition-challenge,0,,2018,Research,19,code,https://github.com/jandaldrop/landmark-recognition-challenge,github.com,,0
landmark-recognition-challenge,0,,2018,Research,24,code,https://www.kaggle.com/c/landmark-recognition-challenge/discussion/57913#latest-336756,www.kaggle.com,,0
landmark-retrieval-2019,0,,2019,Research,1,code,https://www.kaggle.com/c/landmark-retrieval-2019/discussion/94735#latest-551277,www.kaggle.com,,0
landmark-retrieval-2019,0,,2019,Research,2,code,https://www.kaggle.com/c/landmark-retrieval-2019/discussion/95174#latest-552711,www.kaggle.com,,0
landmark-retrieval-2019,0,,2019,Research,8,description,https://www.kaggle.com/c/landmark-retrieval-2019/discussion/94540#latest-545876,www.kaggle.com,,0
landmark-retrieval-2019,0,,2019,Research,9,description,https://www.kaggle.com/c/landmark-retrieval-2019/discussion/94843#latest-552745,www.kaggle.com,,0
landmark-retrieval-2019,0,,2019,Research,11,description,https://www.kaggle.com/c/landmark-retrieval-2019/discussion/94494#latest-543837,www.kaggle.com,,0
landmark-retrieval-2019,0,,2019,Research,15,code,https://www.kaggle.com/c/landmark-retrieval-2019/discussion/94581#latest-559526,www.kaggle.com,,0
landmark-retrieval-2019,0,,2019,Research,26,code,https://www.kaggle.com/c/landmark-retrieval-2019/discussion/97040#latest-560400,www.kaggle.com,,0
landmark-retrieval-2019,0,,2019,Research,41,code,https://www.kaggle.com/c/landmark-retrieval-2019/discussion/94386#latest-543711,www.kaggle.com,,0
landmark-retrieval-2020,0,,2020,Research,1,description,https://www.kaggle.com/c/landmark-retrieval-2020/discussion/176037,www.kaggle.com,,0
landmark-retrieval-2020,0,,2020,Research,2,description,https://www.kaggle.com/c/landmark-retrieval-2020/discussion/177078,www.kaggle.com,,0
landmark-retrieval-2020,0,,2020,Research,3,code,https://www.kaggle.com/c/landmark-retrieval-2020/discussion/177162,www.kaggle.com,,0
landmark-retrieval-2020,0,,2020,Research,4,description,https://www.kaggle.com/c/landmark-retrieval-2020/discussion/175378,www.kaggle.com,,0
landmark-retrieval-2020,0,,2020,Research,5,description,https://www.kaggle.com/c/landmark-retrieval-2020/discussion/176151,www.kaggle.com,,0
landmark-retrieval-2020,0,,2020,Research,8,description,https://www.kaggle.com/c/landmark-retrieval-2020/discussion/176405,www.kaggle.com,,0
landmark-retrieval-2020,0,,2020,Research,9,description,https://www.kaggle.com/c/landmark-retrieval-2020/discussion/175472,www.kaggle.com,,0
landmark-retrieval-2021,0,,2021,Research,1,code,https://www.kaggle.com/c/landmark-retrieval-2021/discussion/277099,www.kaggle.com,,0
landmark-retrieval-2021,0,,2021,Research,2,code,https://www.kaggle.com/c/landmark-retrieval-2021/discussion/277273,www.kaggle.com,,0
landmark-retrieval-2021,0,,2021,Research,3,description,https://www.kaggle.com/c/landmark-retrieval-2021/discussion/277382,www.kaggle.com,,0
landmark-retrieval-2021,0,,2021,Research,5,code,https://www.kaggle.com/c/landmark-retrieval-2021/discussion/275955,www.kaggle.com,,0
landmark-retrieval-2021,0,,2021,Research,5,code,https://www.kaggle.com/c/landmark-retrieval-2021/discussion/275942,www.kaggle.com,,0
landmark-retrieval-2021,0,,2021,Research,6,code,https://www.kaggle.com/c/landmark-retrieval-2021/discussion/276632,www.kaggle.com,,0
landmark-retrieval-2021,0,,2021,Research,11,description,https://www.kaggle.com/c/landmark-retrieval-2021/discussion/276338,www.kaggle.com,,0
landmark-retrieval-2021,0,,2021,Research,13,code,https://www.kaggle.com/c/landmark-retrieval-2021/discussion/275924,www.kaggle.com,,0
landmark-retrieval-2021,0,,2021,Research,all solutions,kernel,https://www.kaggle.com/c/landmark-retrieval-2021/discussion/275959,www.kaggle.com,,0
landmark-retrieval-challenge,0,,2018,Research,1,description,https://www.kaggle.com/c/landmark-retrieval-challenge/discussion/57855,www.kaggle.com,,0
landmark-retrieval-challenge,0,,2018,Research,2,description,https://www.kaggle.com/c/landmark-retrieval-challenge/discussion/59127,www.kaggle.com,,0
landmark-retrieval-challenge,0,,2018,Research,6,description,https://www.kaggle.com/c/landmark-retrieval-challenge/discussion/58482,www.kaggle.com,,0
landmark-retrieval-challenge,0,,2018,Research,14,description,https://www.kaggle.com/c/landmark-retrieval-challenge/discussion/58167,www.kaggle.com,,0
landmark-retrieval-challenge,0,,2018,Research,17,code,https://github.com/toshi-k/kaggle-google-landmark-retrieval-challenge,github.com,,0
learning-social-circles,0,,2014,Playground,1,description,https://inventingsituations.net/2014/11/09/kaggle-social-networks-competition/,inventingsituations.net,,0
learning-social-circles,0,,2014,Playground,2,description,https://www.kaggle.com/c/learning-social-circles/discussion/10798#57325,www.kaggle.com,,0
liberty-mutual-fire-peril,0,,2014,Featured,3,description,https://www.kaggle.com/c/liberty-mutual-fire-peril/discussion/10194#53012,www.kaggle.com,,0
liberty-mutual-fire-peril,0,,2014,Featured,3,code,https://github.com/Far0n/kaggle-lmgpip,github.com,,0
liberty-mutual-group-property-inspection-prediction,0,,2015,Featured,1,description,http://blog.kaggle.com/2015/09/28/liberty-mutual-property-inspection-winners-interview-qingchen-wang/,blog.kaggle.com,legacy_blog,0
liberty-mutual-group-property-inspection-prediction,0,,2015,Featured,15,code,https://www.kaggle.com/c/liberty-mutual-group-property-inspection-prediction/discussion/16318,www.kaggle.com,,0
lish-moa,0,,2020,Research,1,code,https://www.kaggle.com/c/lish-moa/discussion/201510,www.kaggle.com,,0
lish-moa,0,,2020,Research,1,description,https://www.kaggle.com/c/lish-moa/discussion/200736,www.kaggle.com,,0
lish-moa,0,,2020,Research,2,code,https://www.kaggle.com/c/lish-moa/discussion/202256,www.kaggle.com,,0
lish-moa,0,,2020,Research,3,code,https://www.kaggle.com/c/lish-moa/discussion/202078,www.kaggle.com,,0
lish-moa,0,,2020,Research,4,code,https://www.kaggle.com/c/lish-moa/discussion/200808,www.kaggle.com,,0
lish-moa,0,,2020,Research,5,description,https://www.kaggle.com/c/lish-moa/discussion/200533,www.kaggle.com,,0
lish-moa,0,,2020,Research,7,description,https://www.kaggle.com/c/lish-moa/discussion/200784,www.kaggle.com,,0
lish-moa,0,,2020,Research,8,description,https://www.kaggle.com/c/lish-moa/discussion/200992,www.kaggle.com,,0
lish-moa,0,,2020,Research,14,description,https://www.kaggle.com/c/lish-moa/discussion/200585,www.kaggle.com,,0
lish-moa,0,,2020,Research,26,code,https://www.kaggle.com/c/lish-moa/discussion/201565,www.kaggle.com,,0
lish-moa,0,,2020,Research,27,description,https://www.kaggle.com/c/lish-moa/discussion/200630,www.kaggle.com,,0
lish-moa,0,,2020,Research,30,description,https://www.kaggle.com/c/lish-moa/discussion/200679,www.kaggle.com,,0
lish-moa,0,,2020,Research,34,description,https://www.kaggle.com/c/lish-moa/discussion/200798,www.kaggle.com,,0
lish-moa,0,,2020,Research,35,description,https://www.kaggle.com/c/lish-moa/discussion/200795,www.kaggle.com,,0
lish-moa,0,,2020,Research,40,description,https://www.kaggle.com/c/lish-moa/discussion/200552,www.kaggle.com,,0
liverpool-ion-switching,0,,2020,Research,1,description,https://www.kaggle.com/c/liverpool-ion-switching/discussion/153940,www.kaggle.com,,0
liverpool-ion-switching,0,,2020,Research,2,code,https://www.kaggle.com/c/liverpool-ion-switching/discussion/153991,www.kaggle.com,,0
liverpool-ion-switching,0,,2020,Research,3,description,https://www.kaggle.com/c/liverpool-ion-switching/discussion/153734,www.kaggle.com,,0
liverpool-ion-switching,0,,2020,Research,3,description,https://www.kaggle.com/c/liverpool-ion-switching/discussion/153955,www.kaggle.com,,0
liverpool-ion-switching,0,,2020,Research,4,description,https://www.kaggle.com/c/liverpool-ion-switching/discussion/153911,www.kaggle.com,,0
liverpool-ion-switching,0,,2020,Research,5,description,https://www.kaggle.com/c/liverpool-ion-switching/discussion/154220,www.kaggle.com,,0
liverpool-ion-switching,0,,2020,Research,6,description,https://www.kaggle.com/c/liverpool-ion-switching/discussion/153932,www.kaggle.com,,0
liverpool-ion-switching,0,,2020,Research,7,description,https://www.kaggle.com/c/liverpool-ion-switching/discussion/154253,www.kaggle.com,,0
liverpool-ion-switching,0,,2020,Research,7,description,https://www.kaggle.com/c/liverpool-ion-switching/discussion/154011,www.kaggle.com,,0
liverpool-ion-switching,0,,2020,Research,8,description,https://www.kaggle.com/c/liverpool-ion-switching/discussion/153802,www.kaggle.com,,0
liverpool-ion-switching,0,,2020,Research,9,description,https://www.kaggle.com/c/liverpool-ion-switching/discussion/153712,www.kaggle.com,,0
liverpool-ion-switching,0,,2020,Research,10,description,https://www.kaggle.com/c/liverpool-ion-switching/discussion/153696,www.kaggle.com,,0
liverpool-ion-switching,0,,2020,Research,11,description,https://www.kaggle.com/c/liverpool-ion-switching/discussion/154264,www.kaggle.com,,0
liverpool-ion-switching,0,,2020,Research,12,description,https://www.kaggle.com/c/liverpool-ion-switching/discussion/153993,www.kaggle.com,,0
liverpool-ion-switching,0,,2020,Research,13,description,https://www.kaggle.com/c/liverpool-ion-switching/discussion/153863,www.kaggle.com,,0
liverpool-ion-switching,0,,2020,Research,15,description,https://www.kaggle.com/c/liverpool-ion-switching/discussion/153727,www.kaggle.com,,0
liverpool-ion-switching,0,,2020,Research,17,description,https://www.kaggle.com/c/liverpool-ion-switching/discussion/153829,www.kaggle.com,,0
liverpool-ion-switching,0,,2020,Research,18,description,https://www.kaggle.com/c/liverpool-ion-switching/discussion/153826,www.kaggle.com,,0
liverpool-ion-switching,0,,2020,Research,19,description,https://www.kaggle.com/c/liverpool-ion-switching/discussion/153721,www.kaggle.com,,0
liverpool-ion-switching,0,,2020,Research,20,description,https://www.kaggle.com/c/liverpool-ion-switching/discussion/153849,www.kaggle.com,,0
liverpool-ion-switching,0,,2020,Research,22,description,https://www.kaggle.com/c/liverpool-ion-switching/discussion/154705,www.kaggle.com,,0
liverpool-ion-switching,0,,2020,Research,23,description,https://www.kaggle.com/c/liverpool-ion-switching/discussion/153799,www.kaggle.com,,0
liverpool-ion-switching,0,,2020,Research,all solutions,kernel,https://www.kaggle.com/c/liverpool-ion-switching/discussion/153753,www.kaggle.com,,0
loan-default-prediction,0,,2014,Research,2,code,https://github.com/freedomljc/Loan_Default_Prediction,github.com,,0
loan-default-prediction,0,,2014,Research,12,code,https://github.com/dmcgarry/Default_Loan_Prediction,github.com,,0
lshtc,0,,2014,Research,1,description,https://www.kaggle.com/c/lshtc/discussion/7980,www.kaggle.com,,0
lshtc,0,,2014,Research,3,code,https://github.com/nagadomi/kaggle-lshtc,github.com,,0
lyft-motion-prediction-autonomous-vehicles,0,,2020,Featured,1,description,https://www.kaggle.com/c/lyft-motion-prediction-autonomous-vehicles/discussion/201493,www.kaggle.com,,0
lyft-motion-prediction-autonomous-vehicles,0,,2020,Featured,3,code,https://www.kaggle.com/c/lyft-motion-prediction-autonomous-vehicles/discussion/205376,www.kaggle.com,,0
lyft-motion-prediction-autonomous-vehicles,0,,2020,Featured,4,code,https://www.kaggle.com/c/lyft-motion-prediction-autonomous-vehicles/discussion/199657,www.kaggle.com,,0
lyft-motion-prediction-autonomous-vehicles,0,,2020,Featured,6,code,https://www.kaggle.com/c/lyft-motion-prediction-autonomous-vehicles/discussion/199588,www.kaggle.com,,0
lyft-motion-prediction-autonomous-vehicles,0,,2020,Featured,7,description,https://www.kaggle.com/c/lyft-motion-prediction-autonomous-vehicles/discussion/199649,www.kaggle.com,,0
lyft-motion-prediction-autonomous-vehicles,0,,2020,Featured,9,description,https://www.kaggle.com/c/lyft-motion-prediction-autonomous-vehicles/discussion/199636,www.kaggle.com,,0
lyft-motion-prediction-autonomous-vehicles,0,,2020,Featured,10,description,https://www.kaggle.com/c/lyft-motion-prediction-autonomous-vehicles/discussion/199711,www.kaggle.com,,0
lyft-motion-prediction-autonomous-vehicles,0,,2020,Featured,11,description,https://www.kaggle.com/c/lyft-motion-prediction-autonomous-vehicles/discussion/199541,www.kaggle.com,,0
lyft-motion-prediction-autonomous-vehicles,0,,2020,Featured,14,description,https://www.kaggle.com/c/lyft-motion-prediction-autonomous-vehicles/discussion/201143,www.kaggle.com,,0
lyft-motion-prediction-autonomous-vehicles,0,,2020,Featured,20,code,https://github.com/Fkaneko/kaggle-lyft-motion-pred,github.com,,0
lyft-motion-prediction-autonomous-vehicles,0,,2020,Featured,21,description,https://www.kaggle.com/c/lyft-motion-prediction-autonomous-vehicles/discussion/199755,www.kaggle.com,,0
lyft-motion-prediction-autonomous-vehicles,0,,2020,Featured,22,code,https://www.kaggle.com/c/lyft-motion-prediction-autonomous-vehicles/discussion/199494,www.kaggle.com,,0
lyft-motion-prediction-autonomous-vehicles,0,,2020,Featured,23,description,https://www.kaggle.com/c/lyft-motion-prediction-autonomous-vehicles/discussion/200035,www.kaggle.com,,0
lyft-motion-prediction-autonomous-vehicles,0,,2020,Featured,25,description,https://www.kaggle.com/c/lyft-motion-prediction-autonomous-vehicles/discussion/199540,www.kaggle.com,,0
lyft-motion-prediction-autonomous-vehicles,0,,2020,Featured,all solutions,kernel,https://www.kaggle.com/c/lyft-motion-prediction-autonomous-vehicles/discussion/201470,www.kaggle.com,,0
m5-forecasting-accuracy,0,,2020,Featured,1,description,https://www.kaggle.com/c/m5-forecasting-accuracy/discussion/163684,www.kaggle.com,,0
m5-forecasting-accuracy,0,,2020,Featured,2,description,https://www.kaggle.com/c/m5-forecasting-accuracy/discussion/164599,www.kaggle.com,,0
m5-forecasting-accuracy,0,,2020,Featured,3,description,https://www.kaggle.com/c/m5-forecasting-accuracy/discussion/164374,www.kaggle.com,,0
m5-forecasting-accuracy,0,,2020,Featured,4,description,https://www.kaggle.com/c/m5-forecasting-accuracy/discussion/163216,www.kaggle.com,,0
m5-forecasting-accuracy,0,,2020,Featured,5,description,https://www.kaggle.com/c/m5-forecasting-accuracy/discussion/163916,www.kaggle.com,,0
m5-forecasting-accuracy,0,,2020,Featured,7,description,https://www.kaggle.com/c/m5-forecasting-accuracy/discussion/164826,www.kaggle.com,,0
m5-forecasting-accuracy,0,,2020,Featured,14,description,https://www.kaggle.com/c/m5-forecasting-accuracy/discussion/163211,www.kaggle.com,,0
m5-forecasting-accuracy,0,,2020,Featured,16,description,https://www.kaggle.com/c/m5-forecasting-accuracy/discussion/169085,www.kaggle.com,,0
m5-forecasting-accuracy,0,,2020,Featured,21,description,https://www.kaggle.com/c/m5-forecasting-accuracy/discussion/164685,www.kaggle.com,,0
m5-forecasting-accuracy,0,,2020,Featured,24,description,https://www.kaggle.com/c/m5-forecasting-accuracy/discussion/163208,www.kaggle.com,,0
m5-forecasting-accuracy,0,,2020,Featured,25,description,https://www.kaggle.com/c/m5-forecasting-accuracy/discussion/163564,www.kaggle.com,,0
m5-forecasting-accuracy,0,,2020,Featured,28,description,https://www.kaggle.com/c/m5-forecasting-accuracy/discussion/163199,www.kaggle.com,,0
m5-forecasting-accuracy,0,,2020,Featured,36,code,https://www.kaggle.com/c/m5-forecasting-accuracy/discussion/163346,www.kaggle.com,,0
m5-forecasting-accuracy,0,,2020,Featured,54,description,https://www.kaggle.com/c/m5-forecasting-accuracy/discussion/163183,www.kaggle.com,,0
m5-forecasting-uncertainty,0,,2020,Featured,1,description,https://www.kaggle.com/c/m5-forecasting-uncertainty/discussion/163368,www.kaggle.com,,0
m5-forecasting-uncertainty,0,,2020,Featured,3,description,https://www.kaggle.com/c/m5-forecasting-uncertainty/discussion/166875,www.kaggle.com,,0
m5-forecasting-uncertainty,0,,2020,Featured,4,code,https://www.kaggle.com/c/m5-forecasting-uncertainty/discussion/166854,www.kaggle.com,,0
m5-forecasting-uncertainty,0,,2020,Featured,6,description,https://www.kaggle.com/c/m5-forecasting-uncertainty/discussion/163559,www.kaggle.com,,0
m5-forecasting-uncertainty,0,,2020,Featured,7,description,https://www.kaggle.com/c/m5-forecasting-uncertainty/discussion/168053,www.kaggle.com,,0
m5-forecasting-uncertainty,0,,2020,Featured,12,description,https://www.kaggle.com/c/m5-forecasting-uncertainty/discussion/163151,www.kaggle.com,,0
m5-forecasting-uncertainty,0,,2020,Featured,13,description,https://www.kaggle.com/c/m5-forecasting-uncertainty/discussion/163219,www.kaggle.com,,0
m5-forecasting-uncertainty,0,,2020,Featured,18,code,https://www.kaggle.com/c/m5-forecasting-uncertainty/discussion/164191,www.kaggle.com,,0
m5-forecasting-uncertainty,0,,2020,Featured,24,code,https://www.kaggle.com/c/m5-forecasting-uncertainty/discussion/163640,www.kaggle.com,,0
m5-forecasting-uncertainty,0,,2020,Featured,36,description,https://www.kaggle.com/c/m5-forecasting-uncertainty/discussion/163099,www.kaggle.com,,0
m5-forecasting-uncertainty,0,,2020,Featured,48,description,https://www.kaggle.com/c/m5-forecasting-uncertainty/discussion/163389,www.kaggle.com,,0
m5-forecasting-uncertainty,0,,2020,Featured,all solutions,kernel,https://www.kaggle.com/c/m5-forecasting-uncertainty/discussion/163415,www.kaggle.com,,0
machinery-tube-pricing,0,,2015,Featured,1,description,http://blog.kaggle.com/2015/09/22/caterpillar-winners-interview-1st-place-gilberto-josef-leustagos-mario/,blog.kaggle.com,legacy_blog,0
machinery-tube-pricing,0,,2015,Featured,3,description,http://blog.kaggle.com/2015/10/20/caterpillar-winners-interview-3rd-place-team-shift-workers/,blog.kaggle.com,legacy_blog,0
machinery-tube-pricing,0,,2015,Featured,4,description,https://www.kaggle.com/c/caterpillar-tube-pricing/discussion/16264#91207,www.kaggle.com,,0
malware-classification,0,,2015,Research,1,code,https://github.com/xiaozhouwang/kaggle_Microsoft_Malware,github.com,,0
malware-classification,0,,2015,Research,2,code,https://www.kaggle.com/c/malware-classification/discussion/13863,www.kaggle.com,,0
malware-classification,0,,2015,Research,3,code,https://github.com/geffy/kaggle-malware,github.com,,0
malware-classification,0,,2015,Research,6,code,https://github.com/sash-ko/kaggle-malware-classification,github.com,,0
march-machine-learning-mania-2015,0,,2015,Featured,1,description,http://blog.kaggle.com/2015/04/17/predicting-march-madness-1st-place-finisher-zach-bradshaw/,blog.kaggle.com,legacy_blog,0
march-machine-learning-mania-2016,0,,2016,Featured,1,description,http://blog.kaggle.com/2016/05/10/march-machine-learning-mania-2016-winners-interview-1st-place-miguel-alomar/,blog.kaggle.com,legacy_blog,0
march-machine-learning-mania-2017,0,,2017,Playground,19,code,https://www.kaggle.com/raddar/19-place-ml-solution,www.kaggle.com,,0
march-madness-analytics-2020,0,,2020,Analytics,1,code,https://www.kaggle.com/c/march-madness-analytics-2020/discussion/152213,www.kaggle.com,,0
mdm,0,,2011,Featured,1,description,http://blog.kaggle.com/2011/09/13/deepzot-on-dark-matter/,blog.kaggle.com,legacy_blog,0
mdm,0,,2011,Featured,2,description,http://blog.kaggle.com/2011/09/02/mapping-matter-with-matlab/,blog.kaggle.com,legacy_blog,0
mdm,0,,2011,Featured,3,description,http://blog.kaggle.com/2011/10/04/from-soundtracks-and-signatures/,blog.kaggle.com,legacy_blog,0
melbourne-university-seizure-prediction,0,,2016,Research,1,code,https://www.kaggle.com/c/melbourne-university-seizure-prediction/discussion/26310,www.kaggle.com,,0
melbourne-university-seizure-prediction,0,,2016,Research,1,code,https://github.com/alexandrebarachant/kaggle-seizure-prediction-challenge-2016,github.com,,0
melbourne-university-seizure-prediction,0,,2016,Research,3,description,https://www.kaggle.com/c/melbourne-university-seizure-prediction/discussion/26039,www.kaggle.com,,0
melbourne-university-seizure-prediction,0,,2016,Research,4,code,https://github.com/GainaTang/Melbourne-University-AES-MathWorks-NIH-Seizure-Prediction-4th-solution-,github.com,,0
melbourne-university-seizure-prediction,0,,2016,Research,5,code,https://www.kaggle.com/c/melbourne-university-seizure-prediction/discussion/26117,www.kaggle.com,,0
melbourne-university-seizure-prediction,0,,2016,Research,5,code,https://github.com/oleg-panichev/Melbourne-University-Seizure-Prediction-2016,github.com,,0
melbourne-university-seizure-prediction,0,,2016,Research,8,code,https://www.kaggle.com/c/melbourne-university-seizure-prediction/discussion/26268,www.kaggle.com,,0
mens-machine-learning-competition-2018,0,,2018,Featured,1,code,https://www.kaggle.com/c/womens-machine-learning-competition-2019/discussion/80689#latest-509892,www.kaggle.com,,0
mens-machine-learning-competition-2019,0,,2019,Featured,1,code,https://www.kaggle.com/c/mens-machine-learning-competition-2019/discussion/89150#latest-516634,www.kaggle.com,,0
mens-machine-learning-competition-2019,0,,2019,Featured,2,code,https://www.kaggle.com/c/mens-machine-learning-competition-2019/discussion/88805#latest-512670,www.kaggle.com,,0
mens-machine-learning-competition-2019,0,,2019,Featured,3,code,https://www.kaggle.com/c/mens-machine-learning-competition-2019/discussion/90254#latest-520985,www.kaggle.com,,0
mens-machine-learning-competition-2019,0,,2019,Featured,4,code,https://www.kaggle.com/c/mens-machine-learning-competition-2019/discussion/89645#latest-517740,www.kaggle.com,,0
mens-machine-learning-competition-2019,0,,2019,Featured,5,description,https://www.kaggle.com/c/mens-machine-learning-competition-2019/discussion/89942#latest-525738,www.kaggle.com,,0
mercari-price-suggestion-challenge,0,,2018,Featured,1,code,https://www.kaggle.com/c/mercari-price-suggestion-challenge/discussion/50256,www.kaggle.com,,0
mercari-price-suggestion-challenge,0,,2018,Featured,2,code,https://www.kaggle.com/c/mercari-price-suggestion-challenge/discussion/50499,www.kaggle.com,,0
mercari-price-suggestion-challenge,0,,2018,Featured,3,code,https://www.kaggle.com/c/mercari-price-suggestion-challenge/discussion/50272,www.kaggle.com,,0
mercari-price-suggestion-challenge,0,,2018,Featured,4,code,https://github.com/ChenglongChen/tensorflow-XNN,github.com,,0
mercari-price-suggestion-challenge,0,,2018,Featured,6,description,https://www.kaggle.com/c/mercari-price-suggestion-challenge/discussion/50431,www.kaggle.com,,0
mercari-price-suggestion-challenge,0,,2018,Featured,9,description,https://www.kaggle.com/c/mercari-price-suggestion-challenge/discussion/50319,www.kaggle.com,,0
mercari-price-suggestion-challenge,0,,2018,Featured,13,description,https://www.kaggle.com/c/mercari-price-suggestion-challenge/discussion/50260,www.kaggle.com,,0
mercari-price-suggestion-challenge,0,,2018,Featured,14,description,https://www.kaggle.com/c/mercari-price-suggestion-challenge/discussion/50275,www.kaggle.com,,0
mercari-price-suggestion-challenge,0,,2018,Featured,16,description,https://www.kaggle.com/c/mercari-price-suggestion-challenge/discussion/50322,www.kaggle.com,,0
mercari-price-suggestion-challenge,0,,2018,Featured,18,description,https://www.kaggle.com/c/mercari-price-suggestion-challenge/discussion/50252,www.kaggle.com,,0
mercari-price-suggestion-challenge,0,,2018,Featured,22,description,https://www.kaggle.com/c/mercari-price-suggestion-challenge/discussion/50259,www.kaggle.com,,0
mercari-price-suggestion-challenge,0,,2018,Featured,25,code,https://github.com/aerdem4/mercari-price-suggestion,github.com,,0
mercedes-benz-greener-manufacturing,0,,2017,Featured,1,description,https://www.kaggle.com/c/mercedes-benz-greener-manufacturing/discussion/37700,www.kaggle.com,,0
mercedes-benz-greener-manufacturing,0,,2017,Featured,2,description,https://www.kaggle.com/c/mercedes-benz-greener-manufacturing/discussion/36390,www.kaggle.com,,0
mercedes-benz-greener-manufacturing,0,,2017,Featured,11,code,https://www.kaggle.com/c/mercedes-benz-greener-manufacturing/discussion/36242,www.kaggle.com,,0
mercedes-benz-greener-manufacturing,0,,2017,Featured,12,code,https://github.com/0celot/kaggle_competitions/tree/master/mercedes-benz,github.com,,0
mercedes-benz-greener-manufacturing,0,,2017,Featured,13,code,https://github.com/OrhanYaz/Kaggle_mercedes_benz_challenge,github.com,,0
mercedes-benz-greener-manufacturing,0,,2017,Featured,20,code,https://github.com/raphay3l/3rd_Place_Solution_Kaggle_Mercedes,github.com,,0
microsoft-malware-prediction,0,,2019,Research,2,code,https://www.kaggle.com/c/microsoft-malware-prediction/discussion/84065#latest-503765,www.kaggle.com,,0
microsoft-malware-prediction,0,,2019,Research,4,code,https://www.kaggle.com/c/microsoft-malware-prediction/discussion/84515#latest-493038,www.kaggle.com,,0
microsoft-malware-prediction,0,,2019,Research,6,description,https://www.kaggle.com/c/microsoft-malware-prediction/discussion/84069#latest-499864,www.kaggle.com,,0
microsoft-malware-prediction,0,,2019,Research,6,description,https://www.kaggle.com/c/microsoft-malware-prediction/discussion/84112#latest-501154,www.kaggle.com,,0
microsoft-malware-prediction,0,,2019,Research,9,description,https://www.kaggle.com/c/microsoft-malware-prediction/discussion/84570#latest-493569,www.kaggle.com,,0
microsoft-malware-prediction,0,,2019,Research,18,description,https://www.kaggle.com/c/microsoft-malware-prediction/discussion/84054#latest-491551,www.kaggle.com,,0
microsoft-malware-prediction,0,,2019,Research,25,description,https://www.kaggle.com/c/microsoft-malware-prediction/discussion/84427#latest-492727,www.kaggle.com,,0
mlb-player-digital-engagement-forecasting,0,,2021,Featured,1,code,https://www.kaggle.com/c/mlb-player-digital-engagement-forecasting/discussion/274255,www.kaggle.com,,0
mlb-player-digital-engagement-forecasting,0,,2021,Featured,2,code,https://www.kaggle.com/c/mlb-player-digital-engagement-forecasting/discussion/274661,www.kaggle.com,,0
mlb-player-digital-engagement-forecasting,0,,2021,Featured,3,code,https://www.kaggle.com/c/mlb-player-digital-engagement-forecasting/discussion/256620,www.kaggle.com,,0
mlb-player-digital-engagement-forecasting,0,,2021,Featured,4,description,https://www.kaggle.com/c/mlb-player-digital-engagement-forecasting/discussion/256559#1408742,www.kaggle.com,,0
mlb-player-digital-engagement-forecasting,0,,2021,Featured,5,description,https://www.kaggle.com/c/mlb-player-digital-engagement-forecasting/discussion/271345,www.kaggle.com,,0
mlb-player-digital-engagement-forecasting,0,,2021,Featured,6,description,https://www.kaggle.com/c/mlb-player-digital-engagement-forecasting/discussion/271890,www.kaggle.com,,0
mlb-player-digital-engagement-forecasting,0,,2021,Featured,8,description,https://www.kaggle.com/c/mlb-player-digital-engagement-forecasting/discussion/271683,www.kaggle.com,,0
mlb-player-digital-engagement-forecasting,0,,2021,Featured,9,description,https://www.kaggle.com/c/mlb-player-digital-engagement-forecasting/discussion/256658,www.kaggle.com,,0
mlb-player-digital-engagement-forecasting,0,,2021,Featured,11,description,https://www.kaggle.com/c/mlb-player-digital-engagement-forecasting/discussion/264396,www.kaggle.com,,0
mlb-player-digital-engagement-forecasting,0,,2021,Featured,22,code,https://www.kaggle.com/c/mlb-player-digital-engagement-forecasting/discussion/261020,www.kaggle.com,,0
mlb-player-digital-engagement-forecasting,0,,2021,Featured,all solutions,kernel,https://www.kaggle.com/c/mlb-player-digital-engagement-forecasting/discussion/271741,www.kaggle.com,,0
mlsp-2013-birds,0,,2013,Research,1,code,https://github.com/gaborfodor/MLSP_2013,github.com,,0
mlsp-2013-birds,0,,2013,Research,3,code,https://github.com/anlthms/mlsp-2013,github.com,,0
mlsp-2013-birds,0,,2013,Research,4,description,https://www.kaggle.com/c/mlsp-2013-birds/discussion/5457#29092,www.kaggle.com,,0
mlsp-2014-mri,0,,2014,Research,1,code,https://www.kaggle.com/c/mlsp-2014-mri/discussion/9907,www.kaggle.com,,0
mlsp-2014-mri,0,,2014,Research,2,code,https://www.kaggle.com/c/mlsp-2014-mri/discussion/9854,www.kaggle.com,,0
mlsp-2014-mri,0,,2014,Research,3,code,https://www.kaggle.com/c/mlsp-2014-mri/discussion/9967,www.kaggle.com,,0
msdchallenge,0,,2012,Research,2,description,https://www.kaggle.com/c/msdchallenge/discussion/2413,www.kaggle.com,,0
msk-redefining-cancer-treatment,0,,2017,Research,?,code,https://github.com/jorgemf/kaggle_redefining_cancer_treatment,github.com,,0
multilabel-bird-species-classification-nips2013,0,,2013,Research,2,code,https://github.com/mattwescott/bird-recognition,github.com,,0
ncaam-march-mania-2021,0,,2021,Playground,2,code,https://www.kaggle.com/c/ncaam-march-mania-2021/discussion/231665,www.kaggle.com,,0
ncaam-march-mania-2021,0,,2021,Playground,3,code,https://www.kaggle.com/c/ncaam-march-mania-2021/discussion/231063,www.kaggle.com,,0
ncaam-march-mania-2021,0,,2021,Playground,4,code,https://www.kaggle.com/c/ncaam-march-mania-2021/discussion/230946,www.kaggle.com,,0
ncaam-march-mania-2021,0,,2021,Playground,7,description,https://www.kaggle.com/c/ncaam-march-mania-2021/discussion/231274,www.kaggle.com,,0
ncaam-march-mania-2021,0,,2021,Playground,9,code,https://www.kaggle.com/c/ncaam-march-mania-2021/discussion/230991,www.kaggle.com,,0
ncaam-march-mania-2021,0,,2021,Playground,10,description,https://www.kaggle.com/c/ncaam-march-mania-2021/discussion/231068,www.kaggle.com,,0
ncaam-march-mania-2021,0,,2021,Playground,14,description,https://www.kaggle.com/c/ncaam-march-mania-2021/discussion/230929,www.kaggle.com,,0
ncaam-march-mania-2021,0,,2021,Playground,15,description,https://www.kaggle.com/c/ncaam-march-mania-2021/discussion/231032,www.kaggle.com,,0
ncaam-march-mania-2021,0,,2021,Playground,17,description,https://www.kaggle.com/c/ncaam-march-mania-2021/discussion/230944,www.kaggle.com,,0
ncaam-march-mania-2021,0,,2021,Playground,46,description,https://www.kaggle.com/c/ncaam-march-mania-2021/discussion/231193,www.kaggle.com,,0
ncaam-march-mania-2021,0,,2021,Playground,all solutions,kernel,https://www.kaggle.com/c/ncaam-march-mania-2021/discussion/230950,www.kaggle.com,,0
ncaaw-march-mania-2021,0,,2021,Playground,1,description,https://www.kaggle.com/c/ncaaw-march-mania-2021/discussion/231528,www.kaggle.com,,0
ncaaw-march-mania-2021,0,,2021,Playground,2,code,https://www.kaggle.com/c/ncaaw-march-mania-2021/discussion/230705,www.kaggle.com,,0
ncaaw-march-mania-2021,0,,2021,Playground,3,description,https://www.kaggle.com/c/ncaaw-march-mania-2021/discussion/232903,www.kaggle.com,,0
ncaaw-march-mania-2021,0,,2021,Playground,4,code,https://www.kaggle.com/c/ncaaw-march-mania-2021/discussion/230859,www.kaggle.com,,0
ncaaw-march-mania-2021,0,,2021,Playground,5,description,https://www.kaggle.com/c/ncaaw-march-mania-2021/discussion/231872,www.kaggle.com,,0
ncaaw-march-mania-2021,0,,2021,Playground,46,description,https://glowingpython.blogspot.com/2021/04/a-simple-model-that-earned-silver-medal.html,glowingpython.blogspot.com,,0
ncaaw-march-mania-2021,0,,2021,Playground,46,code,https://colab.research.google.com/drive/1GRhTlpxp2qePwGOKKDq4y9HAAqS4E_MC?usp=sharing,colab.research.google.com,,0
ncaaw-march-mania-2021,0,,2021,Playground,50,code,https://www.kaggle.com/svyatoslavsokolov/2021-ncaaw-first-step-v-3-stage-2-visualization,www.kaggle.com,,0
ncaaw-march-mania-2021-spread,0,,2021,Playground,1,code,https://www.kaggle.com/c/ncaaw-march-mania-2021-spread/discussion/230746,www.kaggle.com,,0
nfl-big-data-bowl-2020,0,,2020,Featured,1,description,https://www.kaggle.com/c/nfl-big-data-bowl-2020/discussion/119400,www.kaggle.com,,0
nfl-big-data-bowl-2020,0,,2020,Featured,2,description,https://www.kaggle.com/c/nfl-big-data-bowl-2020/discussion/119314,www.kaggle.com,,0
nfl-big-data-bowl-2020,0,,2020,Featured,3,description,https://www.kaggle.com/c/nfl-big-data-bowl-2020/discussion/119357,www.kaggle.com,,0
nfl-big-data-bowl-2020,0,,2020,Featured,4,description,https://www.kaggle.com/c/nfl-big-data-bowl-2020/discussion/121397,www.kaggle.com,,0
nfl-big-data-bowl-2020,0,,2020,Featured,4,description,https://www.kaggle.com/c/nfl-big-data-bowl-2020/discussion/119885,www.kaggle.com,,0
nfl-big-data-bowl-2020,0,,2020,Featured,5,description,https://www.kaggle.com/c/nfl-big-data-bowl-2020/discussion/119383,www.kaggle.com,,0
nfl-big-data-bowl-2020,0,,2020,Featured,6,description,https://www.kaggle.com/c/nfl-big-data-bowl-2020/discussion/119433,www.kaggle.com,,0
nfl-big-data-bowl-2020,0,,2020,Featured,7,code,https://www.kaggle.com/c/nfl-big-data-bowl-2020/discussion/124999,www.kaggle.com,,0
nfl-big-data-bowl-2020,0,,2020,Featured,8,description,https://www.kaggle.com/c/nfl-big-data-bowl-2020/discussion/119318,www.kaggle.com,,0
nfl-big-data-bowl-2020,0,,2020,Featured,10,description,https://www.kaggle.com/c/nfl-big-data-bowl-2020/discussion/119395,www.kaggle.com,,0
nfl-big-data-bowl-2020,0,,2020,Featured,11,description,https://www.kaggle.com/c/nfl-big-data-bowl-2020/discussion/119330,www.kaggle.com,,0
nfl-big-data-bowl-2020,0,,2020,Featured,13,description,https://www.kaggle.com/c/nfl-big-data-bowl-2020/discussion/124851,www.kaggle.com,,0
nfl-big-data-bowl-2020,0,,2020,Featured,16,description,https://www.kaggle.com/c/nfl-big-data-bowl-2020/discussion/119438,www.kaggle.com,,0
nfl-big-data-bowl-2020,0,,2020,Featured,21,description,https://www.kaggle.com/c/nfl-big-data-bowl-2020/discussion/119552,www.kaggle.com,,0
nfl-big-data-bowl-2020,0,,2020,Featured,22,description,https://www.kaggle.com/c/nfl-big-data-bowl-2020/discussion/119381,www.kaggle.com,,0
nfl-big-data-bowl-2020,0,,2020,Featured,23,description,https://www.kaggle.com/c/nfl-big-data-bowl-2020/discussion/119461,www.kaggle.com,,0
nfl-big-data-bowl-2020,0,,2020,Featured,26,description,https://www.kaggle.com/c/nfl-big-data-bowl-2020/discussion/119382,www.kaggle.com,,0
nfl-big-data-bowl-2020,0,,2020,Featured,30,description,https://www.kaggle.com/c/nfl-big-data-bowl-2020/discussion/119301,www.kaggle.com,,0
nfl-big-data-bowl-2020,0,,2020,Featured,34,description,https://www.kaggle.com/c/nfl-big-data-bowl-2020/discussion/119475,www.kaggle.com,,0
nfl-big-data-bowl-2020,0,,2020,Featured,37,description,https://www.kaggle.com/c/nfl-big-data-bowl-2020/discussion/125162,www.kaggle.com,,0
nfl-big-data-bowl-2020,0,,2020,Featured,42,description,https://www.kaggle.com/c/nfl-big-data-bowl-2020/discussion/119443,www.kaggle.com,,0
nfl-impact-detection,0,,2021,Featured,1,description,https://www.kaggle.com/c/nfl-impact-detection/discussion/209403,www.kaggle.com,,0
nfl-impact-detection,0,,2021,Featured,2,description,https://www.kaggle.com/c/nfl-impact-detection/discussion/208979,www.kaggle.com,,0
nfl-impact-detection,0,,2021,Featured,3,description,https://www.kaggle.com/c/nfl-impact-detection/discussion/208787,www.kaggle.com,,0
nfl-impact-detection,0,,2021,Featured,4,description,https://www.kaggle.com/c/nfl-impact-detection/discussion/208947,www.kaggle.com,,0
nfl-impact-detection,0,,2021,Featured,5,description,https://www.kaggle.com/c/nfl-impact-detection/discussion/209235,www.kaggle.com,,0
nfl-impact-detection,0,,2021,Featured,6,description,https://www.kaggle.com/c/nfl-impact-detection/discussion/208833,www.kaggle.com,,0
nfl-impact-detection,0,,2021,Featured,7,description,https://www.kaggle.com/c/nfl-impact-detection/discussion/208851,www.kaggle.com,,0
nfl-impact-detection,0,,2021,Featured,9,code,https://www.kaggle.com/c/nfl-impact-detection/discussion/209012,www.kaggle.com,,0
nfl-impact-detection,0,,2021,Featured,10,description,https://www.kaggle.com/c/nfl-impact-detection/discussion/208773,www.kaggle.com,,0
nfl-impact-detection,0,,2021,Featured,13,code,https://www.kaggle.com/c/nfl-impact-detection/discussion/208801,www.kaggle.com,,0
nfl-impact-detection,0,,2021,Featured,15,description,https://www.kaggle.com/c/nfl-impact-detection/discussion/208918,www.kaggle.com,,0
nfl-impact-detection,0,,2021,Featured,18,description,https://www.kaggle.com/c/nfl-impact-detection/discussion/208929,www.kaggle.com,,0
nfl-impact-detection,0,,2021,Featured,40,description,https://www.kaggle.com/c/nfl-impact-detection/discussion/209341,www.kaggle.com,,0
nfl-impact-detection,0,,2021,Featured,all solutions,kernel,https://www.kaggle.com/c/nfl-impact-detection/discussion/208812,www.kaggle.com,,0
nfl-playing-surface-analytics,0,,2020,Analytics,all solutions,kernel,https://www.kaggle.com/c/nfl-playing-surface-analytics/discussion/125977,www.kaggle.com,,0
nips-2017-defense-against-adversarial-attack,0,,2017,Research,3,code,https://github.com/anlthms/nips-2017,github.com,,0
nips-2017-non-targeted-adversarial-attack,0,,2017,Research,1,code,https://github.com/dongyp13/Non-Targeted-Adversarial-Attacks,github.com,,0
nips-2017-non-targeted-adversarial-attack,0,,2017,Research,5,code,https://www.kaggle.com/c/nips-2017-non-targeted-adversarial-attack/discussion/43413,www.kaggle.com,,0
nips-2017-non-targeted-adversarial-attack,0,,2017,Research,10,code,https://github.com/anlthms/nips-2017,github.com,,0
nips-2017-non-targeted-adversarial-attack,0,,2017,Research,11,code,https://github.com/erko/nips17-attack,github.com,,0
nips-2017-targeted-adversarial-attack,0,,2017,Research,1,code,https://github.com/dongyp13/Targeted-Adversarial-Attack,github.com,,0
nips-2017-targeted-adversarial-attack,0,,2017,Research,4,code,https://github.com/anlthms/nips-2017,github.com,,0
nips-2017-targeted-adversarial-attack,0,,2017,Research,15,code,https://github.com/erko/nips17-targeted-attack,github.com,,0
noaa-fisheries-steller-sea-lion-population-count,0,,2017,Featured,1,code,https://www.kaggle.com/outrunner/use-keras-to-count-sea-lions/notebook,www.kaggle.com,,0
noaa-fisheries-steller-sea-lion-population-count,0,,2017,Featured,2,code,https://github.com/lopuhin/kaggle-lions-2017,github.com,,0
noaa-fisheries-steller-sea-lion-population-count,0,,2017,Featured,3,description,https://www.kaggle.com/c/noaa-fisheries-steller-sea-lion-population-count/discussion/35448,www.kaggle.com,,0
noaa-fisheries-steller-sea-lion-population-count,0,,2017,Featured,4,description,https://www.kaggle.com/c/noaa-fisheries-steller-sea-lion-population-count/discussion/35442,www.kaggle.com,,0
noaa-fisheries-steller-sea-lion-population-count,0,,2017,Featured,5,description,https://www.kaggle.com/c/noaa-fisheries-steller-sea-lion-population-count/discussion/35491,www.kaggle.com,,0
noaa-fisheries-steller-sea-lion-population-count,0,,2017,Featured,6,description,https://www.kaggle.com/c/noaa-fisheries-steller-sea-lion-population-count/discussion/35545,www.kaggle.com,,0
noaa-fisheries-steller-sea-lion-population-count,0,,2017,Featured,7,description,https://www.kaggle.com/c/noaa-fisheries-steller-sea-lion-population-count/discussion/35462,www.kaggle.com,,0
noaa-fisheries-steller-sea-lion-population-count,0,,2017,Featured,19,description,https://www.kaggle.com/c/noaa-fisheries-steller-sea-lion-population-count/discussion/35465,www.kaggle.com,,0
noaa-fisheries-steller-sea-lion-population-count,0,,2017,Featured,23,description,https://www.kaggle.com/c/noaa-fisheries-steller-sea-lion-population-count/discussion/36066,www.kaggle.com,,0
noaa-fisheries-steller-sea-lion-population-count,0,,2017,Featured,25,description,https://www.kaggle.com/c/noaa-fisheries-steller-sea-lion-population-count/discussion/35460,www.kaggle.com,,0
noaa-fisheries-steller-sea-lion-population-count,0,,2017,Featured,41,description,https://www.kaggle.com/c/noaa-fisheries-steller-sea-lion-population-count/discussion/35456,www.kaggle.com,,0
noaa-fisheries-steller-sea-lion-population-count,0,,2017,Featured,67,description,https://www.kaggle.com/c/noaa-fisheries-steller-sea-lion-population-count/discussion/35397,www.kaggle.com,,0
noaa-fisheries-steller-sea-lion-population-count,0,,2017,Featured,73,description,https://www.kaggle.com/c/noaa-fisheries-steller-sea-lion-population-count/discussion/35432,www.kaggle.com,,0
noaa-fisheries-steller-sea-lion-population-count,0,,2017,Featured,163,description,https://www.kaggle.com/c/noaa-fisheries-steller-sea-lion-population-count/discussion/35415,www.kaggle.com,,0
noaa-fisheries-steller-sea-lion-population-count,0,,2017,Featured,all solutions,kernel,https://www.kaggle.com/c/noaa-fisheries-steller-sea-lion-population-count/discussion/35454,www.kaggle.com,,0
noaa-right-whale-recognition,0,,2016,Research,1,code,https://www.kaggle.com/c/noaa-right-whale-recognition/discussion/18409,www.kaggle.com,,0
noaa-right-whale-recognition,0,,2016,Research,1,description,http://blog.kaggle.com/2016/01/29/noaa-right-whale-recognition-winners-interview-1st-place-deepsense-io/,blog.kaggle.com,legacy_blog,0
noaa-right-whale-recognition,0,,2016,Research,2,code,https://github.com/felixlaumon/kaggle-right-whale,github.com,,0
noaa-right-whale-recognition,0,,2016,Research,2,description,http://blog.kaggle.com/2016/02/04/noaa-right-whale-recognition-winners-interview-2nd-place-felix-lau/,blog.kaggle.com,legacy_blog,0
noaa-right-whale-recognition,0,,2016,Research,9,code,https://github.com/anlthms/whale-2015,github.com,,0
nomad2018-predict-transparent-conductors,0,,2018,Research,5,description,https://www.kaggle.com/c/nomad2018-predict-transparent-conductors/discussion/49903,www.kaggle.com,,0
nomad2018-predict-transparent-conductors,0,,2018,Research,9,description,https://www.kaggle.com/c/nomad2018-predict-transparent-conductors/discussion/49905,www.kaggle.com,,0
nomad2018-predict-transparent-conductors,0,,2018,Research,17,description,https://www.kaggle.com/c/nomad2018-predict-transparent-conductors/discussion/49884,www.kaggle.com,,0
nyc-taxi-trip-duration,0,,2017,Playground,4,description,https://www.kaggle.com/c/nyc-taxi-trip-duration/discussion/39553,www.kaggle.com,,0
online-sales,0,,2012,Featured,21,code,https://www.kaggle.com/c/online-sales/discussion/2136,www.kaggle.com,,0
open-images-2019-instance-segmentation,0,,2019,Research,7,code,https://www.kaggle.com/c/open-images-2019-instance-segmentation/discussion/110983,www.kaggle.com,,0
open-images-2019-instance-segmentation,0,,2019,Research,11,description,https://www.kaggle.com/c/open-images-2019-instance-segmentation/discussion/111351,www.kaggle.com,,0
open-images-2019-instance-segmentation,0,,2019,Research,20,code,https://www.kaggle.com/c/open-images-2019-instance-segmentation/discussion/110908,www.kaggle.com,,0
open-images-2019-object-detection,0,,2019,Research,6,description,https://www.kaggle.com/c/open-images-2019-object-detection/discussion/110953,www.kaggle.com,,0
open-images-2019-object-detection,0,,2019,Research,10,description,https://www.kaggle.com/c/open-images-2019-object-detection/discussion/111266,www.kaggle.com,,0
open-images-2019-object-detection,0,,2019,Research,31,description,https://www.kaggle.com/c/open-images-2019-object-detection/discussion/111022,www.kaggle.com,,0
open-images-2019-visual-relationship,0,,2019,Research,2,description,https://www.kaggle.com/c/open-images-2019-visual-relationship/discussion/111361,www.kaggle.com,,0
open-images-2019-visual-relationship,0,,2019,Research,13,description,https://www.kaggle.com/c/open-images-2019-visual-relationship/discussion/110935,www.kaggle.com,,0
osic-pulmonary-fibrosis-progression,0,,2020,Featured,1,code,https://www.kaggle.com/c/osic-pulmonary-fibrosis-progression/discussion/189346,www.kaggle.com,,0
osic-pulmonary-fibrosis-progression,0,,2020,Featured,4,description,https://www.kaggle.com/c/osic-pulmonary-fibrosis-progression/discussion/189214,www.kaggle.com,,0
osic-pulmonary-fibrosis-progression,0,,2020,Featured,5,description,https://www.kaggle.com/c/osic-pulmonary-fibrosis-progression/discussion/189318,www.kaggle.com,,0
osic-pulmonary-fibrosis-progression,0,,2020,Featured,6,description,https://www.kaggle.com/c/osic-pulmonary-fibrosis-progression/discussion/189220,www.kaggle.com,,0
osic-pulmonary-fibrosis-progression,0,,2020,Featured,9,description,https://www.kaggle.com/c/osic-pulmonary-fibrosis-progression/discussion/189251,www.kaggle.com,,0
osic-pulmonary-fibrosis-progression,0,,2020,Featured,10,description,https://www.kaggle.com/c/osic-pulmonary-fibrosis-progression/discussion/189217,www.kaggle.com,,0
osic-pulmonary-fibrosis-progression,0,,2020,Featured,23,description,https://www.kaggle.com/c/osic-pulmonary-fibrosis-progression/discussion/189496,www.kaggle.com,,0
osic-pulmonary-fibrosis-progression,0,,2020,Featured,34,description,https://www.kaggle.com/c/osic-pulmonary-fibrosis-progression/discussion/189232,www.kaggle.com,,0
osic-pulmonary-fibrosis-progression,0,,2020,Featured,37,description,https://www.kaggle.com/c/osic-pulmonary-fibrosis-progression/discussion/189329,www.kaggle.com,,0
otto-group-product-classification-challenge,0,,2015,Featured,1,description,https://www.kaggle.com/c/otto-group-product-classification-challenge/discussion/14335,www.kaggle.com,,0
otto-group-product-classification-challenge,0,,2015,Featured,2,description,http://blog.kaggle.com/2015/06/09/otto-product-classification-winners-interview-2nd-place-alexander-guschin/,blog.kaggle.com,legacy_blog,0
otto-group-product-classification-challenge,0,,2015,Featured,4,code,https://github.com/diefimov/otto_2015,github.com,,0
otto-group-product-classification-challenge,0,,2015,Featured,12,code,https://github.com/tks0123456789/kaggle-Otto,github.com,,0
otto-group-product-classification-challenge,0,,2015,Featured,66,code,https://github.com/ahara/kaggle_otto,github.com,,0
outbrain-click-prediction,0,,2017,Featured,2,code,https://github.com/alno/kaggle-outbrain-click-prediction,github.com,,0
outbrain-click-prediction,0,,2017,Featured,2,description,http://blog.kaggle.com/2017/03/17/outbrain-click-prediction-competition-winners-interview-2nd-place-team-brain-afk-darragh-marios-mathias-alexey/,blog.kaggle.com,legacy_blog,0
outbrain-click-prediction,0,,2017,Featured,3,code,https://github.com/daxiongshu/light-ffm,github.com,,0
outbrain-click-prediction,0,,2017,Featured,3,description,https://www.kaggle.com/c/outbrain-click-prediction/discussion/27923,www.kaggle.com,,0
outbrain-click-prediction,0,,2017,Featured,4,description,https://www.kaggle.com/c/outbrain-click-prediction/discussion/27926,www.kaggle.com,,0
outbrain-click-prediction,0,,2017,Featured,13,code,https://github.com/alexeygrigorev/outbrain-click-prediction-kaggle,github.com,,0
overfitting,0,,2011,Featured,1,description,https://www.kaggle.com/c/overfitting/discussion/601,www.kaggle.com,,0
painter-by-numbers,0,,2016,Playground,1,code,https://github.com/inejc/painters,github.com,,0
painter-by-numbers,0,,2016,Playground,4,code,https://github.com/myurasov/Painters-by-Numbers-v2,github.com,,0
passenger-screening-algorithm-challenge,0,,2017,Featured,1,description,https://www.kaggle.com/c/passenger-screening-algorithm-challenge/discussion/45805#261052,www.kaggle.com,,0
passenger-screening-algorithm-challenge,0,,2017,Featured,7,code,https://github.com/suchir/passenger_screening_algorithm_challenge,github.com,,0
passenger-screening-algorithm-challenge,0,,2017,Featured,7,description,https://suchir.io/posts/passenger-screening-algorithm-challenge-writeup.html,suchir.io,,0
passenger-screening-algorithm-challenge,0,,2017,Featured,10,code,https://github.com/ShayanPersonal/Kaggle-Passenger-Screening-Challenge-Solution,github.com,,0
petfinder-adoption-prediction,0,,2019,Featured,2,description,https://www.kaggle.com/c/petfinder-adoption-prediction/discussion/88773#latest-515044,www.kaggle.com,,0
petfinder-adoption-prediction,0,,2019,Featured,2,description,https://www.kaggle.com/c/petfinder-adoption-prediction/discussion/89042#latest-516326,www.kaggle.com,,0
petfinder-adoption-prediction,0,,2019,Featured,6,code,https://www.kaggle.com/c/petfinder-adoption-prediction/discussion/88690#latest-522219,www.kaggle.com,,0
petfinder-adoption-prediction,0,,2019,Featured,8,code,https://www.kaggle.com/c/petfinder-adoption-prediction/discussion/88705#latest-515055,www.kaggle.com,,0
petfinder-adoption-prediction,0,,2019,Featured,10,code,https://www.kaggle.com/c/petfinder-adoption-prediction/discussion/88995#latest-515365,www.kaggle.com,,0
petfinder-adoption-prediction,0,,2019,Featured,13,code,https://www.kaggle.com/c/petfinder-adoption-prediction/discussion/87733#latest-515056,www.kaggle.com,,0
petfinder-adoption-prediction,0,,2019,Featured,15,code,https://www.kaggle.com/c/petfinder-adoption-prediction/discussion/88684#latest-512112,www.kaggle.com,,0
petfinder-adoption-prediction,0,,2019,Featured,18,description,https://www.kaggle.com/c/petfinder-adoption-prediction/discussion/88759#latest-516158,www.kaggle.com,,0
petfinder-adoption-prediction,0,,2019,Featured,22,code,https://www.kaggle.com/c/petfinder-adoption-prediction/discussion/89768#latest-519578,www.kaggle.com,,0
pf2012-diabetes,0,,2012,Research,19,description,https://www.kaggle.com/c/pf2012-diabetes/discussion/2639,www.kaggle.com,,0
pkdd-15-predict-taxi-service-trajectory-i,0,,2015,Research,1,code,https://github.com/adbrebs/taxi,github.com,,0
pkdd-15-predict-taxi-service-trajectory-i,0,,2015,Research,3,description,https://www.kaggle.com/c/pkdd-15-predict-taxi-service-trajectory-i/discussion/15020#83298,www.kaggle.com,,0
pkdd-15-taxi-trip-time-prediction-ii,0,,2015,Research,1,code,https://github.com/hochthom/kaggle-taxi-ii,github.com,,0
pkdd-15-taxi-trip-time-prediction-ii,0,,2015,Research,2,description,https://www.kaggle.com/c/pkdd-15-taxi-trip-time-prediction-ii/discussion/14988#83302,www.kaggle.com,,0
pkdd-15-taxi-trip-time-prediction-ii,0,,2015,Research,10,code,https://github.com/santiagomota/kaggle-taxi-II,github.com,,0
pku-autonomous-driving,0,,2020,Featured,1,description,https://www.kaggle.com/c/pku-autonomous-driving/discussion/127037,www.kaggle.com,,0
pku-autonomous-driving,0,,2020,Featured,2,description,https://www.kaggle.com/c/pku-autonomous-driving/discussion/127099,www.kaggle.com,,0
pku-autonomous-driving,0,,2020,Featured,5,code,https://www.kaggle.com/c/pku-autonomous-driving/discussion/127065,www.kaggle.com,,0
pku-autonomous-driving,0,,2020,Featured,5,description,https://www.kaggle.com/c/pku-autonomous-driving/discussion/127145,www.kaggle.com,,0
pku-autonomous-driving,0,,2020,Featured,7,code,https://www.kaggle.com/c/pku-autonomous-driving/discussion/127056,www.kaggle.com,,0
pku-autonomous-driving,0,,2020,Featured,7,code,https://www.kaggle.com/c/pku-autonomous-driving/discussion/127034,www.kaggle.com,,0
pku-autonomous-driving,0,,2020,Featured,9,description,https://www.kaggle.com/c/pku-autonomous-driving/discussion/127052,www.kaggle.com,,0
pku-autonomous-driving,0,,2020,Featured,37,code,https://www.kaggle.com/c/pku-autonomous-driving/discussion/127546,www.kaggle.com,,0
pku-autonomous-driving,0,,2020,Featured,all solutions,kernel,https://www.kaggle.com/c/pku-autonomous-driving/discussion/127901,www.kaggle.com,,0
planet-understanding-the-amazon-from-space,0,,2017,Featured,1,description,https://www.kaggle.com/c/planet-understanding-the-amazon-from-space/discussion/36809,www.kaggle.com,,0
planet-understanding-the-amazon-from-space,0,,2017,Featured,3,code,https://www.kaggle.com/c/planet-understanding-the-amazon-from-space/discussion/38831,www.kaggle.com,,0
planet-understanding-the-amazon-from-space,0,,2017,Featured,58,code,https://www.kaggle.com/c/planet-understanding-the-amazon-from-space/discussion/36938,www.kaggle.com,,0
planet-understanding-the-amazon-from-space,0,,2017,Featured,?,code,https://github.com/EKami/planet-amazon-deforestation,github.com,,0
planet-understanding-the-amazon-from-space,0,,2017,Featured,?,code,https://github.com/n01z3/kaggle_amazon_from_space,github.com,,0
planet-understanding-the-amazon-from-space,0,,2017,Featured,?,code,https://github.com/rwightman/pytorch-planet-amazon,github.com,,0
planet-understanding-the-amazon-from-space,0,,2017,Featured,?,code,https://github.com/ternaus/kaggle_planet,github.com,,0
plant-pathology-2020-fgvc7,0,,2020,Research,1,description,https://www.kaggle.com/c/plant-pathology-2020-fgvc7/discussion/154056,www.kaggle.com,,0
plant-pathology-2020-fgvc7,0,,2020,Research,2,description,https://www.kaggle.com/c/plant-pathology-2020-fgvc7/discussion/155929,www.kaggle.com,,0
plant-pathology-2020-fgvc7,0,,2020,Research,3,description,https://www.kaggle.com/c/plant-pathology-2020-fgvc7/discussion/157749,www.kaggle.com,,0
plant-pathology-2020-fgvc7,0,,2020,Research,4,description,https://www.kaggle.com/c/plant-pathology-2020-fgvc7/discussion/154045,www.kaggle.com,,0
plant-pathology-2020-fgvc7,0,,2020,Research,5,description,https://www.kaggle.com/c/plant-pathology-2020-fgvc7/discussion/154033,www.kaggle.com,,0
plant-pathology-2020-fgvc7,0,,2020,Research,7,description,https://www.kaggle.com/c/plant-pathology-2020-fgvc7/discussion/154086,www.kaggle.com,,0
plant-pathology-2020-fgvc7,0,,2020,Research,10,description,https://www.kaggle.com/c/plant-pathology-2020-fgvc7/discussion/154098,www.kaggle.com,,0
plant-pathology-2020-fgvc7,0,,2020,Research,11,code,https://www.kaggle.com/c/plant-pathology-2020-fgvc7/discussion/154159,www.kaggle.com,,0
plant-pathology-2020-fgvc7,0,,2020,Research,20,description,https://www.kaggle.com/c/plant-pathology-2020-fgvc7/discussion/154128,www.kaggle.com,,0
plant-pathology-2020-fgvc7,0,,2020,Research,42,description,https://www.kaggle.com/c/plant-pathology-2020-fgvc7/discussion/154126,www.kaggle.com,,0
plant-pathology-2020-fgvc7,0,,2020,Research,all solutions,kernel,https://www.kaggle.com/c/plant-pathology-2020-fgvc7/discussion/154183,www.kaggle.com,,0
plant-pathology-2021-fgvc8,0,,2021,Research,1,code,https://www.kaggle.com/c/plant-pathology-2021-fgvc8/discussion/243042,www.kaggle.com,,0
plant-pathology-2021-fgvc8,0,,2021,Research,2,description,https://www.kaggle.com/c/plant-pathology-2021-fgvc8/discussion/242843,www.kaggle.com,,0
plant-pathology-2021-fgvc8,0,,2021,Research,3,description,https://www.kaggle.com/c/plant-pathology-2021-fgvc8/discussion/242454,www.kaggle.com,,0
plant-pathology-2021-fgvc8,0,,2021,Research,10,description,https://www.kaggle.com/c/plant-pathology-2021-fgvc8/discussion/242275,www.kaggle.com,,0
plant-pathology-2021-fgvc8,0,,2021,Research,all solutions,kernel,https://www.kaggle.com/c/plant-pathology-2021-fgvc8/discussion/242908,www.kaggle.com,,0
porto-seguro-safe-driver-prediction,0,,2017,Featured,1,description,https://www.kaggle.com/c/porto-seguro-safe-driver-prediction/discussion/44629,www.kaggle.com,,0
porto-seguro-safe-driver-prediction,0,,2017,Featured,2,code,https://github.com/xiaozhouwang/kaggle-porto-seguro,github.com,,0
porto-seguro-safe-driver-prediction,0,,2017,Featured,3,description,https://www.kaggle.com/c/porto-seguro-safe-driver-prediction/discussion/44608,www.kaggle.com,,0
porto-seguro-safe-driver-prediction,0,,2017,Featured,9,description,https://www.kaggle.com/c/porto-seguro-safe-driver-prediction/discussion/44700,www.kaggle.com,,0
porto-seguro-safe-driver-prediction,0,,2017,Featured,12,description,https://www.kaggle.com/c/porto-seguro-safe-driver-prediction/discussion/44642,www.kaggle.com,,0
porto-seguro-safe-driver-prediction,0,,2017,Featured,17,description,https://www.kaggle.com/c/porto-seguro-safe-driver-prediction/discussion/44655,www.kaggle.com,,0
porto-seguro-safe-driver-prediction,0,,2017,Featured,18,description,https://www.kaggle.com/c/porto-seguro-safe-driver-prediction/discussion/44579,www.kaggle.com,,0
porto-seguro-safe-driver-prediction,0,,2017,Featured,20,description,https://www.kaggle.com/c/porto-seguro-safe-driver-prediction/discussion/44659,www.kaggle.com,,0
porto-seguro-safe-driver-prediction,0,,2017,Featured,23,description,https://www.kaggle.com/c/porto-seguro-safe-driver-prediction/discussion/44821,www.kaggle.com,,0
porto-seguro-safe-driver-prediction,0,,2017,Featured,33,description,https://www.kaggle.com/c/porto-seguro-safe-driver-prediction/discussion/44711,www.kaggle.com,,0
predict-closed-questions-on-stack-overflow,0,,2012,Featured,10,code,https://github.com/saffsd/kaggle-stackoverflow2012,github.com,,0
predict-closed-questions-on-stack-overflow,0,,2012,Featured,33,description,http://fastml.com/predicting-closed-questions-on-stack-overflow/,fastml.com,insecure_http,0
predict-volcanic-eruptions-ingv-oe,0,,2021,Playground,1,code,https://www.kaggle.com/c/predict-volcanic-eruptions-ingv-oe/discussion/211315,www.kaggle.com,,0
predict-volcanic-eruptions-ingv-oe,0,,2021,Playground,2,description,https://www.kaggle.com/c/predict-volcanic-eruptions-ingv-oe/discussion/209600,www.kaggle.com,,0
predict-volcanic-eruptions-ingv-oe,0,,2021,Playground,3,description,https://www.kaggle.com/c/predict-volcanic-eruptions-ingv-oe/discussion/215463,www.kaggle.com,,0
predict-volcanic-eruptions-ingv-oe,0,,2021,Playground,6,code,https://www.kaggle.com/c/predict-volcanic-eruptions-ingv-oe/discussion/209534,www.kaggle.com,,0
predict-volcanic-eruptions-ingv-oe,0,,2021,Playground,7,description,https://www.kaggle.com/c/predict-volcanic-eruptions-ingv-oe/discussion/209339,www.kaggle.com,,0
predict-volcanic-eruptions-ingv-oe,0,,2021,Playground,14,description,https://www.kaggle.com/c/predict-volcanic-eruptions-ingv-oe/discussion/209369,www.kaggle.com,,0
predict-volcanic-eruptions-ingv-oe,0,,2021,Playground,18,code,https://www.kaggle.com/c/predict-volcanic-eruptions-ingv-oe/discussion/211120,www.kaggle.com,,0
predict-volcanic-eruptions-ingv-oe,0,,2021,Playground,20,code,https://www.kaggle.com/c/predict-volcanic-eruptions-ingv-oe/discussion/209766,www.kaggle.com,,0
predict-west-nile-virus,0,,2015,Featured,2,code,https://github.com/diefimov/west_nile_virus_2015,github.com,,0
predicting-red-hat-business-value,0,,2016,Featured,1,code,https://www.kaggle.com/c/predicting-red-hat-business-value/discussion/23786,www.kaggle.com,,0
predicting-red-hat-business-value,0,,2016,Featured,1,description,http://blog.kaggle.com/2016/11/03/red-hat-business-value-competition-1st-place-winners-interview-darius-barusauskas/,blog.kaggle.com,legacy_blog,0
predicting-red-hat-business-value,0,,2016,Featured,2,description,https://www.kaggle.com/c/predicting-red-hat-business-value/discussion/23824,www.kaggle.com,,0
predicting-red-hat-business-value,0,,2016,Featured,3,description,https://www.kaggle.com/c/predicting-red-hat-business-value/discussion/23803,www.kaggle.com,,0
predicting-red-hat-business-value,0,,2016,Featured,19,code,https://www.kaggle.com/c/predicting-red-hat-business-value/discussion/23773,www.kaggle.com,,0
predicting-red-hat-business-value,0,,2016,Featured,22,code,https://github.com/bobye/kaggle-redhat,github.com,,0
prostate-cancer-grade-assessment,0,,2020,Featured,1,code,https://github.com/kentaroy47/Kaggle-PANDA-1st-place-solution,github.com,,0
prostate-cancer-grade-assessment,0,,2020,Featured,1,description,https://www.kaggle.com/c/prostate-cancer-grade-assessment/discussion/169143,www.kaggle.com,,0
prostate-cancer-grade-assessment,0,,2020,Featured,2,description,https://www.kaggle.com/c/prostate-cancer-grade-assessment/discussion/169108,www.kaggle.com,,0
prostate-cancer-grade-assessment,0,,2020,Featured,3,code,https://www.kaggle.com/c/prostate-cancer-grade-assessment/discussion/169232,www.kaggle.com,,0
prostate-cancer-grade-assessment,0,,2020,Featured,4,description,https://www.kaggle.com/c/prostate-cancer-grade-assessment/discussion/169113,www.kaggle.com,,0
prostate-cancer-grade-assessment,0,,2020,Featured,5,description,https://www.kaggle.com/c/prostate-cancer-grade-assessment/discussion/169213,www.kaggle.com,,0
prostate-cancer-grade-assessment,0,,2020,Featured,6,code,https://www.kaggle.com/c/prostate-cancer-grade-assessment/discussion/169230,www.kaggle.com,,0
prostate-cancer-grade-assessment,0,,2020,Featured,7,description,https://www.kaggle.com/c/prostate-cancer-grade-assessment/discussion/169225,www.kaggle.com,,0
prostate-cancer-grade-assessment,0,,2020,Featured,8,description,https://www.kaggle.com/c/prostate-cancer-grade-assessment/discussion/169114,www.kaggle.com,,0
prostate-cancer-grade-assessment,0,,2020,Featured,9,description,https://www.kaggle.com/c/prostate-cancer-grade-assessment/discussion/169141,www.kaggle.com,,0
prostate-cancer-grade-assessment,0,,2020,Featured,11,code,https://www.kaggle.com/c/prostate-cancer-grade-assessment/discussion/169205,www.kaggle.com,,0
prostate-cancer-grade-assessment,0,,2020,Featured,12,code,https://www.kaggle.com/c/prostate-cancer-grade-assessment/discussion/169637,www.kaggle.com,,0
prostate-cancer-grade-assessment,0,,2020,Featured,15,description,https://www.kaggle.com/c/prostate-cancer-grade-assessment/discussion/169163,www.kaggle.com,,0
prostate-cancer-grade-assessment,0,,2020,Featured,17,description,https://www.kaggle.com/c/prostate-cancer-grade-assessment/discussion/169178,www.kaggle.com,,0
prostate-cancer-grade-assessment,0,,2020,Featured,19,description,https://www.kaggle.com/c/prostate-cancer-grade-assessment/discussion/169437,www.kaggle.com,,0
prostate-cancer-grade-assessment,0,,2020,Featured,25,description,https://www.kaggle.com/c/prostate-cancer-grade-assessment/discussion/171065,www.kaggle.com,,0
prudential-life-insurance-assessment,0,,2016,Featured,1,description,https://www.kaggle.com/c/prudential-life-insurance-assessment/discussion/19010,www.kaggle.com,,0
prudential-life-insurance-assessment,0,,2016,Featured,2,code,https://github.com/zhurak/kaggle-prudential,github.com,,0
prudential-life-insurance-assessment,0,,2016,Featured,2,description,http://blog.kaggle.com/2016/03/14/prudential-life-insurance-assessment-winners-interview-2nd-place-bogdan-zhurakovskyi/,blog.kaggle.com,legacy_blog,0
prudential-life-insurance-assessment,0,,2016,Featured,4,description,https://www.kaggle.com/c/prudential-life-insurance-assessment/discussion/18996,www.kaggle.com,,0
pubg-finish-placement-prediction,0,,2019,Playground,1,description,https://www.kaggle.com/c/pubg-finish-placement-prediction/discussion/79161,www.kaggle.com,,0
quickdraw-doodle-recognition,0,,2018,Featured,1,description,https://www.kaggle.com/c/quickdraw-doodle-recognition/discussion/73738,www.kaggle.com,,0
quickdraw-doodle-recognition,0,,2018,Featured,5,description,https://www.kaggle.com/c/quickdraw-doodle-recognition/discussion/73708,www.kaggle.com,,0
quickdraw-doodle-recognition,0,,2018,Featured,8,code,https://github.com/alekseynp/kaggle-quickdraw,github.com,,0
quickdraw-doodle-recognition,0,,2018,Featured,8,description,https://www.kaggle.com/c/quickdraw-doodle-recognition/discussion/73967,www.kaggle.com,,0
quickdraw-doodle-recognition,0,,2018,Featured,10,code,https://github.com/Kulbear/QuickDraw,github.com,,0
quickdraw-doodle-recognition,0,,2018,Featured,11,code,https://github.com/ngxbac/Kaggle-QuickDraw,github.com,,0
quickdraw-doodle-recognition,0,,2018,Featured,11,description,https://www.kaggle.com/c/quickdraw-doodle-recognition/discussion/73808,www.kaggle.com,,0
quickdraw-doodle-recognition,0,,2018,Featured,12,code,https://www.kaggle.com/c/quickdraw-doodle-recognition/discussion/74132,www.kaggle.com,,0
quickdraw-doodle-recognition,0,,2018,Featured,14,description,https://www.kaggle.com/c/quickdraw-doodle-recognition/discussion/73761,www.kaggle.com,,0
quickdraw-doodle-recognition,0,,2018,Featured,21,description,https://www.kaggle.com/c/quickdraw-doodle-recognition/discussion/73754,www.kaggle.com,,0
quickdraw-doodle-recognition,0,,2018,Featured,24,description,https://www.kaggle.com/c/quickdraw-doodle-recognition/discussion/73701,www.kaggle.com,,0
quora-insincere-questions-classification,0,,2019,Featured,1,description,https://www.kaggle.com/c/quora-insincere-questions-classification/discussion/80568,www.kaggle.com,,0
quora-insincere-questions-classification,0,,2019,Featured,2,description,https://www.kaggle.com/c/quora-insincere-questions-classification/discussion/81137,www.kaggle.com,,0
quora-insincere-questions-classification,0,,2019,Featured,3,code,https://www.kaggle.com/c/quora-insincere-questions-classification/discussion/80495,www.kaggle.com,,0
quora-insincere-questions-classification,0,,2019,Featured,4,code,https://www.kaggle.com/c/quora-insincere-questions-classification/discussion/81632,www.kaggle.com,,0
quora-insincere-questions-classification,0,,2019,Featured,7,description,https://www.kaggle.com/c/quora-insincere-questions-classification/discussion/80561,www.kaggle.com,,0
quora-insincere-questions-classification,0,,2019,Featured,10,description,https://www.kaggle.com/c/quora-insincere-questions-classification/discussion/80718,www.kaggle.com,,0
quora-insincere-questions-classification,0,,2019,Featured,13,code,https://www.kaggle.com/c/quora-insincere-questions-classification/discussion/80499,www.kaggle.com,,0
quora-insincere-questions-classification,0,,2019,Featured,15,code,https://www.kaggle.com/c/quora-insincere-questions-classification/discussion/80540,www.kaggle.com,,0
quora-insincere-questions-classification,0,,2019,Featured,18,code,https://www.kaggle.com/c/quora-insincere-questions-classification/discussion/80696,www.kaggle.com,,0
quora-insincere-questions-classification,0,,2019,Featured,20,description,https://www.kaggle.com/c/quora-insincere-questions-classification/discussion/80527,www.kaggle.com,,0
quora-insincere-questions-classification,0,,2019,Featured,22,description,https://www.kaggle.com/c/quora-insincere-questions-classification/discussion/80514,www.kaggle.com,,0
quora-insincere-questions-classification,0,,2019,Featured,25,description,https://www.kaggle.com/c/quora-insincere-questions-classification/discussion/80542,www.kaggle.com,,0
quora-insincere-questions-classification,0,,2019,Featured,26,description,https://www.kaggle.com/c/quora-insincere-questions-classification/discussion/80544,www.kaggle.com,,0
quora-insincere-questions-classification,0,,2019,Featured,27,description,https://www.kaggle.com/c/quora-insincere-questions-classification/discussion/80494,www.kaggle.com,,0
quora-insincere-questions-classification,0,,2019,Featured,33,code,https://www.kaggle.com/c/quora-insincere-questions-classification/discussion/80577,www.kaggle.com,,0
quora-insincere-questions-classification,0,,2019,Featured,?,code,https://github.com/zhpmatrix/Kaggle-Quora-Insincere-Questions-Classification,github.com,,0
quora-question-pairs,0,,2017,Featured,1,description,https://www.kaggle.com/c/quora-question-pairs/discussion/34355,www.kaggle.com,,0
quora-question-pairs,0,,2017,Featured,2,description,https://www.kaggle.com/c/quora-question-pairs/discussion/34310,www.kaggle.com,,0
quora-question-pairs,0,,2017,Featured,3,code,https://github.com/sjvasquez/quora-duplicate-questions,github.com,,0
quora-question-pairs,0,,2017,Featured,3,description,https://www.kaggle.com/c/quora-question-pairs/discussion/34288,www.kaggle.com,,0
quora-question-pairs,0,,2017,Featured,4,code,https://github.com/HouJP/kaggle-quora-question-pairs,github.com,,0
quora-question-pairs,0,,2017,Featured,4,description,https://www.kaggle.com/c/quora-question-pairs/discussion/34349,www.kaggle.com,,0
quora-question-pairs,0,,2017,Featured,5,description,https://www.kaggle.com/c/quora-question-pairs/discussion/34359,www.kaggle.com,,0
quora-question-pairs,0,,2017,Featured,7,description,https://www.kaggle.com/c/quora-question-pairs/discussion/34697,www.kaggle.com,,0
quora-question-pairs,0,,2017,Featured,8,description,https://www.kaggle.com/c/quora-question-pairs/discussion/34371,www.kaggle.com,,0
quora-question-pairs,0,,2017,Featured,12,description,https://www.kaggle.com/c/quora-question-pairs/discussion/34342,www.kaggle.com,,0
quora-question-pairs,0,,2017,Featured,14,code,https://github.com/Wrosinski/Kaggle-Quora,github.com,,0
quora-question-pairs,0,,2017,Featured,24,code,https://www.kaggle.com/c/quora-question-pairs/discussion/34534,www.kaggle.com,,0
quora-question-pairs,0,,2017,Featured,34,description,https://www.kaggle.com/c/quora-question-pairs/discussion/34292,www.kaggle.com,,0
quora-question-pairs,0,,2017,Featured,37,code,https://github.com/YuriyGuts/kaggle-quora-question-pairs,github.com,,0
quora-question-pairs,0,,2017,Featured,43,description,https://www.kaggle.com/rethfro/1d-cnn-single-model-score-0-14-0-16-or-0-23,www.kaggle.com,,0
quora-question-pairs,0,,2017,Featured,79,code,https://github.com/stys/kaggle-quora-question-pairs,github.com,,0
quora-question-pairs,0,,2017,Featured,?,code,https://github.com/bradleypallen/keras-quora-question-pairs,github.com,,0
quora-question-pairs,0,,2017,Featured,?,code,https://www.kaggle.com/c/quora-question-pairs/discussion/30260,www.kaggle.com,,0
quora-question-pairs,0,,2017,Featured,all solutions,kernel,https://www.kaggle.com/c/quora-question-pairs/discussion/34325,www.kaggle.com,,0
ranzcr-clip-catheter-line-classification,0,,2021,Featured,1,code,https://www.kaggle.com/c/ranzcr-clip-catheter-line-classification/discussion/226633,www.kaggle.com,,0
ranzcr-clip-catheter-line-classification,0,,2021,Featured,1,code,https://www.kaggle.com/c/ranzcr-clip-catheter-line-classification/discussion/227128,www.kaggle.com,,0
ranzcr-clip-catheter-line-classification,0,,2021,Featured,2,description,https://www.kaggle.com/c/ranzcr-clip-catheter-line-classification/discussion/227407,www.kaggle.com,,0
ranzcr-clip-catheter-line-classification,0,,2021,Featured,3,description,https://www.kaggle.com/c/ranzcr-clip-catheter-line-classification/discussion/228775,www.kaggle.com,,0
ranzcr-clip-catheter-line-classification,0,,2021,Featured,4,description,https://www.kaggle.com/c/ranzcr-clip-catheter-line-classification/discussion/229706,www.kaggle.com,,0
ranzcr-clip-catheter-line-classification,0,,2021,Featured,5,description,https://www.kaggle.com/c/ranzcr-clip-catheter-line-classification/discussion/230033,www.kaggle.com,,0
ranzcr-clip-catheter-line-classification,0,,2021,Featured,6,description,https://www.kaggle.com/c/ranzcr-clip-catheter-line-classification/discussion/226616,www.kaggle.com,,0
ranzcr-clip-catheter-line-classification,0,,2021,Featured,7,description,https://www.kaggle.com/c/ranzcr-clip-catheter-line-classification/discussion/226621,www.kaggle.com,,0
ranzcr-clip-catheter-line-classification,0,,2021,Featured,10,description,https://www.kaggle.com/c/ranzcr-clip-catheter-line-classification/discussion/227103,www.kaggle.com,,0
ranzcr-clip-catheter-line-classification,0,,2021,Featured,11,description,https://www.kaggle.com/c/ranzcr-clip-catheter-line-classification/discussion/226557,www.kaggle.com,,0
ranzcr-clip-catheter-line-classification,0,,2021,Featured,16,description,https://www.kaggle.com/c/ranzcr-clip-catheter-line-classification/discussion/226595,www.kaggle.com,,0
ranzcr-clip-catheter-line-classification,0,,2021,Featured,17,description,https://www.kaggle.com/c/ranzcr-clip-catheter-line-classification/discussion/226565,www.kaggle.com,,0
ranzcr-clip-catheter-line-classification,0,,2021,Featured,18,description,https://www.kaggle.com/c/ranzcr-clip-catheter-line-classification/discussion/226708,www.kaggle.com,,0
ranzcr-clip-catheter-line-classification,0,,2021,Featured,19,code,https://www.kaggle.com/c/ranzcr-clip-catheter-line-classification/discussion/226702,www.kaggle.com,,0
ranzcr-clip-catheter-line-classification,0,,2021,Featured,21,description,https://www.kaggle.com/c/ranzcr-clip-catheter-line-classification/discussion/226622,www.kaggle.com,,0
ranzcr-clip-catheter-line-classification,0,,2021,Featured,22,code,https://www.kaggle.com/c/ranzcr-clip-catheter-line-classification/discussion/226693,www.kaggle.com,,0
ranzcr-clip-catheter-line-classification,0,,2021,Featured,23,description,https://www.kaggle.com/c/ranzcr-clip-catheter-line-classification/discussion/226715,www.kaggle.com,,0
ranzcr-clip-catheter-line-classification,0,,2021,Featured,26,description,https://www.kaggle.com/c/ranzcr-clip-catheter-line-classification/discussion/226618,www.kaggle.com,,0
ranzcr-clip-catheter-line-classification,0,,2021,Featured,28,description,https://www.kaggle.com/c/ranzcr-clip-catheter-line-classification/discussion/226731,www.kaggle.com,,0
ranzcr-clip-catheter-line-classification,0,,2021,Featured,36,description,https://www.kaggle.com/c/ranzcr-clip-catheter-line-classification/discussion/226839,www.kaggle.com,,0
ranzcr-clip-catheter-line-classification,0,,2021,Featured,40,description,https://www.kaggle.com/c/ranzcr-clip-catheter-line-classification/discussion/226663,www.kaggle.com,,0
ranzcr-clip-catheter-line-classification,0,,2021,Featured,all solutions,kernel,https://www.kaggle.com/c/ranzcr-clip-catheter-line-classification/discussion/226710,www.kaggle.com,,0
recognizing-faces-in-the-wild,0,,2019,Playground,1,description,https://www.kaggle.com/c/recognizing-faces-in-the-wild/discussion/103670#latest-605952,www.kaggle.com,,0
recognizing-faces-in-the-wild,0,,2019,Playground,4,description,https://www.kaggle.com/c/recognizing-faces-in-the-wild/discussion/104288#latest-603422,www.kaggle.com,,0
recognizing-faces-in-the-wild,0,,2019,Playground,5,description,https://www.kaggle.com/c/recognizing-faces-in-the-wild/discussion/103543#latest-596448,www.kaggle.com,,0
recognizing-faces-in-the-wild,0,,2019,Playground,6,description,https://www.kaggle.com/c/recognizing-faces-in-the-wild/discussion/103457#latest-598137,www.kaggle.com,,0
recruit-restaurant-visitor-forecasting,0,,2018,Featured,1,code,https://www.kaggle.com/c/recruit-restaurant-visitor-forecasting/discussion/49129,www.kaggle.com,,0
recruit-restaurant-visitor-forecasting,0,,2018,Featured,3,code,https://github.com/dkivaranovic/kaggledays-recruit,github.com,,0
recruit-restaurant-visitor-forecasting,0,,2018,Featured,6,code,https://github.com/anki1909/Recruit-Restaurant-Visitor-Forecasting,github.com,,0
recruit-restaurant-visitor-forecasting,0,,2018,Featured,7,description,https://www.kaggle.com/c/recruit-restaurant-visitor-forecasting/discussion/49259,www.kaggle.com,,0
recruit-restaurant-visitor-forecasting,0,,2018,Featured,8,code,https://github.com/MaxHalford/kaggle-recruit-restaurant,github.com,,0
recruit-restaurant-visitor-forecasting,0,,2018,Featured,11,code,https://github.com/XIUQI1994/Kaggle_Recruit-Restaurant-Visitor-Forecasting_,github.com,,0
recruit-restaurant-visitor-forecasting,0,,2018,Featured,12,description,https://www.kaggle.com/c/recruit-restaurant-visitor-forecasting/discussion/49251,www.kaggle.com,,0
recruit-restaurant-visitor-forecasting,0,,2018,Featured,20,description,https://www.kaggle.com/c/recruit-restaurant-visitor-forecasting/discussion/49328,www.kaggle.com,,0
recursion-cellular-image-classification,0,,2019,Research,1,code,https://www.kaggle.com/c/recursion-cellular-image-classification/discussion/110543,www.kaggle.com,,0
recursion-cellular-image-classification,0,,2019,Research,2,description,https://www.kaggle.com/c/recursion-cellular-image-classification/discussion/110457,www.kaggle.com,,0
recursion-cellular-image-classification,0,,2019,Research,3,description,https://www.kaggle.com/c/recursion-cellular-image-classification/discussion/110340,www.kaggle.com,,0
recursion-cellular-image-classification,0,,2019,Research,4,code,https://www.kaggle.com/c/recursion-cellular-image-classification/discussion/110337,www.kaggle.com,,0
recursion-cellular-image-classification,0,,2019,Research,5,description,https://www.kaggle.com/c/recursion-cellular-image-classification/discussion/110362,www.kaggle.com,,0
recursion-cellular-image-classification,0,,2019,Research,6,description,https://www.kaggle.com/c/recursion-cellular-image-classification/discussion/110391,www.kaggle.com,,0
recursion-cellular-image-classification,0,,2019,Research,7,description,https://www.kaggle.com/c/recursion-cellular-image-classification/discussion/110335,www.kaggle.com,,0
recursion-cellular-image-classification,0,,2019,Research,9,description,https://www.kaggle.com/c/recursion-cellular-image-classification/discussion/110366,www.kaggle.com,,0
recursion-cellular-image-classification,0,,2019,Research,10,description,https://www.kaggle.com/c/recursion-cellular-image-classification/discussion/110375,www.kaggle.com,,0
recursion-cellular-image-classification,0,,2019,Research,11,description,https://www.kaggle.com/c/recursion-cellular-image-classification/discussion/110394,www.kaggle.com,,0
recursion-cellular-image-classification,0,,2019,Research,14,description,https://www.kaggle.com/c/recursion-cellular-image-classification/discussion/110390,www.kaggle.com,,0
recursion-cellular-image-classification,0,,2019,Research,16,description,https://www.kaggle.com/c/recursion-cellular-image-classification/discussion/110361,www.kaggle.com,,0
recursion-cellular-image-classification,0,,2019,Research,41,code,https://www.kaggle.com/c/recursion-cellular-image-classification/discussion/110444,www.kaggle.com,,0
recursion-cellular-image-classification,0,,2019,Research,all solutions,kernel,https://www.kaggle.com/c/recursion-cellular-image-classification/discussion/110376,www.kaggle.com,,0
reducing-commercial-aviation-fatalities,0,,2019,Playground,8,description,https://www.kaggle.com/c/reducing-commercial-aviation-fatalities/discussion/84527,www.kaggle.com,,0
restaurant-revenue-prediction,0,,2015,Featured,1,description,https://www.kaggle.com/c/restaurant-revenue-prediction/discussion/14066#78118,www.kaggle.com,,0
restaurant-revenue-prediction,0,,2015,Featured,13,code,https://github.com/bensolucky/TFI/,github.com,,0
restaurant-revenue-prediction,0,,2015,Featured,14,code,https://github.com/vopani/Kaggle_TFI,github.com,,0
rfcx-species-audio-detection,0,,2021,Research,1,description,https://www.kaggle.com/c/rfcx-species-audio-detection/discussion/220563,www.kaggle.com,,0
rfcx-species-audio-detection,0,,2021,Research,2,description,https://www.kaggle.com/c/rfcx-species-audio-detection/discussion/220760,www.kaggle.com,,0
rfcx-species-audio-detection,0,,2021,Research,3,description,https://www.kaggle.com/c/rfcx-species-audio-detection/discussion/220522,www.kaggle.com,,0
rfcx-species-audio-detection,0,,2021,Research,3,code,https://www.kaggle.com/meaninglesslives/rfcx-minimal,www.kaggle.com,,0
rfcx-species-audio-detection,0,,2021,Research,4,description,https://www.kaggle.com/c/rfcx-species-audio-detection/discussion/220342,www.kaggle.com,,0
rfcx-species-audio-detection,0,,2021,Research,5,code,https://www.kaggle.com/c/rfcx-species-audio-detection/discussion/220432,www.kaggle.com,,0
rfcx-species-audio-detection,0,,2021,Research,6,description,https://www.kaggle.com/c/rfcx-species-audio-detection/discussion/220446,www.kaggle.com,,0
rfcx-species-audio-detection,0,,2021,Research,6,description,https://www.kaggle.com/c/rfcx-species-audio-detection/discussion/220981,www.kaggle.com,,0
rfcx-species-audio-detection,0,,2021,Research,7,description,https://www.kaggle.com/c/rfcx-species-audio-detection/discussion/220443,www.kaggle.com,,0
rfcx-species-audio-detection,0,,2021,Research,8,description,https://www.kaggle.com/c/rfcx-species-audio-detection/discussion/220803,www.kaggle.com,,0
rfcx-species-audio-detection,0,,2021,Research,9,description,https://www.kaggle.com/c/rfcx-species-audio-detection/discussion/220389,www.kaggle.com,,0
rfcx-species-audio-detection,0,,2021,Research,10,description,https://www.kaggle.com/c/rfcx-species-audio-detection/discussion/220319,www.kaggle.com,,0
rfcx-species-audio-detection,0,,2021,Research,11,description,https://www.kaggle.com/c/rfcx-species-audio-detection/discussion/220304,www.kaggle.com,,0
rfcx-species-audio-detection,0,,2021,Research,13,description,https://www.kaggle.com/c/rfcx-species-audio-detection/discussion/220308,www.kaggle.com,,0
rfcx-species-audio-detection,0,,2021,Research,14,description,https://www.kaggle.com/c/rfcx-species-audio-detection/discussion/220725,www.kaggle.com,,0
rfcx-species-audio-detection,0,,2021,Research,16,description,https://www.kaggle.com/c/rfcx-species-audio-detection/discussion/220450,www.kaggle.com,,0
rfcx-species-audio-detection,0,,2021,Research,18,description,https://www.kaggle.com/c/rfcx-species-audio-detection/discussion/220309,www.kaggle.com,,0
rfcx-species-audio-detection,0,,2021,Research,21,code,https://www.kaggle.com/c/rfcx-species-audio-detection/discussion/220436,www.kaggle.com,,0
rfcx-species-audio-detection,0,,2021,Research,23,description,https://www.kaggle.com/c/rfcx-species-audio-detection/discussion/220972,www.kaggle.com,,0
rfcx-species-audio-detection,0,,2021,Research,25,description,https://www.kaggle.com/c/rfcx-species-audio-detection/discussion/220314,www.kaggle.com,,0
rfcx-species-audio-detection,0,,2021,Research,27,description,https://www.kaggle.com/c/rfcx-species-audio-detection/discussion/220306,www.kaggle.com,,0
rfcx-species-audio-detection,0,,2021,Research,32,description,https://www.kaggle.com/c/rfcx-species-audio-detection/discussion/220322,www.kaggle.com,,0
rfcx-species-audio-detection,0,,2021,Research,33,description,https://www.kaggle.com/c/rfcx-species-audio-detection/discussion/220753,www.kaggle.com,,0
rfcx-species-audio-detection,0,,2021,Research,38,description,https://www.kaggle.com/c/rfcx-species-audio-detection/discussion/220386,www.kaggle.com,,0
rfcx-species-audio-detection,0,,2021,Research,43,description,https://www.kaggle.com/c/rfcx-species-audio-detection/discussion/220335,www.kaggle.com,,0
rfcx-species-audio-detection,0,,2021,Research,all solutions,kernel,https://www.kaggle.com/c/rfcx-species-audio-detection/discussion/220339,www.kaggle.com,,0
riiid-test-answer-prediction,0,,2021,Featured,1,description,https://www.kaggle.com/c/riiid-test-answer-prediction/discussion/218318,www.kaggle.com,,0
riiid-test-answer-prediction,0,,2021,Featured,2,description,https://www.kaggle.com/c/riiid-test-answer-prediction/discussion/210113,www.kaggle.com,,0
riiid-test-answer-prediction,0,,2021,Featured,3,code,https://www.kaggle.com/c/riiid-test-answer-prediction/discussion/209585,www.kaggle.com,,0
riiid-test-answer-prediction,0,,2021,Featured,4,code,https://www.kaggle.com/c/riiid-test-answer-prediction/discussion/210171,www.kaggle.com,,0
riiid-test-answer-prediction,0,,2021,Featured,6,description,https://www.kaggle.com/c/riiid-test-answer-prediction/discussion/209581,www.kaggle.com,,0
riiid-test-answer-prediction,0,,2021,Featured,8,description,https://www.kaggle.com/c/riiid-test-answer-prediction/discussion/210552,www.kaggle.com,,0
riiid-test-answer-prediction,0,,2021,Featured,9,description,https://www.kaggle.com/c/riiid-test-answer-prediction/discussion/210354,www.kaggle.com,,0
riiid-test-answer-prediction,0,,2021,Featured,11,code,https://www.kaggle.com/c/riiid-test-answer-prediction/discussion/209694,www.kaggle.com,,0
riiid-test-answer-prediction,0,,2021,Featured,12,code,https://www.kaggle.com/c/riiid-test-answer-prediction/discussion/209683,www.kaggle.com,,0
riiid-test-answer-prediction,0,,2021,Featured,12,description,https://www.kaggle.com/c/riiid-test-answer-prediction/discussion/209635,www.kaggle.com,,0
riiid-test-answer-prediction,0,,2021,Featured,13,description,https://www.kaggle.com/c/riiid-test-answer-prediction/discussion/209622,www.kaggle.com,,0
riiid-test-answer-prediction,0,,2021,Featured,16,code,https://www.kaggle.com/c/riiid-test-answer-prediction/discussion/209798,www.kaggle.com,,0
riiid-test-answer-prediction,0,,2021,Featured,17,code,https://www.kaggle.com/c/riiid-test-answer-prediction/discussion/209713,www.kaggle.com,,0
riiid-test-answer-prediction,0,,2021,Featured,18,code,https://www.kaggle.com/c/riiid-test-answer-prediction/discussion/209597,www.kaggle.com,,0
riiid-test-answer-prediction,0,,2021,Featured,20,code,https://www.kaggle.com/c/riiid-test-answer-prediction/discussion/209587,www.kaggle.com,,0
riiid-test-answer-prediction,0,,2021,Featured,21,code,https://www.kaggle.com/c/riiid-test-answer-prediction/discussion/210025,www.kaggle.com,,0
riiid-test-answer-prediction,0,,2021,Featured,22,code,https://www.kaggle.com/c/riiid-test-answer-prediction/discussion/209711,www.kaggle.com,,0
riiid-test-answer-prediction,0,,2021,Featured,24,description,https://www.kaggle.com/c/riiid-test-answer-prediction/discussion/209659,www.kaggle.com,,0
riiid-test-answer-prediction,0,,2021,Featured,28,code,https://www.kaggle.com/c/riiid-test-answer-prediction/discussion/210041,www.kaggle.com,,0
riiid-test-answer-prediction,0,,2021,Featured,37,code,https://www.kaggle.com/c/riiid-test-answer-prediction/discussion/209624,www.kaggle.com,,0
riiid-test-answer-prediction,0,,2021,Featured,38,code,https://www.kaggle.com/c/riiid-test-answer-prediction/discussion/209689,www.kaggle.com,,0
riiid-test-answer-prediction,0,,2021,Featured,all solutions,kernel,https://www.kaggle.com/c/riiid-test-answer-prediction/discussion/209641,www.kaggle.com,,0
rock-paper-scissors,0,,2021,Playground,1,description,https://www.kaggle.com/c/rock-paper-scissors/discussion/221502,www.kaggle.com,,0
rock-paper-scissors,0,,2021,Playground,2,description,https://www.kaggle.com/c/rock-paper-scissors/discussion/221506,www.kaggle.com,,0
rock-paper-scissors,0,,2021,Playground,4,description,https://www.kaggle.com/c/rock-paper-scissors/discussion/217046,www.kaggle.com,,0
rock-paper-scissors,0,,2021,Playground,6,description,https://www.kaggle.com/c/rock-paper-scissors/discussion/221494,www.kaggle.com,,0
rock-paper-scissors,0,,2021,Playground,8,code,https://www.kaggle.com/c/rock-paper-scissors/discussion/221500,www.kaggle.com,,0
rock-paper-scissors,0,,2021,Playground,10,code,https://www.kaggle.com/c/rock-paper-scissors/discussion/221512,www.kaggle.com,,0
rock-paper-scissors,0,,2021,Playground,11,code,https://www.kaggle.com/c/rock-paper-scissors/discussion/217171,www.kaggle.com,,0
rock-paper-scissors,0,,2021,Playground,12,code,https://www.kaggle.com/c/rock-paper-scissors/discussion/221519,www.kaggle.com,,0
rock-paper-scissors,0,,2021,Playground,14,description,https://www.kaggle.com/c/rock-paper-scissors/discussion/221590,www.kaggle.com,,0
rock-paper-scissors,0,,2021,Playground,15,description,https://www.kaggle.com/c/rock-paper-scissors/discussion/221696,www.kaggle.com,,0
rock-paper-scissors,0,,2021,Playground,20,description,https://www.kaggle.com/c/rock-paper-scissors/discussion/221507,www.kaggle.com,,0
rock-paper-scissors,0,,2021,Playground,21,code,https://www.kaggle.com/c/rock-paper-scissors/discussion/221597,www.kaggle.com,,0
rock-paper-scissors,0,,2021,Playground,22,description,https://www.kaggle.com/c/rock-paper-scissors/discussion/221621,www.kaggle.com,,0
rock-paper-scissors,0,,2021,Playground,28,description,https://www.kaggle.com/c/rock-paper-scissors/discussion/221508,www.kaggle.com,,0
rock-paper-scissors,0,,2021,Playground,31,description,https://www.kaggle.com/c/rock-paper-scissors/discussion/217561,www.kaggle.com,,0
rock-paper-scissors,0,,2021,Playground,37,code,https://www.kaggle.com/c/rock-paper-scissors/discussion/217110,www.kaggle.com,,0
rock-paper-scissors,0,,2021,Playground,38,code,https://www.kaggle.com/ollyattwood/hit-and-run-with-sliding-trees-top-3-silver,www.kaggle.com,,0
rock-paper-scissors,0,,2021,Playground,39,code,https://www.kaggle.com/elvenmonk/high-performance-rps-dojo?scriptVersionId=49977172,www.kaggle.com,,0
rock-paper-scissors,0,,2021,Playground,all solutions,kernel,https://www.kaggle.com/c/rock-paper-scissors/discussion/221631,www.kaggle.com,,0
rossmann-store-sales,0,,2015,Featured,1,description,https://www.kaggle.com/c/rossmann-store-sales/discussion/18024,www.kaggle.com,,0
rossmann-store-sales,0,,2015,Featured,1,description,http://blog.kaggle.com/2015/12/21/rossmann-store-sales-winners-interview-1st-place-gert/,blog.kaggle.com,legacy_blog,0
rossmann-store-sales,0,,2015,Featured,2,description,http://blog.kaggle.com/2016/02/03/rossmann-store-sales-winners-interview-2nd-place-nima-shahbazi/,blog.kaggle.com,legacy_blog,0
rossmann-store-sales,0,,2015,Featured,3,code,https://github.com/entron/entity-embedding-rossmann,github.com,,0
rossmann-store-sales,0,,2015,Featured,3,description,http://blog.kaggle.com/2016/01/22/rossmann-store-sales-winners-interview-3rd-place-cheng-gui/,blog.kaggle.com,legacy_blog,0
rossmann-store-sales,0,,2015,Featured,4,code,https://www.kaggle.com/c/rossmann-store-sales/discussion/17896#101487,www.kaggle.com,,0
rossmann-store-sales,0,,2015,Featured,13,code,https://www.kaggle.com/c/rossmann-store-sales/discussion/17979,www.kaggle.com,,0
rossmann-store-sales,0,,2015,Featured,66,code,https://github.com/mabrek/kaggle-rossman-store-sales,github.com,,0
rsna-intracranial-hemorrhage-detection,0,,2019,Featured,1,code,https://www.kaggle.com/c/rsna-intracranial-hemorrhage-detection/discussion/117210,www.kaggle.com,,0
rsna-intracranial-hemorrhage-detection,0,,2019,Featured,2,code,https://www.kaggle.com/c/rsna-intracranial-hemorrhage-detection/discussion/117228,www.kaggle.com,,0
rsna-intracranial-hemorrhage-detection,0,,2019,Featured,3,code,https://www.kaggle.com/c/rsna-intracranial-hemorrhage-detection/discussion/117223,www.kaggle.com,,0
rsna-intracranial-hemorrhage-detection,0,,2019,Featured,4,code,https://www.kaggle.com/c/rsna-intracranial-hemorrhage-detection/discussion/118249,www.kaggle.com,,0
rsna-intracranial-hemorrhage-detection,0,,2019,Featured,5,code,https://www.kaggle.com/c/rsna-intracranial-hemorrhage-detection/discussion/117232,www.kaggle.com,,0
rsna-intracranial-hemorrhage-detection,0,,2019,Featured,6,description,https://www.kaggle.com/c/rsna-intracranial-hemorrhage-detection/discussion/117301,www.kaggle.com,,0
rsna-intracranial-hemorrhage-detection,0,,2019,Featured,7,description,https://www.kaggle.com/c/rsna-intracranial-hemorrhage-detection/discussion/117293,www.kaggle.com,,0
rsna-intracranial-hemorrhage-detection,0,,2019,Featured,8,code,https://www.kaggle.com/c/rsna-intracranial-hemorrhage-detection/discussion/118780,www.kaggle.com,,0
rsna-intracranial-hemorrhage-detection,0,,2019,Featured,9,code,https://www.kaggle.com/c/rsna-intracranial-hemorrhage-detection/discussion/117211,www.kaggle.com,,0
rsna-intracranial-hemorrhage-detection,0,,2019,Featured,10,code,https://www.kaggle.com/c/rsna-intracranial-hemorrhage-detection/discussion/118873,www.kaggle.com,,0
rsna-intracranial-hemorrhage-detection,0,,2019,Featured,11,code,https://www.kaggle.com/c/rsna-intracranial-hemorrhage-detection/discussion/117330,www.kaggle.com,,0
rsna-intracranial-hemorrhage-detection,0,,2019,Featured,13,code,https://www.kaggle.com/c/rsna-intracranial-hemorrhage-detection/discussion/119079,www.kaggle.com,,0
rsna-intracranial-hemorrhage-detection,0,,2019,Featured,15,description,https://www.kaggle.com/c/rsna-intracranial-hemorrhage-detection/discussion/117277,www.kaggle.com,,0
rsna-intracranial-hemorrhage-detection,0,,2019,Featured,16,description,https://www.kaggle.com/c/rsna-intracranial-hemorrhage-detection/discussion/117417,www.kaggle.com,,0
rsna-intracranial-hemorrhage-detection,0,,2019,Featured,46,description,https://www.kaggle.com/c/rsna-intracranial-hemorrhage-detection/discussion/117386,www.kaggle.com,,0
rsna-intracranial-hemorrhage-detection,0,,2019,Featured,all solutions,kernel,https://www.kaggle.com/c/rsna-intracranial-hemorrhage-detection/discussion/117242,www.kaggle.com,,0
rsna-pneumonia-detection-challenge,0,,2018,Featured,1,code,https://github.com/i-pan/kaggle-rsna18,github.com,,0
rsna-pneumonia-detection-challenge,0,,2018,Featured,3,code,https://github.com/pmcheng/rsna-pneumonia,github.com,,0
rsna-pneumonia-detection-challenge,0,,2018,Featured,10,code,https://github.com/alessonscap/rsna-challenge-2018,github.com,,0
rsna-str-pulmonary-embolism-detection,0,,2020,Featured,1,code,https://www.kaggle.com/c/rsna-str-pulmonary-embolism-detection/discussion/194145,www.kaggle.com,,0
rsna-str-pulmonary-embolism-detection,0,,2020,Featured,2,code,https://www.kaggle.com/c/rsna-str-pulmonary-embolism-detection/discussion/193401,www.kaggle.com,,0
rsna-str-pulmonary-embolism-detection,0,,2020,Featured,3,code,https://www.kaggle.com/c/rsna-str-pulmonary-embolism-detection/discussion/193424,www.kaggle.com,,0
rsna-str-pulmonary-embolism-detection,0,,2020,Featured,4,code,https://www.kaggle.com/c/rsna-str-pulmonary-embolism-detection/discussion/193970,www.kaggle.com,,0
rsna-str-pulmonary-embolism-detection,0,,2020,Featured,5,code,https://www.kaggle.com/c/rsna-str-pulmonary-embolism-detection/discussion/193475,www.kaggle.com,,0
rsna-str-pulmonary-embolism-detection,0,,2020,Featured,6,code,https://www.kaggle.com/c/rsna-str-pulmonary-embolism-detection/discussion/195865,www.kaggle.com,,0
rsna-str-pulmonary-embolism-detection,0,,2020,Featured,7,code,https://www.kaggle.com/c/rsna-str-pulmonary-embolism-detection/discussion/193460,www.kaggle.com,,0
rsna-str-pulmonary-embolism-detection,0,,2020,Featured,9,code,https://www.kaggle.com/c/rsna-str-pulmonary-embolism-detection/discussion/193417,www.kaggle.com,,0
rsna-str-pulmonary-embolism-detection,0,,2020,Featured,10,code,https://www.kaggle.com/c/rsna-str-pulmonary-embolism-detection/discussion/193505,www.kaggle.com,,0
rsna-str-pulmonary-embolism-detection,0,,2020,Featured,12,code,https://www.kaggle.com/c/rsna-str-pulmonary-embolism-detection/discussion/193415,www.kaggle.com,,0
rsna-str-pulmonary-embolism-detection,0,,2020,Featured,18,code,https://www.kaggle.com/c/rsna-str-pulmonary-embolism-detection/discussion/193404,www.kaggle.com,,0
rsna-str-pulmonary-embolism-detection,0,,2020,Featured,23,description,https://www.kaggle.com/c/rsna-str-pulmonary-embolism-detection/discussion/193402,www.kaggle.com,,0
rsna-str-pulmonary-embolism-detection,0,,2020,Featured,28,description,https://www.kaggle.com/c/rsna-str-pulmonary-embolism-detection/discussion/193408,www.kaggle.com,,0
rsna-str-pulmonary-embolism-detection,0,,2020,Featured,30,description,https://www.kaggle.com/c/rsna-str-pulmonary-embolism-detection/discussion/193423,www.kaggle.com,,0
santa-2019-revenge-of-the-accountants,0,,2020,Playground,1,description,https://www.kaggle.com/c/santa-2019-revenge-of-the-accountants/discussion/126380,www.kaggle.com,,0
santa-2020,0,,2021,Featured,1,description,https://www.kaggle.com/c/santa-2020/discussion/218453,www.kaggle.com,,0
santa-2020,0,,2021,Featured,2,description,https://www.kaggle.com/c/santa-2020/discussion/221030,www.kaggle.com,,0
santa-2020,0,,2021,Featured,4,description,https://www.kaggle.com/c/santa-2020/discussion/216536,www.kaggle.com,,0
santa-2020,0,,2021,Featured,9,code,https://www.kaggle.com/c/santa-2020/discussion/221707,www.kaggle.com,,0
santa-2020,0,,2021,Featured,13,code,https://www.kaggle.com/c/santa-2020/discussion/209357,www.kaggle.com,,0
santa-2020,0,,2021,Featured,14,description,https://www.kaggle.com/c/santa-2020/discussion/221529,www.kaggle.com,,0
santa-2020,0,,2021,Featured,16,description,https://www.kaggle.com/c/santa-2020/discussion/217020,www.kaggle.com,,0
santa-2020,0,,2021,Featured,18,description,https://www.kaggle.com/c/santa-2020/discussion/217105,www.kaggle.com,,0
santa-2020,0,,2021,Featured,24,description,https://www.kaggle.com/c/santa-2020/discussion/216779,www.kaggle.com,,0
santa-2020,0,,2021,Featured,27,description,https://www.kaggle.com/c/santa-2020/discussion/216425,www.kaggle.com,,0
santa-gift-matching,0,,2018,Featured,1,code,https://www.kaggle.com/c/santa-gift-matching/discussion/47376,www.kaggle.com,,0
santa-gift-matching,0,,2018,Featured,2,code,https://www.kaggle.com/c/santa-gift-matching/discussion/47386,www.kaggle.com,,0
santa-gift-matching,0,,2018,Featured,3,code,https://www.kaggle.com/c/santa-gift-matching/discussion/47374,www.kaggle.com,,0
santa-workshop-tour-2019,0,,2020,Featured,1,description,https://www.kaggle.com/c/santa-workshop-tour-2019/discussion/127427,www.kaggle.com,,0
santa-workshop-tour-2019,0,,2020,Featured,1,description,https://www.kaggle.com/c/santa-2019-revenge-of-the-accountants/discussion/126380,www.kaggle.com,,0
santa-workshop-tour-2019,0,,2020,Featured,6,description,https://www.kaggle.com/c/santa-workshop-tour-2019/discussion/126255,www.kaggle.com,,0
santa-workshop-tour-2019,0,,2020,Featured,13,description,https://www.kaggle.com/c/santa-workshop-tour-2019/discussion/126254,www.kaggle.com,,0
santa-workshop-tour-2019,0,,2020,Featured,26,description,https://www.kaggle.com/c/santa-workshop-tour-2019/discussion/126185,www.kaggle.com,,0
santa-workshop-tour-2019,0,,2020,Featured,29,code,https://www.kaggle.com/c/santa-workshop-tour-2019/discussion/126364,www.kaggle.com,,0
santa-workshop-tour-2019,0,,2020,Featured,31,description,https://www.kaggle.com/c/santa-workshop-tour-2019/discussion/126225,www.kaggle.com,,0
santa-workshop-tour-2019,0,,2020,Featured,39,description,https://www.kaggle.com/c/santa-workshop-tour-2019/discussion/126237,www.kaggle.com,,0
santa-workshop-tour-2019,0,,2020,Featured,42,description,https://www.kaggle.com/c/santa-workshop-tour-2019/discussion/126374,www.kaggle.com,,0
santa-workshop-tour-2019,0,,2020,Featured,all solutions,kernel,https://www.kaggle.com/c/santa-workshop-tour-2019/discussion/127606,www.kaggle.com,,0
santander-customer-satisfaction,0,,2016,Featured,1,description,https://www.kaggle.com/c/santander-customer-satisfaction/discussion/20647#118259,www.kaggle.com,,0
santander-customer-satisfaction,0,,2016,Featured,3,code,https://github.com/diefimov/santander_2016,github.com,,0
santander-customer-satisfaction,0,,2016,Featured,4,code,https://github.com/bishwarup307/Santander_Customer_Satisfaction,github.com,,0
santander-customer-satisfaction,0,,2016,Featured,6,code,https://github.com/noahhhhhh/Santander_Customer_Satisfaction,github.com,,0
santander-customer-satisfaction,0,,2016,Featured,44,code,https://github.com/toshi-k/kaggle-santander-customer-satisfaction,github.com,,0
santander-customer-transaction-prediction,0,,2019,Featured,1,code,https://www.kaggle.com/c/santander-customer-transaction-prediction/discussion/89003#latest-521279,www.kaggle.com,,0
santander-customer-transaction-prediction,0,,2019,Featured,2,code,https://www.kaggle.com/c/santander-customer-transaction-prediction/discussion/88939#latest-528874,www.kaggle.com,,0
santander-customer-transaction-prediction,0,,2019,Featured,3,description,https://www.kaggle.com/c/santander-customer-transaction-prediction/discussion/88902,www.kaggle.com,,0
santander-customer-transaction-prediction,0,,2019,Featured,5,code,https://www.kaggle.com/c/santander-customer-transaction-prediction/discussion/88929#latest-516810,www.kaggle.com,,0
santander-customer-transaction-prediction,0,,2019,Featured,5,description,https://www.kaggle.com/c/santander-customer-transaction-prediction/discussion/88897#latest-517607,www.kaggle.com,,0
santander-customer-transaction-prediction,0,,2019,Featured,7,description,https://www.kaggle.com/c/santander-customer-transaction-prediction/discussion/89023#latest-518634,www.kaggle.com,,0
santander-customer-transaction-prediction,0,,2019,Featured,8,description,https://www.kaggle.com/c/santander-customer-transaction-prediction/discussion/88886#latest-512882,www.kaggle.com,,0
santander-customer-transaction-prediction,0,,2019,Featured,9,code,https://www.kaggle.com/c/santander-customer-transaction-prediction/discussion/89302#latest-516440,www.kaggle.com,,0
santander-customer-transaction-prediction,0,,2019,Featured,10,description,https://www.kaggle.com/c/santander-customer-transaction-prediction/discussion/88997#latest-517584,www.kaggle.com,,0
santander-customer-transaction-prediction,0,,2019,Featured,12,code,https://www.kaggle.com/c/santander-customer-transaction-prediction/discussion/88906#latest-512911,www.kaggle.com,,0
santander-customer-transaction-prediction,0,,2019,Featured,12,description,https://www.kaggle.com/c/santander-customer-transaction-prediction/discussion/89007#latest-517604,www.kaggle.com,,0
santander-customer-transaction-prediction,0,,2019,Featured,13,description,https://www.kaggle.com/c/santander-customer-transaction-prediction/discussion/89083#latest-517385,www.kaggle.com,,0
santander-customer-transaction-prediction,0,,2019,Featured,14,code,https://www.kaggle.com/c/santander-customer-transaction-prediction/discussion/88927#latest-515803,www.kaggle.com,,0
santander-customer-transaction-prediction,0,,2019,Featured,19,description,https://www.kaggle.com/c/santander-customer-transaction-prediction/discussion/89112#latest-517380,www.kaggle.com,,0
santander-customer-transaction-prediction,0,,2019,Featured,20,description,https://www.kaggle.com/c/santander-customer-transaction-prediction/discussion/89070#latest-517596,www.kaggle.com,,0
santander-customer-transaction-prediction,0,,2019,Featured,21,description,https://www.kaggle.com/c/santander-customer-transaction-prediction/discussion/88901#latest-512874,www.kaggle.com,,0
santander-customer-transaction-prediction,0,,2019,Featured,28,code,https://www.kaggle.com/c/santander-customer-transaction-prediction/discussion/89034#latest-519546,www.kaggle.com,,0
santander-customer-transaction-prediction,0,,2019,Featured,29,description,https://www.kaggle.com/c/santander-customer-transaction-prediction/discussion/88956#latest-513996,www.kaggle.com,,0
santander-customer-transaction-prediction,0,,2019,Featured,37,code,https://www.kaggle.com/c/santander-customer-transaction-prediction/discussion/88967#latest-513833,www.kaggle.com,,0
santander-product-recommendation,0,,2016,Featured,2,code,https://github.com/ttvand/Santander-Product-Recommendation,github.com,,0
santander-product-recommendation,0,,2016,Featured,2,description,http://blog.kaggle.com/2017/01/12/santander-product-recommendation-competition-2nd-place-winners-solution-write-up-tom-van-de-wiele/,blog.kaggle.com,legacy_blog,0
santander-product-recommendation,0,,2016,Featured,3,code,https://www.kaggle.com/c/santander-product-recommendation/discussion/26899,www.kaggle.com,,0
santander-product-recommendation,0,,2016,Featured,3,description,http://blog.kaggle.com/2017/02/22/santander-product-recommendation-competition-3rd-place-winners-interview-ryuji-sakata/,blog.kaggle.com,legacy_blog,0
santander-product-recommendation,0,,2016,Featured,8,code,https://github.com/yaxen/santander-product-recommendation-8th-place,github.com,,0
santander-product-recommendation,0,,2016,Featured,11,code,https://github.com/vopani/Kaggle_SantanderProductRecommendation,github.com,,0
santander-product-recommendation,0,,2016,Featured,all solutions,kernel,https://www.kaggle.com/c/santander-product-recommendation/discussion/26831,www.kaggle.com,,0
santander-value-prediction-challenge,0,,2018,Featured,1,description,https://www.kaggle.com/c/santander-value-prediction-challenge/discussion/63907,www.kaggle.com,,0
santander-value-prediction-challenge,0,,2018,Featured,2,description,https://www.kaggle.com/c/santander-value-prediction-challenge/discussion/63848,www.kaggle.com,,0
santander-value-prediction-challenge,0,,2018,Featured,3,description,https://www.kaggle.com/c/santander-value-prediction-challenge/discussion/63864,www.kaggle.com,,0
santander-value-prediction-challenge,0,,2018,Featured,5,description,https://www.kaggle.com/c/santander-value-prediction-challenge/discussion/63822,www.kaggle.com,,0
santander-value-prediction-challenge,0,,2018,Featured,6,description,https://www.kaggle.com/c/santander-value-prediction-challenge/discussion/63919,www.kaggle.com,,0
santander-value-prediction-challenge,0,,2018,Featured,10,description,https://www.kaggle.com/c/santander-value-prediction-challenge/discussion/63812,www.kaggle.com,,0
santander-value-prediction-challenge,0,,2018,Featured,14,description,https://www.kaggle.com/c/santander-value-prediction-challenge/discussion/63799,www.kaggle.com,,0
santander-value-prediction-challenge,0,,2018,Featured,16,description,https://www.kaggle.com/c/santander-value-prediction-challenge/discussion/63760,www.kaggle.com,,0
santander-value-prediction-challenge,0,,2018,Featured,21,code,https://www.kaggle.com/rsakata/21st-place-solution-bug-fixed-private-0-52785/code,www.kaggle.com,,0
santander-value-prediction-challenge,0,,2018,Featured,?,code,https://github.com/neptune-ml/open-solution-value-prediction,github.com,,0
santander-value-prediction-challenge,0,,2018,Featured,?,code,https://github.com/gestalt-howard/santander-value-prediction,github.com,,0
santas-stolen-sleigh,0,,2016,Featured,1,code,https://www.kaggle.com/c/santas-stolen-sleigh/discussion/18312,www.kaggle.com,,0
santas-stolen-sleigh,0,,2016,Featured,2,code,https://github.com/woshialex/SantaStolenSleigh,github.com,,0
santas-stolen-sleigh,0,,2016,Featured,2,description,http://blog.kaggle.com/2016/01/28/santas-stolen-sleigh-winners-interview-2nd-place-woshialex-weezy/,blog.kaggle.com,legacy_blog,0
santas-stolen-sleigh,0,,2016,Featured,3,description,http://blog.kaggle.com/2016/03/03/santas-stolen-sleigh-winners-interview-3rd-place-marcin-marek/,blog.kaggle.com,legacy_blog,0
santas-stolen-sleigh,0,,2016,Featured,7,code,https://github.com/nagadomi/kaggle-santas-stolen-sleigh,github.com,,0
santas-stolen-sleigh,0,,2016,Featured,9,description,https://www.kaggle.com/c/santas-stolen-sleigh/discussion/18336,www.kaggle.com,,0
santas-stolen-sleigh,0,,2016,Featured,11,code,https://github.com/danieloliveira56/SantaStolenSleigh,github.com,,0
santas-uncertain-bags,0,,2017,Playground,7,description,https://www.kaggle.com/c/santas-uncertain-bags/discussion/28286,www.kaggle.com,,0
sberbank-russian-housing-market,0,,2017,Featured,1,description,https://www.kaggle.com/c/sberbank-russian-housing-market/discussion/35684,www.kaggle.com,,0
sberbank-russian-housing-market,0,,2017,Featured,9,description,https://www.kaggle.com/c/sberbank-russian-housing-market/discussion/35912,www.kaggle.com,,0
sberbank-russian-housing-market,0,,2017,Featured,12,description,https://www.kaggle.com/c/sberbank-russian-housing-market/discussion/36256,www.kaggle.com,,0
sberbank-russian-housing-market,0,,2017,Featured,15,code,https://www.kaggle.com/c/sberbank-russian-housing-market/discussion/35700,www.kaggle.com,,0
sberbank-russian-housing-market,0,,2017,Featured,22,code,https://github.com/LenzDu/Kaggle-Competition-Sberbank,github.com,,0
sberbank-russian-housing-market,0,,2017,Featured,25,code,https://www.kaggle.com/c/sberbank-russian-housing-market/discussion/35570,www.kaggle.com,,0
second-annual-data-science-bowl,0,,2016,Featured,1,code,https://github.com/woshialex/diagnose-heart,github.com,,0
second-annual-data-science-bowl,0,,2016,Featured,2,code,https://www.kaggle.com/c/second-annual-data-science-bowl/discussion/19519,www.kaggle.com,,0
second-annual-data-science-bowl,0,,2016,Featured,2,description,http://blog.kaggle.com/2016/04/13/diagnosing-heart-diseases-with-deep-neural-networks-2nd-place-ira-korshunova/,blog.kaggle.com,legacy_blog,0
second-annual-data-science-bowl,0,,2016,Featured,3,code,https://github.com/juliandewit/kaggle_ndsb2,github.com,,0
second-annual-data-science-bowl,0,,2016,Featured,16,code,https://github.com/nagadomi/kaggle-ndsb2,github.com,,0
second-annual-data-science-bowl,0,,2016,Featured,19,code,https://github.com/udibr/DSB2,github.com,,0
see-click-predict-fix,0,,2013,Featured,1,code,https://github.com/BlindApe/SeeClickPredictFix,github.com,,0
see-click-predict-fix,0,,2013,Featured,2,code,https://www.kaggle.com/c/see-click-predict-fix/discussion/6754,www.kaggle.com,,0
seizure-detection,0,,2014,Research,1,code,https://www.kaggle.com/c/seizure-detection/discussion/10111,www.kaggle.com,,0
seizure-detection,0,,2014,Research,6,code,https://github.com/djacheson/Kaggle,github.com,,0
seizure-detection,0,,2014,Research,27,code,https://www.kaggle.com/c/seizure-detection/discussion/10092,www.kaggle.com,,0
seizure-prediction,0,,2014,Research,1,description,https://www.kaggle.com/c/seizure-prediction/discussion/11024,www.kaggle.com,,0
seizure-prediction,0,,2014,Research,2,code,https://github.com/drewabbot/kaggle-seizure-prediction,github.com,,0
seizure-prediction,0,,2014,Research,3,code,https://github.com/jlnh/SeizurePrediction,github.com,,0
seizure-prediction,0,,2014,Research,4,code,https://github.com/ESAI-CEU-UCH/kaggle-epilepsy,github.com,,0
seizure-prediction,0,,2014,Research,5,code,https://github.com/MichaelHills/seizure-prediction,github.com,,0
sentiment-analysis-on-movie-reviews,0,,2015,Playground,2,code,https://github.com/rafacarrascosa/samr,github.com,,0
seti-breakthrough-listen,0,,2021,Research,1,description,https://www.kaggle.com/c/seti-breakthrough-listen/discussion/266385,www.kaggle.com,,0
seti-breakthrough-listen,0,,2021,Research,2,description,https://www.kaggle.com/c/seti-breakthrough-listen/discussion/266397,www.kaggle.com,,0
seti-breakthrough-listen,0,,2021,Research,3,code,https://www.kaggle.com/c/seti-breakthrough-listen/discussion/266403,www.kaggle.com,,0
seti-breakthrough-listen,0,,2021,Research,4,description,https://www.kaggle.com/c/seti-breakthrough-listen/discussion/266396,www.kaggle.com,,0
seti-breakthrough-listen,0,,2021,Research,5,description,https://www.kaggle.com/c/seti-breakthrough-listen/discussion/266394,www.kaggle.com,,0
seti-breakthrough-listen,0,,2021,Research,6,description,https://www.kaggle.com/c/seti-breakthrough-listen/discussion/266460,www.kaggle.com,,0
seti-breakthrough-listen,0,,2021,Research,8,description,https://www.kaggle.com/c/seti-breakthrough-listen/discussion/266619,www.kaggle.com,,0
seti-breakthrough-listen,0,,2021,Research,9,description,https://www.kaggle.com/c/seti-breakthrough-listen/discussion/266852,www.kaggle.com,,0
seti-breakthrough-listen,0,,2021,Research,10,description,https://www.kaggle.com/c/seti-breakthrough-listen/discussion/266417,www.kaggle.com,,0
seti-breakthrough-listen,0,,2021,Research,12,code,https://www.kaggle.com/c/seti-breakthrough-listen/discussion/266711,www.kaggle.com,,0
seti-breakthrough-listen,0,,2021,Research,15,description,https://www.kaggle.com/c/seti-breakthrough-listen/discussion/266480,www.kaggle.com,,0
severstal-steel-defect-detection,0,,2019,Featured,1,description,https://www.kaggle.com/c/severstal-steel-defect-detection/discussion/114254,www.kaggle.com,,0
severstal-steel-defect-detection,0,,2019,Featured,3,code,https://www.kaggle.com/c/severstal-steel-defect-detection/discussion/117377,www.kaggle.com,,0
severstal-steel-defect-detection,0,,2019,Featured,4,description,https://www.kaggle.com/c/severstal-steel-defect-detection/discussion/114716,www.kaggle.com,,0
severstal-steel-defect-detection,0,,2019,Featured,5,code,https://www.kaggle.com/c/severstal-steel-defect-detection/discussion/117208,www.kaggle.com,,0
severstal-steel-defect-detection,0,,2019,Featured,7,description,https://www.kaggle.com/c/severstal-steel-defect-detection/discussion/114215,www.kaggle.com,,0
severstal-steel-defect-detection,0,,2019,Featured,8,description,https://www.kaggle.com/c/severstal-steel-defect-detection/discussion/114696,www.kaggle.com,,0
severstal-steel-defect-detection,0,,2019,Featured,9,description,https://www.kaggle.com/c/severstal-steel-defect-detection/discussion/114297,www.kaggle.com,,0
severstal-steel-defect-detection,0,,2019,Featured,10,description,https://www.kaggle.com/c/severstal-steel-defect-detection/discussion/114465,www.kaggle.com,,0
severstal-steel-defect-detection,0,,2019,Featured,12,description,https://www.kaggle.com/c/severstal-steel-defect-detection/discussion/114309,www.kaggle.com,,0
severstal-steel-defect-detection,0,,2019,Featured,13,description,https://www.kaggle.com/c/severstal-steel-defect-detection/discussion/114332,www.kaggle.com,,0
severstal-steel-defect-detection,0,,2019,Featured,14,description,https://www.kaggle.com/c/severstal-steel-defect-detection/discussion/114367,www.kaggle.com,,0
severstal-steel-defect-detection,0,,2019,Featured,24,description,https://www.kaggle.com/c/severstal-steel-defect-detection/discussion/116575,www.kaggle.com,,0
severstal-steel-defect-detection,0,,2019,Featured,27,description,https://www.kaggle.com/c/severstal-steel-defect-detection/discussion/115876,www.kaggle.com,,0
severstal-steel-defect-detection,0,,2019,Featured,30,code,https://www.kaggle.com/c/severstal-steel-defect-detection/discussion/114225,www.kaggle.com,,0
severstal-steel-defect-detection,0,,2019,Featured,31,code,https://www.kaggle.com/c/severstal-steel-defect-detection/discussion/114383,www.kaggle.com,,0
severstal-steel-defect-detection,0,,2019,Featured,36,code,https://www.kaggle.com/c/severstal-steel-defect-detection/discussion/114269,www.kaggle.com,,0
severstal-steel-defect-detection,0,,2019,Featured,57,description,https://www.kaggle.com/c/severstal-steel-defect-detection/discussion/114517,www.kaggle.com,,0
sf-crime,0,,2016,Playground,1,code,https://github.com/jiegzhan/multi-class-text-classification-cnn-rnn,github.com,,0
shopee-product-matching,0,,2021,Featured,1,description,https://www.kaggle.com/c/shopee-product-matching/discussion/238136,www.kaggle.com,,0
shopee-product-matching,0,,2021,Featured,2,code,https://www.kaggle.com/c/shopee-product-matching/discussion/238022,www.kaggle.com,,0
shopee-product-matching,0,,2021,Featured,2,description,https://www.kaggle.com/c/shopee-product-matching/discussion/238362,www.kaggle.com,,0
shopee-product-matching,0,,2021,Featured,3,description,https://www.kaggle.com/c/shopee-product-matching/discussion/238515,www.kaggle.com,,0
shopee-product-matching,0,,2021,Featured,4,description,https://www.kaggle.com/c/shopee-product-matching/discussion/238295,www.kaggle.com,,0
shopee-product-matching,0,,2021,Featured,5,description,https://www.kaggle.com/c/shopee-product-matching/discussion/238078,www.kaggle.com,,0
shopee-product-matching,0,,2021,Featured,6,description,https://www.kaggle.com/c/shopee-product-matching/discussion/238010,www.kaggle.com,,0
shopee-product-matching,0,,2021,Featured,7,description,https://www.kaggle.com/c/shopee-product-matching/discussion/238174,www.kaggle.com,,0
shopee-product-matching,0,,2021,Featured,8,description,https://www.kaggle.com/c/shopee-product-matching/discussion/238125,www.kaggle.com,,0
shopee-product-matching,0,,2021,Featured,10,description,https://www.kaggle.com/c/shopee-product-matching/discussion/238039,www.kaggle.com,,0
shopee-product-matching,0,,2021,Featured,11,description,https://www.kaggle.com/c/shopee-product-matching/discussion/238181,www.kaggle.com,,0
shopee-product-matching,0,,2021,Featured,14,description,https://www.kaggle.com/c/shopee-product-matching/discussion/238033,www.kaggle.com,,0
shopee-product-matching,0,,2021,Featured,15,description,https://www.kaggle.com/c/shopee-product-matching/discussion/238029,www.kaggle.com,,0
shopee-product-matching,0,,2021,Featured,16,description,https://www.kaggle.com/c/shopee-product-matching/discussion/238128,www.kaggle.com,,0
shopee-product-matching,0,,2021,Featured,18,description,https://www.kaggle.com/c/shopee-product-matching/discussion/237972,www.kaggle.com,,0
shopee-product-matching,0,,2021,Featured,19,description,https://www.kaggle.com/c/shopee-product-matching/discussion/238146,www.kaggle.com,,0
shopee-product-matching,0,,2021,Featured,26,description,https://www.kaggle.com/c/shopee-product-matching/discussion/238126,www.kaggle.com,,0
shopee-product-matching,0,,2021,Featured,31,description,https://www.kaggle.com/c/shopee-product-matching/discussion/238322,www.kaggle.com,,0
shopee-product-matching,0,,2021,Featured,37,description,https://www.kaggle.com/c/shopee-product-matching/discussion/238110,www.kaggle.com,,0
shopee-product-matching,0,,2021,Featured,41,description,https://www.kaggle.com/c/shopee-product-matching/discussion/238382,www.kaggle.com,,0
shopee-product-matching,0,,2021,Featured,48,description,https://www.kaggle.com/c/shopee-product-matching/discussion/238263,www.kaggle.com,,0
siim-acr-pneumothorax-segmentation,0,,2019,Featured,1,code,https://www.kaggle.com/c/siim-acr-pneumothorax-segmentation/discussion/107824,www.kaggle.com,,0
siim-acr-pneumothorax-segmentation,0,,2019,Featured,2,code,https://www.kaggle.com/c/siim-acr-pneumothorax-segmentation/discussion/108009,www.kaggle.com,,0
siim-acr-pneumothorax-segmentation,0,,2019,Featured,3,code,https://www.kaggle.com/c/siim-acr-pneumothorax-segmentation/discussion/107981,www.kaggle.com,,0
siim-acr-pneumothorax-segmentation,0,,2019,Featured,4,code,https://www.kaggle.com/c/siim-acr-pneumothorax-segmentation/discussion/108397,www.kaggle.com,,0
siim-acr-pneumothorax-segmentation,0,,2019,Featured,5,code,https://www.kaggle.com/c/siim-acr-pneumothorax-segmentation/discussion/107603,www.kaggle.com,,0
siim-acr-pneumothorax-segmentation,0,,2019,Featured,6,code,https://www.kaggle.com/c/siim-acr-pneumothorax-segmentation/discussion/107743,www.kaggle.com,,0
siim-acr-pneumothorax-segmentation,0,,2019,Featured,7,code,https://www.kaggle.com/c/siim-acr-pneumothorax-segmentation/discussion/107872,www.kaggle.com,,0
siim-acr-pneumothorax-segmentation,0,,2019,Featured,8,code,https://www.kaggle.com/c/siim-acr-pneumothorax-segmentation/discussion/107522,www.kaggle.com,,0
siim-acr-pneumothorax-segmentation,0,,2019,Featured,9,code,https://www.kaggle.com/c/siim-acr-pneumothorax-segmentation/discussion/108060,www.kaggle.com,,0
siim-acr-pneumothorax-segmentation,0,,2019,Featured,10,code,https://www.kaggle.com/c/siim-acr-pneumothorax-segmentation/discussion/107687,www.kaggle.com,,0
siim-acr-pneumothorax-segmentation,0,,2019,Featured,11,code,https://www.kaggle.com/c/siim-acr-pneumothorax-segmentation/discussion/107518,www.kaggle.com,,0
siim-acr-pneumothorax-segmentation,0,,2019,Featured,12,description,https://www.kaggle.com/c/siim-acr-pneumothorax-segmentation/discussion/107757,www.kaggle.com,,0
siim-acr-pneumothorax-segmentation,0,,2019,Featured,19,description,https://www.kaggle.com/c/siim-acr-pneumothorax-segmentation/discussion/107666,www.kaggle.com,,0
siim-acr-pneumothorax-segmentation,0,,2019,Featured,31,description,https://www.kaggle.com/c/siim-acr-pneumothorax-segmentation/discussion/107795,www.kaggle.com,,0
siim-acr-pneumothorax-segmentation,0,,2019,Featured,33,description,https://www.kaggle.com/c/siim-acr-pneumothorax-segmentation/discussion/107546,www.kaggle.com,,0
siim-acr-pneumothorax-segmentation,0,,2019,Featured,all solutions,kernel,https://www.kaggle.com/c/siim-acr-pneumothorax-segmentation/discussion/108308,www.kaggle.com,,0
siim-covid19-detection,0,,2021,Featured,1,code,https://www.kaggle.com/c/siim-covid19-detection/discussion/263658,www.kaggle.com,,0
siim-covid19-detection,0,,2021,Featured,2,code,https://www.kaggle.com/c/siim-covid19-detection/discussion/263674,www.kaggle.com,,0
siim-covid19-detection,0,,2021,Featured,3,code,https://www.kaggle.com/c/siim-covid19-detection/discussion/263654,www.kaggle.com,,0
siim-covid19-detection,0,,2021,Featured,4,code,https://www.kaggle.com/c/siim-covid19-detection/discussion/264243,www.kaggle.com,,0
siim-covid19-detection,0,,2021,Featured,5,code,https://www.kaggle.com/c/siim-covid19-detection/discussion/263680,www.kaggle.com,,0
siim-covid19-detection,0,,2021,Featured,5,code,https://www.kaggle.com/c/siim-covid19-detection/discussion/263945,www.kaggle.com,,0
siim-covid19-detection,0,,2021,Featured,5,description,https://www.kaggle.com/c/siim-covid19-detection/discussion/266571,www.kaggle.com,,0
siim-covid19-detection,0,,2021,Featured,6,code,https://www.kaggle.com/c/siim-covid19-detection/discussion/264858,www.kaggle.com,,0
siim-covid19-detection,0,,2021,Featured,7,code,https://www.kaggle.com/c/siim-covid19-detection/discussion/263748,www.kaggle.com,,0
siim-covid19-detection,0,,2021,Featured,8,code,https://www.kaggle.com/c/siim-covid19-detection/discussion/263734,www.kaggle.com,,0
siim-covid19-detection,0,,2021,Featured,9,code,https://www.kaggle.com/c/siim-covid19-detection/discussion/265583,www.kaggle.com,,0
siim-covid19-detection,0,,2021,Featured,10,code,https://www.kaggle.com/c/siim-covid19-detection/discussion/263683,www.kaggle.com,,0
siim-covid19-detection,0,,2021,Featured,11,description,https://www.kaggle.com/c/siim-covid19-detection/discussion/263701,www.kaggle.com,,0
siim-covid19-detection,0,,2021,Featured,11,description,https://www.kaggle.com/c/siim-covid19-detection/discussion/264287,www.kaggle.com,,0
siim-covid19-detection,0,,2021,Featured,12,code,https://www.kaggle.com/c/siim-covid19-detection/discussion/264311,www.kaggle.com,,0
siim-covid19-detection,0,,2021,Featured,19,description,https://www.kaggle.com/c/siim-covid19-detection/discussion/263662,www.kaggle.com,,0
siim-covid19-detection,0,,2021,Featured,24,description,https://www.kaggle.com/c/siim-covid19-detection/discussion/263895,www.kaggle.com,,0
siim-covid19-detection,0,,2021,Featured,27,description,https://www.kaggle.com/c/siim-covid19-detection/discussion/264028,www.kaggle.com,,0
siim-covid19-detection,0,,2021,Featured,32,description,https://www.kaggle.com/c/siim-covid19-detection/discussion/263849,www.kaggle.com,,0
siim-covid19-detection,0,,2021,Featured,all solutions,kernel,https://www.kaggle.com/c/siim-covid19-detection/discussion/263671,www.kaggle.com,,0
siim-isic-melanoma-classification,0,,2020,Featured,1,code,https://www.kaggle.com/c/siim-isic-melanoma-classification/discussion/175412,www.kaggle.com,,0
siim-isic-melanoma-classification,0,,2020,Featured,2,code,https://www.kaggle.com/c/siim-isic-melanoma-classification/discussion/175324,www.kaggle.com,,0
siim-isic-melanoma-classification,0,,2020,Featured,3,code,https://www.kaggle.com/c/siim-isic-melanoma-classification/discussion/175633,www.kaggle.com,,0
siim-isic-melanoma-classification,0,,2020,Featured,6,description,https://www.kaggle.com/c/siim-isic-melanoma-classification/discussion/176154,www.kaggle.com,,0
siim-isic-melanoma-classification,0,,2020,Featured,7,description,https://www.kaggle.com/c/siim-isic-melanoma-classification/discussion/175391,www.kaggle.com,,0
siim-isic-melanoma-classification,0,,2020,Featured,11,description,https://www.kaggle.com/c/siim-isic-melanoma-classification/discussion/175624,www.kaggle.com,,0
siim-isic-melanoma-classification,0,,2020,Featured,12,description,https://www.kaggle.com/c/siim-isic-melanoma-classification/discussion/175765,www.kaggle.com,,0
siim-isic-melanoma-classification,0,,2020,Featured,14,description,https://www.kaggle.com/c/siim-isic-melanoma-classification/discussion/175403,www.kaggle.com,,0
siim-isic-melanoma-classification,0,,2020,Featured,16,code,https://www.kaggle.com/c/siim-isic-melanoma-classification/discussion/175361,www.kaggle.com,,0
siim-isic-melanoma-classification,0,,2020,Featured,17,description,https://www.kaggle.com/c/siim-isic-melanoma-classification/discussion/175410,www.kaggle.com,,0
siim-isic-melanoma-classification,0,,2020,Featured,21,description,https://www.kaggle.com/c/siim-isic-melanoma-classification/discussion/175538,www.kaggle.com,,0
siim-isic-melanoma-classification,0,,2020,Featured,24,description,https://www.kaggle.com/c/siim-isic-melanoma-classification/discussion/176338,www.kaggle.com,,0
siim-isic-melanoma-classification,0,,2020,Featured,25,description,https://www.kaggle.com/c/siim-isic-melanoma-classification/discussion/175352,www.kaggle.com,,0
siim-isic-melanoma-classification,0,,2020,Featured,27,description,https://www.kaggle.com/c/siim-isic-melanoma-classification/discussion/181830,www.kaggle.com,,0
siim-isic-melanoma-classification,0,,2020,Featured,53,description,https://www.kaggle.com/c/siim-isic-melanoma-classification/discussion/175344,www.kaggle.com,,0
socialNetwork,0,,2011,Featured,1,description,http://blog.kaggle.com/2011/01/15/how-we-did-it-the-winners-of-the-ijcnn-social-network-challenge/,blog.kaggle.com,legacy_blog,0
socialNetwork,0,,2011,Featured,2,description,http://blog.kaggle.com/2011/01/14/how-i-did-it-will-cukierski-on-finishing-second-in-the-ijcnn-social-network-challenge/,blog.kaggle.com,legacy_blog,0
socialNetwork,0,,2011,Featured,2,description,http://blog.kaggle.com/2011/01/19/how-i-did-it-finishing-second-from-bo-yangs-perspective/,blog.kaggle.com,legacy_blog,0
sp-society-camera-model-identification,0,,2018,Featured,1,description,https://www.kaggle.com/c/sp-society-camera-model-identification/discussion/49367,www.kaggle.com,,0
sp-society-camera-model-identification,0,,2018,Featured,2,code,https://github.com/ikibardin/kaggle-camera-model-identification,github.com,,0
sp-society-camera-model-identification,0,,2018,Featured,2,description,https://www.kaggle.com/c/sp-society-camera-model-identification/discussion/49299,www.kaggle.com,,0
sp-society-camera-model-identification,0,,2018,Featured,3,description,https://www.kaggle.com/c/sp-society-camera-model-identification/discussion/49602,www.kaggle.com,,0
sp-society-camera-model-identification,0,,2018,Featured,4,description,https://www.kaggle.com/c/sp-society-camera-model-identification/discussion/49298,www.kaggle.com,,0
sp-society-camera-model-identification,0,,2018,Featured,5,code,https://www.kaggle.com/c/sp-society-camera-model-identification/discussion/49334,www.kaggle.com,,0
sp-society-camera-model-identification,0,,2018,Featured,9,code,https://www.kaggle.com/c/sp-society-camera-model-identification/discussion/49319,www.kaggle.com,,0
sp-society-camera-model-identification,0,,2018,Featured,10,description,https://www.kaggle.com/c/sp-society-camera-model-identification/discussion/49366,www.kaggle.com,,0
spooky-author-identification,0,,2017,Playground,?,code,https://github.com/pkubik/horror,github.com,,0
springleaf-marketing-response,0,,2015,Featured,7,description,https://www.kaggle.com/c/springleaf-marketing-response/discussion/17081#96804,www.kaggle.com,,0
stanford-covid-vaccine,0,,2020,Research,1,description,https://www.kaggle.com/c/stanford-covid-vaccine/discussion/189620,www.kaggle.com,,0
stanford-covid-vaccine,0,,2020,Research,2,description,https://www.kaggle.com/c/stanford-covid-vaccine/discussion/189709,www.kaggle.com,,0
stanford-covid-vaccine,0,,2020,Research,3,description,https://www.kaggle.com/c/stanford-covid-vaccine/discussion/189574,www.kaggle.com,,0
stanford-covid-vaccine,0,,2020,Research,4,code,https://www.kaggle.com/c/stanford-covid-vaccine/discussion/191430,www.kaggle.com,,0
stanford-covid-vaccine,0,,2020,Research,4,description,https://www.kaggle.com/c/stanford-covid-vaccine/discussion/189650,www.kaggle.com,,0
stanford-covid-vaccine,0,,2020,Research,5,description,https://www.kaggle.com/c/stanford-covid-vaccine/discussion/189691,www.kaggle.com,,0
stanford-covid-vaccine,0,,2020,Research,6,description,https://www.kaggle.com/c/stanford-covid-vaccine/discussion/189241,www.kaggle.com,,0
stanford-covid-vaccine,0,,2020,Research,7,description,https://www.kaggle.com/c/stanford-covid-vaccine/discussion/189564,www.kaggle.com,,0
stanford-covid-vaccine,0,,2020,Research,8,description,https://www.kaggle.com/c/stanford-covid-vaccine/discussion/190314,www.kaggle.com,,0
stanford-covid-vaccine,0,,2020,Research,9,description,https://www.kaggle.com/c/stanford-covid-vaccine/discussion/189845,www.kaggle.com,,0
stanford-covid-vaccine,0,,2020,Research,11,description,https://www.kaggle.com/c/stanford-covid-vaccine/discussion/189571,www.kaggle.com,,0
stanford-covid-vaccine,0,,2020,Research,12,description,https://www.kaggle.com/c/stanford-covid-vaccine/discussion/189728,www.kaggle.com,,0
stanford-covid-vaccine,0,,2020,Research,13,description,https://www.kaggle.com/c/stanford-covid-vaccine/discussion/189585,www.kaggle.com,,0
stanford-covid-vaccine,0,,2020,Research,20,description,https://www.kaggle.com/c/stanford-covid-vaccine/discussion/189723,www.kaggle.com,,0
stanford-covid-vaccine,0,,2020,Research,23,description,https://www.kaggle.com/c/stanford-covid-vaccine/discussion/189594,www.kaggle.com,,0
stanford-covid-vaccine,0,,2020,Research,33,description,https://www.kaggle.com/c/stanford-covid-vaccine/discussion/189236,www.kaggle.com,,0
stanford-covid-vaccine,0,,2020,Research,39,description,https://www.kaggle.com/c/stanford-covid-vaccine/discussion/189544,www.kaggle.com,,0
stanford-covid-vaccine,0,,2020,Research,all solutions,kernel,https://www.kaggle.com/c/stanford-covid-vaccine/discussion/189344,www.kaggle.com,,0
state-farm-distracted-driver-detection,0,,2016,Featured,1,description,https://www.kaggle.com/c/state-farm-distracted-driver-detection/discussion/22906,www.kaggle.com,,0
state-farm-distracted-driver-detection,0,,2016,Featured,3,description,https://www.kaggle.com/c/state-farm-distracted-driver-detection/discussion/22631,www.kaggle.com,,0
state-farm-distracted-driver-detection,0,,2016,Featured,10,code,https://github.com/toshi-k/kaggle-distracted-driver-detection,github.com,,0
state-farm-distracted-driver-detection,0,,2016,Featured,29,code,https://github.com/oswaldoludwig/Human-Action-Recognition-with-Keras,github.com,,0
statoil-iceberg-classifier-challenge,0,,2018,Featured,1,description,https://www.kaggle.com/c/statoil-iceberg-classifier-challenge/discussion/48241,www.kaggle.com,,0
statoil-iceberg-classifier-challenge,0,,2018,Featured,2,description,https://www.kaggle.com/c/statoil-iceberg-classifier-challenge/discussion/48294,www.kaggle.com,,0
statoil-iceberg-classifier-challenge,0,,2018,Featured,3,description,https://www.kaggle.com/c/statoil-iceberg-classifier-challenge/discussion/48207,www.kaggle.com,,0
statoil-iceberg-classifier-challenge,0,,2018,Featured,4,description,https://www.kaggle.com/c/statoil-iceberg-classifier-challenge/discussion/48163,www.kaggle.com,,0
statoil-iceberg-classifier-challenge,0,,2018,Featured,6,description,https://www.kaggle.com/c/statoil-iceberg-classifier-challenge/discussion/48193,www.kaggle.com,,0
statoil-iceberg-classifier-challenge,0,,2018,Featured,?,code,https://github.com/cttsai1985/Kaggle-Statoil-Iceberg-Classifier-ConvNets,github.com,,0
stayalert,0,,2011,Featured,1,description,http://blog.kaggle.com/2011/03/25/inference-on-winning-the-ford-stay-alert-competition/,blog.kaggle.com,legacy_blog,0
stayalert,0,,2011,Featured,2,description,http://blog.kaggle.com/2011/04/20/mick-wagner-on-finishing-second-in-the-ford-challenge/,blog.kaggle.com,legacy_blog,0
stayalert,0,,2011,Featured,4,description,http://blog.kaggle.com/2011/03/16/junpei-komiyama-on-finishing-4th-in-the-ford-competition/,blog.kaggle.com,legacy_blog,0
stumbleupon,0,,2013,Featured,2,code,https://github.com/ma2rten/kaggle-evergreen,github.com,,0
stumbleupon,0,,2013,Featured,4,code,https://www.kaggle.com/c/stumbleupon/discussion/6207,www.kaggle.com,,0
tabular-playground-series-apr-2021,0,,2021,Playground,1,description,https://www.kaggle.com/c/tabular-playground-series-apr-2021/discussion/235739,www.kaggle.com,,0
tabular-playground-series-aug-2021,0,,2021,Playground,1,code,https://www.kaggle.com/c/tabular-playground-series-aug-2021/discussion/270051,www.kaggle.com,,0
tabular-playground-series-feb-2021,0,,2021,Playground,1,code,https://www.kaggle.com/c/tabular-playground-series-feb-2021/discussion/222745,www.kaggle.com,,0
tabular-playground-series-feb-2021,0,,2021,Playground,2,description,https://www.kaggle.com/c/tabular-playground-series-feb-2021/discussion/222762,www.kaggle.com,,0
tabular-playground-series-feb-2021,0,,2021,Playground,3,description,https://www.kaggle.com/c/tabular-playground-series-feb-2021/discussion/223455,www.kaggle.com,,0
tabular-playground-series-feb-2021,0,,2021,Playground,4,description,https://www.kaggle.com/c/tabular-playground-series-feb-2021/discussion/222791,www.kaggle.com,,0
tabular-playground-series-feb-2021,0,,2021,Playground,6,code,https://www.kaggle.com/c/tabular-playground-series-feb-2021/discussion/222751,www.kaggle.com,,0
tabular-playground-series-feb-2021,0,,2021,Playground,8,description,https://www.kaggle.com/c/tabular-playground-series-feb-2021/discussion/222748,www.kaggle.com,,0
tabular-playground-series-feb-2021,0,,2021,Playground,11,description,https://www.kaggle.com/c/tabular-playground-series-feb-2021/discussion/222798,www.kaggle.com,,0
tabular-playground-series-jan-2021,0,,2021,Playground,1,code,https://www.kaggle.com/c/tabular-playground-series-jan-2021/discussion/216037,www.kaggle.com,,0
tabular-playground-series-jan-2021,0,,2021,Playground,2,description,https://www.kaggle.com/c/tabular-playground-series-jan-2021/discussion/216070,www.kaggle.com,,0
tabular-playground-series-jan-2021,0,,2021,Playground,3,code,https://www.kaggle.com/c/tabular-playground-series-jan-2021/discussion/216087,www.kaggle.com,,0
tabular-playground-series-jan-2021,0,,2021,Playground,4,code,https://www.kaggle.com/c/tabular-playground-series-jan-2021/discussion/216071,www.kaggle.com,,0
tabular-playground-series-jan-2021,0,,2021,Playground,11,code,https://www.kaggle.com/c/tabular-playground-series-jan-2021/discussion/216115,www.kaggle.com,,0
tabular-playground-series-jul-2021,0,,2021,Playground,1,description,https://www.kaggle.com/c/tabular-playground-series-jul-2021/discussion/256486,www.kaggle.com,,0
tabular-playground-series-jun-2021,0,,2021,Playground,1,description,https://www.kaggle.com/c/tabular-playground-series-jun-2021/discussion/250046,www.kaggle.com,,0
tabular-playground-series-jun-2021,0,,2021,Playground,2,description,https://www.kaggle.com/c/tabular-playground-series-jun-2021/discussion/250060,www.kaggle.com,,0
tabular-playground-series-mar-2021,0,,2021,Playground,1,code,https://www.kaggle.com/c/tabular-playground-series-mar-2021/discussion/229833,www.kaggle.com,,0
tabular-playground-series-mar-2021,0,,2021,Playground,2,description,https://www.kaggle.com/c/tabular-playground-series-mar-2021/discussion/229868,www.kaggle.com,,0
tabular-playground-series-mar-2021,0,,2021,Playground,3,code,https://www.kaggle.com/c/tabular-playground-series-mar-2021/discussion/230101,www.kaggle.com,,0
tabular-playground-series-mar-2021,0,,2021,Playground,9,description,https://www.kaggle.com/c/tabular-playground-series-mar-2021/discussion/229985,www.kaggle.com,,0
tabular-playground-series-mar-2021,0,,2021,Playground,11,description,https://www.kaggle.com/c/tabular-playground-series-mar-2021/discussion/229834,www.kaggle.com,,0
tabular-playground-series-may-2021,0,,2021,Playground,1,code,https://www.kaggle.com/c/tabular-playground-series-may-2021/discussion/243054,www.kaggle.com,,0
tabular-playground-series-may-2021,0,,2021,Playground,3,description,https://www.kaggle.com/c/tabular-playground-series-may-2021/discussion/243093,www.kaggle.com,,0
tabular-playground-series-may-2021,0,,2021,Playground,13,description,https://www.kaggle.com/c/tabular-playground-series-may-2021/discussion/243028,www.kaggle.com,,0
tabular-playground-series-sep-2021,0,,2021,Playground,2,description,https://www.kaggle.com/c/tabular-playground-series-sep-2021/discussion/275740,www.kaggle.com,,0
tabular-playground-series-sep-2021,0,,2021,Playground,6,description,https://www.kaggle.com/c/tabular-playground-series-sep-2021/discussion/275690,www.kaggle.com,,0
tabular-playground-series-sep-2021,0,,2021,Playground,7,description,https://www.kaggle.com/c/tabular-playground-series-sep-2021/discussion/277256,www.kaggle.com,,0
tabular-playground-series-sep-2021,0,,2021,Playground,9,description,https://www.kaggle.com/c/tabular-playground-series-sep-2021/discussion/276248,www.kaggle.com,,0
tabular-playground-series-sep-2021,0,,2021,Playground,10,description,https://www.kaggle.com/c/tabular-playground-series-sep-2021/discussion/276009,www.kaggle.com,,0
tabular-playground-series-sep-2021,0,,2021,Playground,14,description,https://www.kaggle.com/c/tabular-playground-series-sep-2021/discussion/276141,www.kaggle.com,,0
tabular-playground-series-sep-2021,0,,2021,Playground,24,description,https://www.kaggle.com/c/tabular-playground-series-sep-2021/discussion/276038,www.kaggle.com,,0
tabular-playground-series-sep-2021,0,,2021,Playground,45,description,https://www.kaggle.com/c/tabular-playground-series-sep-2021/discussion/275720,www.kaggle.com,,0
talkingdata-adtracking-fraud-detection,0,,2018,Featured,1,code,https://github.com/flowlight0/talkingdata-adtracking-fraud-detection,github.com,,0
talkingdata-adtracking-fraud-detection,0,,2018,Featured,1,description,https://www.kaggle.com/c/talkingdata-adtracking-fraud-detection/discussion/56475,www.kaggle.com,,0
talkingdata-adtracking-fraud-detection,0,,2018,Featured,2,description,https://www.kaggle.com/c/talkingdata-adtracking-fraud-detection/discussion/56328,www.kaggle.com,,0
talkingdata-adtracking-fraud-detection,0,,2018,Featured,3,description,https://www.kaggle.com/c/talkingdata-adtracking-fraud-detection/discussion/56262,www.kaggle.com,,0
talkingdata-adtracking-fraud-detection,0,,2018,Featured,4,code,https://www.kaggle.com/c/talkingdata-adtracking-fraud-detection/discussion/56545,www.kaggle.com,,0
talkingdata-adtracking-fraud-detection,0,,2018,Featured,4,description,https://www.kaggle.com/c/talkingdata-adtracking-fraud-detection/discussion/56243,www.kaggle.com,,0
talkingdata-adtracking-fraud-detection,0,,2018,Featured,5,description,https://www.kaggle.com/c/talkingdata-adtracking-fraud-detection/discussion/56406,www.kaggle.com,,0
talkingdata-adtracking-fraud-detection,0,,2018,Featured,5,description,https://www.kaggle.com/c/talkingdata-adtracking-fraud-detection/discussion/56319,www.kaggle.com,,0
talkingdata-adtracking-fraud-detection,0,,2018,Featured,6,description,https://www.kaggle.com/c/talkingdata-adtracking-fraud-detection/discussion/56283,www.kaggle.com,,0
talkingdata-adtracking-fraud-detection,0,,2018,Featured,8,description,https://www.kaggle.com/c/talkingdata-adtracking-fraud-detection/discussion/56325,www.kaggle.com,,0
talkingdata-adtracking-fraud-detection,0,,2018,Featured,9,description,https://www.kaggle.com/c/talkingdata-adtracking-fraud-detection/discussion/56279,www.kaggle.com,,0
talkingdata-adtracking-fraud-detection,0,,2018,Featured,11,description,https://www.kaggle.com/c/talkingdata-adtracking-fraud-detection/discussion/56250,www.kaggle.com,,0
talkingdata-adtracking-fraud-detection,0,,2018,Featured,13,description,https://www.kaggle.com/c/talkingdata-adtracking-fraud-detection/discussion/56333,www.kaggle.com,,0
talkingdata-adtracking-fraud-detection,0,,2018,Featured,18,description,https://www.kaggle.com/c/talkingdata-adtracking-fraud-detection/discussion/56422,www.kaggle.com,,0
talkingdata-adtracking-fraud-detection,0,,2018,Featured,22,description,https://www.kaggle.com/c/talkingdata-adtracking-fraud-detection/discussion/56571,www.kaggle.com,,0
talkingdata-adtracking-fraud-detection,0,,2018,Featured,28,description,https://www.kaggle.com/c/talkingdata-adtracking-fraud-detection/discussion/56368,www.kaggle.com,,0
talkingdata-adtracking-fraud-detection,0,,2018,Featured,28,description,https://www.kaggle.com/c/talkingdata-adtracking-fraud-detection/discussion/55030,www.kaggle.com,,0
talkingdata-adtracking-fraud-detection,0,,2018,Featured,34,description,https://www.kaggle.com/c/talkingdata-adtracking-fraud-detection/discussion/56304,www.kaggle.com,,0
talkingdata-mobile-user-demographics,0,,2016,Featured,1,description,https://www.kaggle.com/c/talkingdata-adtracking-fraud-detection/discussion/56475,www.kaggle.com,,0
talkingdata-mobile-user-demographics,0,,2016,Featured,3,code,https://github.com/chechir/talking_data,github.com,,0
talkingdata-mobile-user-demographics,0,,2016,Featured,3,code,https://www.kaggle.com/c/talkingdata-mobile-user-demographics/discussion/23465,www.kaggle.com,,0
talkingdata-mobile-user-demographics,0,,2016,Featured,4,description,https://www.kaggle.com/c/talkingdata-adtracking-fraud-detection/discussion/56243,www.kaggle.com,,0
telstra-recruiting-network,0,,2016,Recruitment,7,code,https://github.com/gaborfodor/TNP,github.com,,0
telstra-recruiting-network,0,,2016,Recruitment,31,code,https://github.com/gereleth/kaggle-telstra,github.com,,0
tensorflow-speech-recognition-challenge,0,,2018,Featured,1,description,https://www.kaggle.com/c/tensorflow-speech-recognition-challenge/discussion/46988,www.kaggle.com,,0
tensorflow-speech-recognition-challenge,0,,2018,Featured,2,description,https://www.kaggle.com/c/tensorflow-speech-recognition-challenge/discussion/47715,www.kaggle.com,,0
tensorflow-speech-recognition-challenge,0,,2018,Featured,3,code,https://github.com/xiaozhouwang/tensorflow_speech_recognition_solution,github.com,,0
tensorflow-speech-recognition-challenge,0,,2018,Featured,3,description,https://www.kaggle.com/c/tensorflow-speech-recognition-challenge/discussion/47722,www.kaggle.com,,0
tensorflow-speech-recognition-challenge,0,,2018,Featured,4,code,https://github.com/heyt0ny/Kaggle-TensorFlow-Speech-Recognition-Challenge-Solution,github.com,,0
tensorflow2-question-answering,0,,2020,Featured,1,description,https://www.kaggle.com/c/tensorflow2-question-answering/discussion/127551,www.kaggle.com,,0
tensorflow2-question-answering,0,,2020,Featured,2,description,https://www.kaggle.com/c/tensorflow2-question-answering/discussion/127333,www.kaggle.com,,0
tensorflow2-question-answering,0,,2020,Featured,3,description,https://www.kaggle.com/c/tensorflow2-question-answering/discussion/127339,www.kaggle.com,,0
tensorflow2-question-answering,0,,2020,Featured,4,description,https://www.kaggle.com/c/tensorflow2-question-answering/discussion/127371,www.kaggle.com,,0
tensorflow2-question-answering,0,,2020,Featured,6,code,https://www.kaggle.com/c/tensorflow2-question-answering/discussion/127521,www.kaggle.com,,0
tensorflow2-question-answering,0,,2020,Featured,7,code,https://www.kaggle.com/c/tensorflow2-question-answering/discussion/127259,www.kaggle.com,,0
tensorflow2-question-answering,0,,2020,Featured,8,description,https://www.kaggle.com/c/tensorflow2-question-answering/discussion/127545,www.kaggle.com,,0
tensorflow2-question-answering,0,,2020,Featured,9,code,https://www.kaggle.com/c/tensorflow2-question-answering/discussion/128278,www.kaggle.com,,0
tensorflow2-question-answering,0,,2020,Featured,13,description,https://www.kaggle.com/c/tensorflow2-question-answering/discussion/127350,www.kaggle.com,,0
tensorflow2-question-answering,0,,2020,Featured,17,description,https://www.kaggle.com/c/tensorflow2-question-answering/discussion/127241,www.kaggle.com,,0
tensorflow2-question-answering,0,,2020,Featured,21,code,https://www.kaggle.com/c/tensorflow2-question-answering/discussion/128140,www.kaggle.com,,0
tensorflow2-question-answering,0,,2020,Featured,23,description,https://www.kaggle.com/c/tensorflow2-question-answering/discussion/127374,www.kaggle.com,,0
tensorflow2-question-answering,0,,2020,Featured,27,code,https://www.kaggle.com/c/tensorflow2-question-answering/discussion/127299,www.kaggle.com,,0
tensorflow2-question-answering,0,,2020,Featured,30,description,https://www.kaggle.com/c/tensorflow2-question-answering/discussion/128188,www.kaggle.com,,0
tensorflow2-question-answering,0,,2020,Featured,31,description,https://www.kaggle.com/c/tensorflow2-question-answering/discussion/127232,www.kaggle.com,,0
tensorflow2-question-answering,0,,2020,Featured,44,description,https://www.kaggle.com/c/tensorflow2-question-answering/discussion/127258,www.kaggle.com,,0
tensorflow2-question-answering,0,,2020,Featured,47,code,https://www.kaggle.com/c/tensorflow2-question-answering/discussion/127266,www.kaggle.com,,0
tensorflow2-question-answering,0,,2020,Featured,all solutions,kernel,https://www.kaggle.com/c/tensorflow2-question-answering/discussion/128832,www.kaggle.com,,0
text-normalization-challenge-english-language,0,,2017,Research,4,description,https://www.kaggle.com/c/text-normalization-challenge-english-language/discussion/43963,www.kaggle.com,,0
text-normalization-challenge-english-language,0,,2017,Research,21,description,https://www.kaggle.com/c/text-normalization-challenge-english-language/discussion/43901,www.kaggle.com,,0
text-normalization-challenge-russian-language,0,,2017,Research,2,description,https://www.kaggle.com/c/text-normalization-challenge-russian-language/discussion/43917,www.kaggle.com,,0
text-normalization-challenge-russian-language,0,,2017,Research,3,code,https://github.com/ppleskov/Text-Normalization-Challenge-Russian-Language,github.com,,0
text-normalization-challenge-russian-language,0,,2017,Research,6,code,https://www.kaggle.com/c/text-normalization-challenge-russian-language/discussion/43926,www.kaggle.com,,0
tgs-salt-identification-challenge,0,,2018,Featured,1,description,https://www.kaggle.com/c/tgs-salt-identification-challenge/discussion/69291,www.kaggle.com,,0
tgs-salt-identification-challenge,0,,2018,Featured,4,code,https://github.com/SeuTao/Kaggle_TGS2018_4th_solution,github.com,,0
tgs-salt-identification-challenge,0,,2018,Featured,8,description,https://www.kaggle.com/c/tgs-salt-identification-challenge/discussion/69220,www.kaggle.com,,0
tgs-salt-identification-challenge,0,,2018,Featured,9,code,https://www.kaggle.com/c/tgs-salt-identification-challenge/discussion/69053,www.kaggle.com,,0
tgs-salt-identification-challenge,0,,2018,Featured,11,description,https://www.kaggle.com/c/tgs-salt-identification-challenge/discussion/69093,www.kaggle.com,,0
tgs-salt-identification-challenge,0,,2018,Featured,14,code,https://github.com/lRomul/argus-tgs-salt,github.com,,0
tgs-salt-identification-challenge,0,,2018,Featured,21,code,https://www.kaggle.com/c/tgs-salt-identification-challenge/discussion/69101,www.kaggle.com,,0
tgs-salt-identification-challenge,0,,2018,Featured,26,description,https://www.kaggle.com/c/tgs-salt-identification-challenge/discussion/69292,www.kaggle.com,,0
tgs-salt-identification-challenge,0,,2018,Featured,28,description,https://www.kaggle.com/c/tgs-salt-identification-challenge/discussion/69274,www.kaggle.com,,0
tgs-salt-identification-challenge,0,,2018,Featured,30,description,https://www.kaggle.com/c/tgs-salt-identification-challenge/discussion/69067,www.kaggle.com,,0
tgs-salt-identification-challenge,0,,2018,Featured,32,code,https://www.kaggle.com/c/tgs-salt-identification-challenge/discussion/69160,www.kaggle.com,,0
tgs-salt-identification-challenge,0,,2018,Featured,33,code,https://www.kaggle.com/c/tgs-salt-identification-challenge/discussion/69593,www.kaggle.com,,0
tgs-salt-identification-challenge,0,,2018,Featured,?,code,https://github.com/neptune-ml/open-solution-salt-identification,github.com,,0
the-allen-ai-science-challenge,0,,2016,Featured,1,code,https://github.com/Cardal/Kaggle_AllenAIscience,github.com,,0
the-allen-ai-science-challenge,0,,2016,Featured,3,description,http://blog.kaggle.com/2016/04/09/the-allen-ai-science-challenge-winners-interview-3rd-place-alejandro-mosquera/,blog.kaggle.com,legacy_blog,0
the-allen-ai-science-challenge,0,,2016,Featured,4,code,https://github.com/tambetm/allenAI,github.com,,0
the-allen-ai-science-challenge,0,,2016,Featured,8,code,https://github.com/5vision/kaggle_allen,github.com,,0
the-analytics-edge-mit-15-071x,0,,2014,Playground,1,description,https://www.kaggle.com/c/allstate-purchase-prediction-challenge/discussion/8218,www.kaggle.com,,0
the-icml-2013-whale-challenge-right-whale-redux,0,,2013,Research,2,description,https://www.kaggle.com/c/the-icml-2013-whale-challenge-right-whale-redux/discussion/4865,www.kaggle.com,,0
the-icml-2013-whale-challenge-right-whale-redux,0,,2013,Research,17,description,https://www.kaggle.com/c/the-icml-2013-whale-challenge-right-whale-redux/discussion/4871,www.kaggle.com,,0
the-nature-conservancy-fisheries-monitoring,0,,2017,Featured,1,description,https://www.kaggle.com/c/the-nature-conservancy-fisheries-monitoring/discussion/31538#175210,www.kaggle.com,,0
the-nature-conservancy-fisheries-monitoring,0,,2017,Featured,?,code,https://github.com/tchaton/The-Nature-Conservancy-Fisheries-Monitoring-Challenge,github.com,,0
the-seeclickfix-311-challenge,0,,2013,Featured,25,description,https://www.kaggle.com/c/the-seeclickfix-311-challenge/discussion/5911,www.kaggle.com,,0
the-winton-stock-market-challenge,0,,2016,Featured,2,description,https://www.kaggle.com/c/the-winton-stock-market-challenge/discussion/18584#116236,www.kaggle.com,,0
the-winton-stock-market-challenge,0,,2016,Featured,3,description,http://blog.kaggle.com/2016/02/12/winton-stock-market-challenge-winners-interview-3rd-place-mendrika-ramarlina/,blog.kaggle.com,legacy_blog,0
tourism1,0,,2010,Featured,1,description,http://blog.kaggle.com/2010/09/27/how-i-did-it-lee-baker-on-winning-tourism-forecasting-part-one/,blog.kaggle.com,legacy_blog,0
tourism2,0,,2010,Featured,1,description,http://blog.kaggle.com/2010/11/24/how-we-did-it-jeremy-howard-on-winning-the-tourism-forecasting-competitoin/,blog.kaggle.com,legacy_blog,0
tourism2,0,,2010,Featured,2,description,http://blog.kaggle.com/2011/03/22/phil-brierley-on-winning-tourism-forecasting-part-two/,blog.kaggle.com,legacy_blog,0
trackml-particle-identification,0,,2018,Featured,1,code,https://www.kaggle.com/c/trackml-particle-identification/discussion/63249,www.kaggle.com,,0
trackml-particle-identification,0,,2018,Featured,2,description,https://www.kaggle.com/c/trackml-particle-identification/discussion/63256,www.kaggle.com,,0
trackml-particle-identification,0,,2018,Featured,3,code,https://www.kaggle.com/c/trackml-particle-identification/discussion/63330,www.kaggle.com,,0
trackml-particle-identification,0,,2018,Featured,5,code,https://github.com/edwinst/trackml_solution,github.com,,0
trackml-particle-identification,0,,2018,Featured,7,description,https://www.kaggle.com/c/trackml-particle-identification/discussion/63313,www.kaggle.com,,0
trackml-particle-identification,0,,2018,Featured,9,description,https://www.kaggle.com/c/trackml-particle-identification/discussion/63250,www.kaggle.com,,0
trackml-particle-identification,0,,2018,Featured,11,code,https://www.kaggle.com/c/trackml-particle-identification/discussion/63303,www.kaggle.com,,0
trackml-particle-identification,0,,2018,Featured,12,code,https://github.com/nicolefinnie/kaggle-trackml,github.com,,0
trackml-particle-identification,0,,2018,Featured,13,code,https://github.com/ReiMatsuzaki/trackml_final,github.com,,0
trackml-particle-identification,0,,2018,Featured,16,code,https://github.com/robert604/Trackml,github.com,,0
tradeshift-text-classification,0,,2014,Featured,1,code,https://github.com/daxiongshu/tradeshift-text-classification,github.com,,0
transfer-learning-on-stack-exchange-tags,0,,2017,Playground,4,code,https://github.com/viig99/stackexchange-transfer-learning,github.com,,0
traveling-santa-2018-prime-paths,0,,2019,Featured,2,description,https://www.kaggle.com/c/traveling-santa-2018-prime-paths/discussion/77250,www.kaggle.com,,0
traveling-santa-2018-prime-paths,0,,2019,Featured,3,description,https://www.kaggle.com/c/traveling-santa-2018-prime-paths/discussion/77324,www.kaggle.com,,0
traveling-santa-2018-prime-paths,0,,2019,Featured,5,description,https://www.kaggle.com/c/traveling-santa-2018-prime-paths/discussion/77547,www.kaggle.com,,0
traveling-santa-2018-prime-paths,0,,2019,Featured,8,code,https://www.kaggle.com/c/traveling-santa-2018-prime-paths/discussion/77257,www.kaggle.com,,0
traveling-santa-problem,0,,2013,Featured,2,description,https://www.kaggle.com/c/traveling-santa-problem/discussion/3652,www.kaggle.com,,0
traveling-santa-problem,0,,2013,Featured,3,description,https://www.kaggle.com/c/traveling-santa-problem/discussion/3763,www.kaggle.com,,0
traveling-santa-problem,0,,2013,Featured,5,description,https://www.kaggle.com/c/traveling-santa-problem/discussion/3646,www.kaggle.com,,0
trends-assessment-prediction,0,,2020,Research,1,description,https://www.kaggle.com/c/trends-assessment-prediction/discussion/163017,www.kaggle.com,,0
trends-assessment-prediction,0,,2020,Research,2,description,https://www.kaggle.com/c/trends-assessment-prediction/discussion/162765,www.kaggle.com,,0
trends-assessment-prediction,0,,2020,Research,3,description,https://www.kaggle.com/c/trends-assessment-prediction/discussion/162934,www.kaggle.com,,0
trends-assessment-prediction,0,,2020,Research,4,description,https://www.kaggle.com/c/trends-assessment-prediction/discussion/162836,www.kaggle.com,,0
trends-assessment-prediction,0,,2020,Research,5,description,https://www.kaggle.com/c/trends-assessment-prediction/discussion/162742,www.kaggle.com,,0
trends-assessment-prediction,0,,2020,Research,6,description,https://www.kaggle.com/c/trends-assessment-prediction/discussion/162828,www.kaggle.com,,0
trends-assessment-prediction,0,,2020,Research,7,description,https://www.kaggle.com/c/trends-assessment-prediction/discussion/162787,www.kaggle.com,,0
trends-assessment-prediction,0,,2020,Research,8,description,https://www.kaggle.com/c/trends-assessment-prediction/discussion/162799,www.kaggle.com,,0
trends-assessment-prediction,0,,2020,Research,9,description,https://www.kaggle.com/c/trends-assessment-prediction/discussion/162939,www.kaggle.com,,0
trends-assessment-prediction,0,,2020,Research,10,description,https://www.kaggle.com/c/trends-assessment-prediction/discussion/163212,www.kaggle.com,,0
trends-assessment-prediction,0,,2020,Research,11,description,https://www.kaggle.com/c/trends-assessment-prediction/discussion/164915,www.kaggle.com,,0
trends-assessment-prediction,0,,2020,Research,12,description,https://www.kaggle.com/c/trends-assessment-prediction/discussion/163000,www.kaggle.com,,0
trends-assessment-prediction,0,,2020,Research,15,description,https://www.kaggle.com/c/trends-assessment-prediction/discussion/162749,www.kaggle.com,,0
trends-assessment-prediction,0,,2020,Research,15,description,https://www.kaggle.com/c/trends-assessment-prediction/discussion/162903,www.kaggle.com,,0
trends-assessment-prediction,0,,2020,Research,16,description,https://www.kaggle.com/c/trends-assessment-prediction/discussion/163277,www.kaggle.com,,0
trends-assessment-prediction,0,,2020,Research,20,description,https://www.kaggle.com/c/trends-assessment-prediction/discussion/163557,www.kaggle.com,,0
trends-assessment-prediction,0,,2020,Research,24,description,https://www.kaggle.com/c/trends-assessment-prediction/discussion/162844,www.kaggle.com,,0
trends-assessment-prediction,0,,2020,Research,30,description,https://www.kaggle.com/c/trends-assessment-prediction/discussion/163744,www.kaggle.com,,0
trends-assessment-prediction,0,,2020,Research,35,description,https://www.kaggle.com/c/trends-assessment-prediction/discussion/162785,www.kaggle.com,,0
trends-assessment-prediction,0,,2020,Research,36,description,https://www.kaggle.com/c/trends-assessment-prediction/discussion/162738,www.kaggle.com,,0
trends-assessment-prediction,0,,2020,Research,36,code,https://www.kaggle.com/rohitsingh9990/36th-place-trends-ensemble,www.kaggle.com,,0
trends-assessment-prediction,0,,2020,Research,47,description,https://www.kaggle.com/c/trends-assessment-prediction/discussion/162758,www.kaggle.com,,0
trends-assessment-prediction,0,,2020,Research,54,description,https://www.kaggle.com/c/trends-assessment-prediction/discussion/162845,www.kaggle.com,,0
trends-assessment-prediction,0,,2020,Research,all solutions,kernel,https://www.kaggle.com/c/trends-assessment-prediction/discussion/162796,www.kaggle.com,,0
tweet-sentiment-extraction,0,,2020,Featured,1,description,https://www.kaggle.com/c/tweet-sentiment-extraction/discussion/159477,www.kaggle.com,,0
tweet-sentiment-extraction,0,,2020,Featured,1,description,https://www.kaggle.com/c/tweet-sentiment-extraction/discussion/159264,www.kaggle.com,,0
tweet-sentiment-extraction,0,,2020,Featured,1,description,https://www.kaggle.com/c/tweet-sentiment-extraction/discussion/159254,www.kaggle.com,,0
tweet-sentiment-extraction,0,,2020,Featured,2,description,https://www.kaggle.com/c/tweet-sentiment-extraction/discussion/159310,www.kaggle.com,,0
tweet-sentiment-extraction,0,,2020,Featured,3,description,https://www.kaggle.com/c/tweet-sentiment-extraction/discussion/159910,www.kaggle.com,,0
tweet-sentiment-extraction,0,,2020,Featured,4,description,https://www.kaggle.com/c/tweet-sentiment-extraction/discussion/159499,www.kaggle.com,,0
tweet-sentiment-extraction,0,,2020,Featured,5,description,https://www.kaggle.com/c/tweet-sentiment-extraction/discussion/159268,www.kaggle.com,,0
tweet-sentiment-extraction,0,,2020,Featured,7,description,https://www.kaggle.com/c/tweet-sentiment-extraction/discussion/159245,www.kaggle.com,,0
tweet-sentiment-extraction,0,,2020,Featured,8,description,https://www.kaggle.com/c/tweet-sentiment-extraction/discussion/159384,www.kaggle.com,,0
tweet-sentiment-extraction,0,,2020,Featured,10,description,https://www.kaggle.com/c/tweet-sentiment-extraction/discussion/159244,www.kaggle.com,,0
tweet-sentiment-extraction,0,,2020,Featured,11,description,https://www.kaggle.com/c/tweet-sentiment-extraction/discussion/159440,www.kaggle.com,,0
tweet-sentiment-extraction,0,,2020,Featured,12,description,https://www.kaggle.com/c/tweet-sentiment-extraction/discussion/159817,www.kaggle.com,,0
tweet-sentiment-extraction,0,,2020,Featured,13,description,https://www.kaggle.com/c/tweet-sentiment-extraction/discussion/159505,www.kaggle.com,,0
tweet-sentiment-extraction,0,,2020,Featured,14,description,https://www.kaggle.com/c/tweet-sentiment-extraction/discussion/159918,www.kaggle.com,,0
tweet-sentiment-extraction,0,,2020,Featured,15,code,https://www.kaggle.com/c/tweet-sentiment-extraction/discussion/159246,www.kaggle.com,,0
tweet-sentiment-extraction,0,,2020,Featured,18,description,https://www.kaggle.com/c/tweet-sentiment-extraction/discussion/159347,www.kaggle.com,,0
tweet-sentiment-extraction,0,,2020,Featured,21,description,https://www.kaggle.com/c/tweet-sentiment-extraction/discussion/159296,www.kaggle.com,,0
tweet-sentiment-extraction,0,,2020,Featured,22,description,https://www.kaggle.com/c/tweet-sentiment-extraction/discussion/159295,www.kaggle.com,,0
tweet-sentiment-extraction,0,,2020,Featured,42,description,https://www.kaggle.com/c/tweet-sentiment-extraction/discussion/159455,www.kaggle.com,,0
tweet-sentiment-extraction,0,,2020,Featured,48,description,https://www.kaggle.com/c/tweet-sentiment-extraction/discussion/159276,www.kaggle.com,,0
twitter-personality-prediction,0,,2012,Research,1,description,https://www.kaggle.com/c/twitter-personality-prediction/discussion/2195,www.kaggle.com,,0
two-sigma-connect-rental-listing-inquiries,0,,2017,Recruitment,1,code,https://github.com/plantsgo/Rental-Listing-Inquiries,github.com,,0
two-sigma-connect-rental-listing-inquiries,0,,2017,Recruitment,2,description,https://www.kaggle.com/c/two-sigma-connect-rental-listing-inquiries/discussion/32148,www.kaggle.com,,0
two-sigma-connect-rental-listing-inquiries,0,,2017,Recruitment,3,description,https://www.kaggle.com/c/two-sigma-connect-rental-listing-inquiries/discussion/32123,www.kaggle.com,,0
two-sigma-connect-rental-listing-inquiries,0,,2017,Recruitment,9,description,https://www.kaggle.com/c/two-sigma-connect-rental-listing-inquiries/discussion/32146,www.kaggle.com,,0
two-sigma-connect-rental-listing-inquiries,0,,2017,Recruitment,11,description,https://www.kaggle.com/c/two-sigma-connect-rental-listing-inquiries/discussion/32116,www.kaggle.com,,0
two-sigma-connect-rental-listing-inquiries,0,,2017,Recruitment,12,description,https://www.kaggle.com/c/two-sigma-connect-rental-listing-inquiries/discussion/32118,www.kaggle.com,,0
two-sigma-connect-rental-listing-inquiries,0,,2017,Recruitment,13,description,https://www.kaggle.com/c/two-sigma-connect-rental-listing-inquiries/discussion/32156,www.kaggle.com,,0
two-sigma-connect-rental-listing-inquiries,0,,2017,Recruitment,32,description,https://www.kaggle.com/c/two-sigma-connect-rental-listing-inquiries/discussion/32364,www.kaggle.com,,0
two-sigma-connect-rental-listing-inquiries,0,,2017,Recruitment,47,code,https://www.kaggle.com/c/two-sigma-connect-rental-listing-inquiries/discussion/32104,www.kaggle.com,,0
two-sigma-financial-modeling,0,,2017,Featured,7,description,https://www.kaggle.com/c/two-sigma-financial-modeling/discussion/29793,www.kaggle.com,,0
two-sigma-financial-modeling,0,,2017,Featured,10,description,https://www.kaggle.com/phegde/team-pradeep-arthur-private-lb-10-solution/comments,www.kaggle.com,,0
two-sigma-financial-modeling,0,,2017,Featured,12,description,https://www.kaggle.com/c/two-sigma-financial-modeling/discussion/29518,www.kaggle.com,,0
ultrasound-nerve-segmentation,0,,2016,Featured,25,code,https://github.com/julienr/kaggle_uns,github.com,,0
ultrasound-nerve-segmentation,0,,2016,Featured,57,code,https://github.com/Simoncarbo/Ultras-Sound-Nerve-Segmentation---Kaggle,github.com,,0
ultrasound-nerve-segmentation,0,,2016,Featured,?,code,https://github.com/jocicmarko/ultrasound-nerve-segmentation,github.com,,0
ultrasound-nerve-segmentation,0,,2016,Featured,?,code,https://github.com/EdwardTyantov/ultrasound-nerve-segmentation,github.com,,0
ultrasound-nerve-segmentation,0,,2016,Featured,?,code,https://github.com/qureai/ultrasound-nerve-segmentation-using-torchnet,github.com,,0
understanding_cloud_organization,0,,2019,Research,1,code,https://www.kaggle.com/c/understanding_cloud_organization/discussion/118080,www.kaggle.com,,0
understanding_cloud_organization,0,,2019,Research,2,description,https://www.kaggle.com/c/understanding_cloud_organization/discussion/118255,www.kaggle.com,,0
understanding_cloud_organization,0,,2019,Research,3,code,https://www.kaggle.com/c/understanding_cloud_organization/discussion/117949,www.kaggle.com,,0
understanding_cloud_organization,0,,2019,Research,4,description,https://www.kaggle.com/c/understanding_cloud_organization/discussion/118016,www.kaggle.com,,0
understanding_cloud_organization,0,,2019,Research,5,description,https://www.kaggle.com/c/understanding_cloud_organization/discussion/117987,www.kaggle.com,,0
understanding_cloud_organization,0,,2019,Research,6,description,https://www.kaggle.com/c/understanding_cloud_organization/discussion/118017,www.kaggle.com,,0
understanding_cloud_organization,0,,2019,Research,7,description,https://www.kaggle.com/c/understanding_cloud_organization/discussion/117974,www.kaggle.com,,0
understanding_cloud_organization,0,,2019,Research,10,description,https://www.kaggle.com/c/understanding_cloud_organization/discussion/118262,www.kaggle.com,,0
understanding_cloud_organization,0,,2019,Research,13,description,https://www.kaggle.com/c/understanding_cloud_organization/discussion/118072,www.kaggle.com,,0
understanding_cloud_organization,0,,2019,Research,16,description,https://www.kaggle.com/c/understanding_cloud_organization/discussion/118065,www.kaggle.com,,0
understanding_cloud_organization,0,,2019,Research,19,code,https://www.kaggle.com/c/understanding_cloud_organization/discussion/117975,www.kaggle.com,,0
understanding_cloud_organization,0,,2019,Research,22,description,https://www.kaggle.com/c/understanding_cloud_organization/discussion/118184,www.kaggle.com,,0
understanding_cloud_organization,0,,2019,Research,34,code,https://www.kaggle.com/c/understanding_cloud_organization/discussion/118250,www.kaggle.com,,0
understanding_cloud_organization,0,,2019,Research,48,description,https://www.kaggle.com/c/understanding_cloud_organization/discussion/118086,www.kaggle.com,,0
understanding_cloud_organization,0,,2019,Research,55,description,https://www.kaggle.com/c/understanding_cloud_organization/discussion/118019,www.kaggle.com,,0
understanding_cloud_organization,0,,2019,Research,all solutions,kernel,https://www.kaggle.com/c/understanding_cloud_organization/discussion/117983,www.kaggle.com,,0
unimelb,0,,2011,Featured,1,description,http://blog.kaggle.com/2011/02/21/jeremy-howard-on-winning-the-predict-grant-applications-competition/,blog.kaggle.com,legacy_blog,0
unimelb,0,,2011,Featured,2,description,http://blog.kaggle.com/2011/02/21/quan-sun-on-finishing-in-second-place-in-predict-grant-applications/,blog.kaggle.com,legacy_blog,0
vinbigdata-chest-xray-abnormalities-detection,0,,2021,Featured,1,description,https://www.kaggle.com/c/vinbigdata-chest-xray-abnormalities-detection/discussion/229724,www.kaggle.com,,0
vinbigdata-chest-xray-abnormalities-detection,0,,2021,Featured,1,description,https://www.kaggle.com/c/vinbigdata-chest-xray-abnormalities-detection/discussion/231511,www.kaggle.com,,0
vinbigdata-chest-xray-abnormalities-detection,0,,2021,Featured,1,code,https://www.kaggle.com/c/vinbigdata-chest-xray-abnormalities-detection/discussion/232393,www.kaggle.com,,0
vinbigdata-chest-xray-abnormalities-detection,0,,2021,Featured,2,code,https://www.kaggle.com/c/vinbigdata-chest-xray-abnormalities-detection/discussion/229696,www.kaggle.com,,0
vinbigdata-chest-xray-abnormalities-detection,0,,2021,Featured,2,description,https://www.kaggle.com/c/vinbigdata-chest-xray-abnormalities-detection/discussion/229740,www.kaggle.com,,0
vinbigdata-chest-xray-abnormalities-detection,0,,2021,Featured,3,code,https://www.kaggle.com/c/vinbigdata-chest-xray-abnormalities-detection/discussion/229769,www.kaggle.com,,0
vinbigdata-chest-xray-abnormalities-detection,0,,2021,Featured,3,description,https://www.kaggle.com/c/vinbigdata-chest-xray-abnormalities-detection/discussion/229636,www.kaggle.com,,0
vinbigdata-chest-xray-abnormalities-detection,0,,2021,Featured,4,description,https://www.kaggle.com/c/vinbigdata-chest-xray-abnormalities-detection/discussion/229786,www.kaggle.com,,0
vinbigdata-chest-xray-abnormalities-detection,0,,2021,Featured,5,description,https://www.kaggle.com/c/vinbigdata-chest-xray-abnormalities-detection/discussion/229711,www.kaggle.com,,0
vinbigdata-chest-xray-abnormalities-detection,0,,2021,Featured,6,description,https://www.kaggle.com/c/vinbigdata-chest-xray-abnormalities-detection/discussion/229770,www.kaggle.com,,0
vinbigdata-chest-xray-abnormalities-detection,0,,2021,Featured,7,description,https://www.kaggle.com/c/vinbigdata-chest-xray-abnormalities-detection/discussion/229637,www.kaggle.com,,0
vinbigdata-chest-xray-abnormalities-detection,0,,2021,Featured,8,description,https://www.kaggle.com/c/vinbigdata-chest-xray-abnormalities-detection/discussion/229618,www.kaggle.com,,0
vinbigdata-chest-xray-abnormalities-detection,0,,2021,Featured,10,code,https://www.kaggle.com/c/vinbigdata-chest-xray-abnormalities-detection/discussion/229629,www.kaggle.com,,0
vinbigdata-chest-xray-abnormalities-detection,0,,2021,Featured,11,description,https://www.kaggle.com/c/vinbigdata-chest-xray-abnormalities-detection/discussion/229615,www.kaggle.com,,0
vinbigdata-chest-xray-abnormalities-detection,0,,2021,Featured,12,description,https://www.kaggle.com/c/vinbigdata-chest-xray-abnormalities-detection/discussion/229638,www.kaggle.com,,0
vinbigdata-chest-xray-abnormalities-detection,0,,2021,Featured,21,description,https://www.kaggle.com/c/vinbigdata-chest-xray-abnormalities-detection/discussion/229626,www.kaggle.com,,0
vinbigdata-chest-xray-abnormalities-detection,0,,2021,Featured,33,description,https://www.kaggle.com/c/vinbigdata-chest-xray-abnormalities-detection/discussion/229649,www.kaggle.com,,0
vsb-power-line-fault-detection,0,,2019,Featured,2,code,https://www.kaggle.com/c/vsb-power-line-fault-detection/discussion/86616#latest-501584,www.kaggle.com,,0
vsb-power-line-fault-detection,0,,2019,Featured,6,description,https://www.kaggle.com/c/vsb-power-line-fault-detection/discussion/85170#latest-500367,www.kaggle.com,,0
vsb-power-line-fault-detection,0,,2019,Featured,9,description,https://www.kaggle.com/c/vsb-power-line-fault-detection/discussion/85258#latest-499162,www.kaggle.com,,0
vsb-power-line-fault-detection,0,,2019,Featured,26,description,https://www.kaggle.com/c/vsb-power-line-fault-detection/discussion/85301#latest-497049,www.kaggle.com,,0
vsb-power-line-fault-detection,0,,2019,Featured,38,description,https://www.kaggle.com/c/vsb-power-line-fault-detection/discussion/85186#latest-497311,www.kaggle.com,,0
vsb-power-line-fault-detection,0,,2019,Featured,44,description,https://www.kaggle.com/c/vsb-power-line-fault-detection/discussion/85163#latest-496462,www.kaggle.com,,0
walmart-recruiting-sales-in-stormy-weather,0,,2015,Recruitment,1,code,https://www.kaggle.com/c/walmart-recruiting-sales-in-stormy-weather/discussion/14452,www.kaggle.com,,0
walmart-recruiting-sales-in-stormy-weather,0,,2015,Recruitment,3,description,https://www.kaggle.com/c/walmart-recruiting-sales-in-stormy-weather/discussion/14358#80198,www.kaggle.com,,0
walmart-recruiting-sales-in-stormy-weather,0,,2015,Recruitment,15,code,https://github.com/tks0123456789/kaggle-Walmart_Trip_Type,github.com,,0
walmart-recruiting-sales-in-stormy-weather,0,,2015,Recruitment,16,code,https://github.com/ChenglongChen/Kaggle_Walmart-Recruiting-Store-Sales-Forecasting,github.com,,0
walmart-recruiting-store-sales-forecasting,0,,2014,Recruitment,1,code,https://github.com/davidthaler/Walmart_competition_code,github.com,,0
walmart-recruiting-store-sales-forecasting,0,,2014,Recruitment,2,description,https://www.kaggle.com/c/walmart-recruiting-store-sales-forecasting/discussion/8023,www.kaggle.com,,0
walmart-recruiting-store-sales-forecasting,0,,2014,Recruitment,3,code,https://github.com/jfkingiii/walmart,github.com,,0
walmart-recruiting-store-sales-forecasting,0,,2014,Recruitment,16,code,https://github.com/ChenglongChen/Kaggle_Walmart-Recruiting-Store-Sales-Forecasting,github.com,,0
walmart-recruiting-store-sales-forecasting,0,,2014,Recruitment,29,code,https://github.com/mikeskim/Walmart/blob/master/makeSubmission.R,github.com,,0
walmart-recruiting-trip-type-classification,0,,2015,Recruitment,11,code,https://github.com/abhishekkrthakur/walmart2015,github.com,,0
walmart-recruiting-trip-type-classification,0,,2015,Recruitment,13,code,https://github.com/brandenkmurray/kaggle/tree/master/walmart,github.com,,0
walmart-recruiting-trip-type-classification,0,,2015,Recruitment,15,code,https://github.com/tks0123456789/kaggle-Walmart_Trip_Type,github.com,,0
walmart-recruiting-trip-type-classification,0,,2015,Recruitment,16,code,https://github.com/ChenglongChen/Kaggle_Walmart-Recruiting-Store-Sales-Forecasting,github.com,,0
walmart-recruiting-trip-type-classification,0,,2015,Recruitment,23,code,https://github.com/SudalaiRajkumar/Kaggle/tree/master/Walmart_TripType,github.com,,0
web-traffic-time-series-forecasting,0,,2017,Research,1,code,https://www.kaggle.com/c/web-traffic-time-series-forecasting/discussion/43795,www.kaggle.com,,0
web-traffic-time-series-forecasting,0,,2017,Research,2,code,https://www.kaggle.com/c/web-traffic-time-series-forecasting/discussion/39395,www.kaggle.com,,0
web-traffic-time-series-forecasting,0,,2017,Research,5,code,https://www.kaggle.com/c/web-traffic-time-series-forecasting/discussion/43603,www.kaggle.com,,0
web-traffic-time-series-forecasting,0,,2017,Research,6,code,https://github.com/sjvasquez/web-traffic-forecasting,github.com,,0
web-traffic-time-series-forecasting,0,,2017,Research,7,code,https://www.kaggle.com/c/web-traffic-time-series-forecasting/discussion/43621,www.kaggle.com,,0
web-traffic-time-series-forecasting,0,,2017,Research,8,code,https://www.kaggle.com/c/web-traffic-time-series-forecasting/discussion/43727,www.kaggle.com,,0
web-traffic-time-series-forecasting,0,,2017,Research,11,code,https://github.com/skyhuang1208/kaggle-web-traffic-time-series-forecasting,github.com,,0
web-traffic-time-series-forecasting,0,,2017,Research,16,code,https://www.kaggle.com/c/web-traffic-time-series-forecasting/discussion/39887,www.kaggle.com,,0
web-traffic-time-series-forecasting,0,,2017,Research,30,code,https://www.kaggle.com/c/web-traffic-time-series-forecasting/discussion/43569,www.kaggle.com,,0
whale-detection-challenge,0,,2013,Featured,1,code,https://github.com/nmkridler/moby,github.com,,0
whale-detection-challenge,0,,2013,Featured,7,code,https://github.com/glouppe/kaggle-marinexplore,github.com,,0
whale-detection-challenge,0,,2013,Featured,8,code,https://github.com/benanne/kaggle-whales,github.com,,0
whats-cooking,0,,2015,Playground,4,code,https://github.com/dmcgarry/kaggle_cooking,github.com,,0
whats-cooking,0,,2015,Playground,5,code,https://github.com/mtad/kaggle/tree/master/whats_cooking,github.com,,0
whats-cooking,0,,2015,Playground,8,code,https://github.com/SaquibAhmad/Kaggle/tree/master/whats-cooking,github.com,,0
whats-cooking,0,,2015,Playground,17,code,https://github.com/ogencoglu/WhatsCooking,github.com,,0
whats-cooking-kernels-only,0,,2018,Playground,2,code,https://www.kaggle.com/c/whats-cooking-kernels-only/discussion/66795,www.kaggle.com,,0
wikichallenge,0,,2011,Featured,2,description,http://blog.kaggle.com/2011/10/06/like-popping-bubble-wrap/,blog.kaggle.com,legacy_blog,0
wikichallenge,0,,2011,Featured,3,description,http://blog.kaggle.com/2011/10/26/long-live-wikipedia-dell-zhang/,blog.kaggle.com,legacy_blog,0
wikichallenge,0,,2011,Featured,3,description,http://blog.kaggle.com/2011/11/01/small-steps-gareth-campbell/,blog.kaggle.com,legacy_blog,0
wise-2014,0,,2014,Research,1,code,https://www.kaggle.com/c/wise-2014/discussion/9867,www.kaggle.com,,0
womens-machine-learning-competition-2018,0,,2018,Featured,1,description,https://www.kaggle.com/c/womens-machine-learning-competition-2018/discussion/53597,www.kaggle.com,,0
womens-machine-learning-competition-2019,0,,2019,Featured,1,description,https://www.kaggle.com/c/womens-machine-learning-competition-2019/discussion/88451#latest-514486,www.kaggle.com,,0
womens-machine-learning-competition-2019,0,,2019,Featured,2,description,https://www.kaggle.com/c/womens-machine-learning-competition-2019/discussion/88402#latest-512525,www.kaggle.com,,0
womens-machine-learning-competition-2019,0,,2019,Featured,3,code,https://www.kaggle.com/c/womens-machine-learning-competition-2019/discussion/90156#latest-520707,www.kaggle.com,,0
womens-machine-learning-competition-2019,0,,2019,Featured,4,code,https://www.kaggle.com/c/womens-machine-learning-competition-2019/discussion/88462#latest-512204,www.kaggle.com,,0
womens-machine-learning-competition-2019,0,,2019,Featured,15,description,https://www.kaggle.com/c/womens-machine-learning-competition-2019/discussion/88421#latest-524134,www.kaggle.com,,0
word2vec-nlp-tutorial,0,,2015,Getting Started,3,code,https://github.com/vinhkhuc/kaggle-sentiment-popcorn,github.com,,0
word2vec-nlp-tutorial,0,,2015,Getting Started,5,code,https://github.com/tjflexic/kaggle-word2vec-movie-reviews,github.com,,0
word2vec-nlp-tutorial,0,,2015,Getting Started,8,code,https://github.com/vsl9/Sentiment-Analysis-with-Convolutional-Networks,github.com,,0
yandex-personalized-web-search-challenge,0,,2014,Featured,21,description,https://www.kaggle.com/c/yandex-personalized-web-search-challenge/discussion/6811,www.kaggle.com,,0
yelp-recruiting,0,,2013,Recruitment,15,description,https://www.kaggle.com/c/yelp-recruiting/discussion/4980,www.kaggle.com,,0
yelp-recsys-2013,0,,2013,Research,3,code,https://github.com/theusual/kaggle-yelp-business-rating-prediction,github.com,,0
yelp-recsys-2013,0,,2013,Research,3,code,https://github.com/naokazumizuta/RecSys2013YelpBusinessRatingPrediction,github.com,,0
yelp-restaurant-photo-classification,0,,2016,Recruitment,1,code,https://github.com/u1234x1234/kaggle-yelp-restaurant-photo-classification,github.com,,0
yelp-restaurant-photo-classification,0,,2016,Recruitment,1,description,http://blog.kaggle.com/2016/04/28/yelp-restaurant-photo-classification-winners-interview-1st-place-dmitrii-tsybulevskii/,blog.kaggle.com,legacy_blog,0
yelp-restaurant-photo-classification,0,,2016,Recruitment,4,code,https://github.com/bzshang/yelp-photo-classification,github.com,,0
yelp-restaurant-photo-classification,0,,2016,Recruitment,7,code,https://github.com/bluelight773/Kaggle_Yelp_Photo_Top10_Solution,github.com,,0
yelp-restaurant-photo-classification,0,,2016,Recruitment,24,code,https://github.com/ncchen55414/Kaggle-Yelp,github.com,,0
youtube8m,0,,2017,Featured,1,code,https://www.kaggle.com/c/youtube8m/discussion/35063,www.kaggle.com,,0
youtube8m,0,,2017,Featured,2,code,https://github.com/wangheda/youtube-8m,github.com,,0
youtube8m,0,,2017,Featured,5,code,https://www.kaggle.com/c/youtube8m/discussion/34751,www.kaggle.com,,0
youtube8m,0,,2017,Featured,?,code,https://github.com/baidu/Youtube-8M,github.com,,0
youtube8m-2018,0,,2018,Featured,1,code,https://github.com/miha-skalic/youtube8mchallange,github.com,,0
youtube8m-2018,0,,2018,Featured,1,description,https://www.kaggle.com/c/youtube8m-2018/discussion/62781,www.kaggle.com,,0
youtube8m-2018,0,,2018,Featured,2,code,https://github.com/twoleggedeye/youtube8m,github.com,,0
youtube8m-2018,0,,2018,Featured,3,description,https://www.kaggle.com/c/youtube8m-2018/discussion/63223,www.kaggle.com,,0
youtube8m-2018,0,,2018,Featured,4,code,https://github.com/17Skye17/2nd-YouTube8M,github.com,,0
youtube8m-2018,0,,2018,Featured,9,code,https://github.com/wwoody827/kaggle-youtube-8m-2018-404-not-found-solution/tree/master/source/youtube-8m,github.com,,0
youtube8m-2019,0,,2019,Research,1,description,https://www.kaggle.com/c/youtube8m-2019/discussion/112869,www.kaggle.com,,0
youtube8m-2019,0,,2019,Research,2,description,https://www.kaggle.com/c/youtube8m-2019/discussion/113663,www.kaggle.com,,0
youtube8m-2019,0,,2019,Research,3,description,https://www.kaggle.com/c/youtube8m-2019/discussion/112929,www.kaggle.com,,0
youtube8m-2019,0,,2019,Research,5,description,https://www.kaggle.com/c/youtube8m-2019/discussion/112296,www.kaggle.com,,0
youtube8m-2019,0,,2019,Research,6,description,https://www.kaggle.com/c/youtube8m-2019/discussion/112403,www.kaggle.com,,0
youtube8m-2019,0,,2019,Research,7,description,https://www.kaggle.com/c/youtube8m-2019/discussion/112349,www.kaggle.com,,0
youtube8m-2019,0,,2019,Research,13,description,https://www.kaggle.com/c/youtube8m-2019/discussion/112298,www.kaggle.com,,0
youtube8m-2019,0,,2019,Research,21,description,https://www.kaggle.com/c/youtube8m-2019/discussion/112388,www.kaggle.com,,0
youtube8m-2019,0,,2019,Research,24,description,https://www.kaggle.com/c/youtube8m-2019/discussion/112320,www.kaggle.com,,0
zillow-prize-1,0,,2018,Featured,17,description,https://www.kaggle.com/c/zillow-prize-1/discussion/47434,www.kaggle.com,,0
zillow-prize-1,0,,2018,Featured,23,description,https://www.kaggle.com/c/zillow-prize-1/discussion/47283,www.kaggle.com,,0
